ax,ay,az,gx,gy,gz,speed,impact,duration,acc_mag,gyro_mag,peak_acc,peak_gyro,energy,label
-7.62727949388256,1.87508844830083,100.627974225207,-0.134729503980294,2.56548503069292,0.104908844100162,92.5889474557272,97.1737581122686,0.250794726517402,103.442117804145,253.242718238236,193.369838418795,346.606396300303,1541904.45235124,SMASH
-6.5296989213156,1.59968996157796,86.0487022916646,0.223015615271172,2.64718063108773,0.0736435914192263,79.1809354084087,94.0404281656586,0.291137174282417,88.4560391299959,252.722566266413,165.289827123497,347.050634970212,1127520.4064351,SMASH
-7.35651791620051,1.81496726074213,97.2013027582107,-0.0584413139979658,2.65940567189205,-0.0477170711749966,89.4386463552066,93.8404647200142,0.417962359297869,99.9227753413144,253.308936698793,186.743723551657,346.832750133527,1438887.49994036,SMASH
-6.09328312785166,1.50498556798639,80.3306860300361,0.0790764658845866,2.31188323942599,-0.036458939259318,73.9026860179504,83.836952781745,0.455729504879743,82.5788707125816,253.231647846187,154.350624523054,346.741293371121,982694.119342792,SMASH
-7.77899505729452,1.91808083294732,102.535350788374,0.136982584469922,2.73398800153578,-0.0610720179340924,94.3360875431475,75.9950237400122,0.442935968705685,105.404214241965,253.510609579947,197.024390585814,344.552823005705,1600967.89002109,SMASH
-6.53106523859621,1.61068828534423,86.0644709404889,0.0363448644500639,2.63977141081904,-0.0545846610968942,79.1767641743446,86.9498827928458,0.395847755818618,88.4713768415328,252.898854563997,165.315243168262,345.119269342492,1127838.47789675,SMASH
-7.78333973818525,1.91572267464609,102.662861420066,-0.175436714802646,2.51986782724555,-0.0662841539892418,94.4533899224041,83.9172757864888,0.428219287962213,105.534037390214,253.384758878527,197.142262495546,346.944617616876,1604846.14335411,SMASH
-5.49243737385163,1.35913582677106,72.3793520335488,0.192031199402992,2.66243947454018,0.0242881026123617,66.5948096990813,96.5031610706117,0.466582804819237,74.4031422811898,253.080091507094,139.028821198726,345.862351264557,797713.6683952,SMASH
-5.31414087484953,1.31274987860705,70.0690231103379,-0.152900090361467,2.36095932389669,-0.319086076478144,64.4647085101283,72.8747119741029,0.439133508928311,72.0297882462308,252.973597608832,134.613113542086,345.93791599407,747551.241662978,SMASH
-7.78991106549397,1.91900673062653,102.645525835607,-0.398982900269173,2.15823419659434,0.136801513648772,94.4428651943734,92.8533776276629,0.550335030658004,105.518206224822,252.996148571322,197.158047439995,345.091737721194,1604290.4865988,SMASH
-5.19078643499962,1.28054274182979,68.4718435420744,-0.0681479144633684,2.83252088753711,0.0856922257009684,63.0049506941325,99.0026762649919,0.44398798264953,70.387418250919,253.260414622249,131.524730624341,346.284686738824,713999.053706579,SMASH
-7.99345250787541,1.9625000567924,105.386442140399,-0.0330386572171217,2.43735104400655,-0.229698624840743,96.9641024421901,85.0749503898443,0.521295055914287,108.336902742099,253.025718465128,202.4647007207,345.312407643793,1691273.11879273,SMASH
-5.55542204890892,1.36815251568911,73.2429047545453,0.112654262815595,2.51016021637216,-0.0935906899067498,67.3854847172908,95.011100759497,0.26786600515175,75.2917065686123,252.904096128098,140.630928161605,346.095803503838,816859.323188324,SMASH
-7.04357662423646,1.73545133250352,92.9208350877907,-0.232141889717138,2.4452222371427,-0.0658969328342508,85.5026751177021,70.5681360243471,0.273736252461009,95.5208068315936,253.297275308215,178.445425420081,345.468626447173,1314895.63452214,SMASH
-6.41754512355157,1.5712493792149,84.5876439731046,0.00138489736453955,2.47369290380046,0.0361605977908268,77.8271929543263,70.5283484936177,0.472683311738603,86.9541307087107,252.761657681238,162.514944134615,345.77913851892,1089474.28854717,SMASH
-6.54396994891518,1.61678093794435,86.3116047672199,-0.00586665187552367,3.03323763272049,-0.139599782369442,79.4127823140445,83.1454561007072,0.274552823734858,88.7268762808229,253.239829850742,165.724977880736,344.76187776297,1134398.5824169,SMASH
-5.61280986228367,1.37890781327254,73.9502662885443,0.213757522192292,2.29777114942941,0.193501627693958,68.0418136679931,71.2858850846694,0.455665280584845,76.0176901339948,252.800619650738,142.014117561486,346.125229083709,832797.383905085,SMASH
-6.33873529065013,1.56729140805074,83.6703931788315,-0.196470364238767,2.37845243445549,-0.121718493473847,76.9744468621239,70.2705237483109,0.481522074941156,86.0111032769868,252.913441394383,160.828665034155,348.18139696998,1066024.08056882,SMASH
-8.06738924003207,1.98900300438077,106.303537849471,0.251495472520133,2.50472196139378,-0.0143991684750414,97.8076321709089,75.4114107907191,0.347963258415103,109.279987693383,253.258489167683,204.160697769844,344.721456133158,1720795.39181025,SMASH
-5.88834044917734,1.44280581232907,77.4257628995257,0.119095114930614,2.57891734905143,0.0277289366465745,71.2412110864367,86.6513451280121,0.447586752217082,79.5945503035111,253.243054639039,148.734266218573,346.444222828913,912894.44943093,SMASH
-5.55081002130882,1.36047595032361,73.1313099024179,0.137315727555237,2.60915537224674,-0.13966046074448,67.2839916232879,88.5891753077396,0.507970831291097,75.1786809237577,252.986941809211,140.472835246755,347.864122173324,814427.98645093,SMASH
-5.73260530061369,1.40427916394758,75.5607002791831,0.102295533341405,2.59897527733616,-0.207419160022235,69.5214259946346,92.7982933850201,0.584037776247433,77.6757925850815,252.794626546869,145.160922762094,346.599712422705,869419.78876096,SMASH
-7.07669582676157,1.73926180379377,93.3679196989659,0.315016253431663,2.2025084470984,0.108226979396506,85.9067872828157,71.652075995954,0.57542476592392,95.9797556311111,252.804316917213,179.432045333608,348.714193107487,1327549.30227836,SMASH
-7.94089020334682,1.95014490924508,104.677004015297,-0.0583370210629757,2.30266850138057,-0.0291078090112274,96.3124747048462,95.2669743295167,0.588586488395383,107.60765155752,253.016355263404,201.09668893993,344.840560220999,1668559.79020965,SMASH
-6.35894435557342,1.56551144466322,83.8883631273036,0.151461789997961,2.56115754477999,0.0482121647277688,77.1788975311816,93.391676278868,0.358666926359933,86.2366350492596,253.281299005787,161.08788151072,346.720209323708,1071588.01524397,SMASH
-6.3562342189965,1.56711258818534,83.8220919149529,0.0310738845326549,2.54909280188261,-0.0609177284153932,77.1208899650334,98.3525241899297,0.361811713699992,86.1669066979872,252.874900305346,161.00748188428,345.737991973222,1069809.12142715,SMASH
-7.01596550897649,1.72878791440168,92.4921384853351,-0.0899497453738173,2.48313824564777,-0.14209079020516,85.0939371862441,94.0000271899987,0.367107634442902,95.0799988846709,253.155013983782,177.652250833569,347.646925276205,1302644.22662171,SMASH
-7.17111063626754,1.76098389129534,94.5428331691298,0.139300948014052,2.56428106032021,0.46939701701824,86.9868115352855,92.4928832467515,0.32237034244984,97.1885535052959,252.96727511779,181.595238372414,346.151011525095,1361137.32905904,SMASH
-5.44104945651009,1.33119247569248,71.7207319530883,0.0918282731105883,2.71550592110067,0.297459926776133,65.9831810757916,82.3110387822663,0.41997907397596,73.7291629662417,253.343076890462,137.798158677188,346.592018475981,783160.044841772,SMASH
-7.95576197227433,1.96058728471982,104.771913110627,0.161625313034084,2.28324224930761,0.0242828202792487,96.3933695760078,87.1637403622181,0.369934338375177,107.703213140986,253.225229924237,201.197969791,345.655308374912,1671510.57254949,SMASH
-5.97590599223513,1.47417758817951,78.7633135533237,0.0155389976445572,2.24803311346847,0.400325160995532,72.4729550927492,90.1605588835638,0.52335659859109,80.9705511274372,253.339615584645,151.258539421024,346.488811338961,944631.269355098,SMASH
-5.32740010514235,1.31163557425152,70.1893734678145,0.00685443548081203,2.63552840389101,-0.106070113352494,64.5830813747413,86.48528208272,0.460297552550829,72.1534653783547,253.103826365325,134.752949898418,345.027755869485,750160.212886068,SMASH
-7.64148000777405,1.88289997064375,100.702124199169,-0.0834716222836997,2.38521520149417,-0.130123791076942,92.6469204685429,85.0318148789774,0.265488284658029,103.51957225083,253.182419222588,193.435661082799,347.270395937922,1544224.97889632,SMASH
-5.39127305028199,1.32280376489735,70.9489068508971,-0.283787372600626,2.45820818823219,0.030689303073582,65.2741995860953,91.1304218419485,0.353954193371709,72.9352902210442,252.88498569535,136.233102182519,347.314822637655,766506.485531215,SMASH
-6.54963763958133,1.61987651430948,86.3695661809673,0.0790529491463277,2.54601913044841,0.360027018636417,79.4643175993229,99.806735102981,0.355878330193292,88.7880877214685,252.952051414151,166.012840829139,346.471971081497,1135887.82773415,SMASH
-7.67763526104192,1.89251908355748,101.221230338704,0.116373155818175,2.27061147232857,0.107372809998924,93.1318455718904,76.5713257988494,0.300018574158886,104.056350113544,253.28431115798,194.501554070571,346.646977828335,1560279.51784618,SMASH
-7.82909641845967,1.92705008382744,103.205462250552,0.0924279638213112,2.60699658466795,-0.219130252476058,94.9534061796984,92.5025826990802,0.351956064157239,106.095420092512,252.881799967467,198.248689636973,346.219405563856,1621920.77736921,SMASH
-6.30834464852277,1.54741233619638,83.0333739839756,-0.0936016446207252,2.24621735483891,0.311675169807009,76.3975602170916,99.9396588081954,0.446547094927335,85.3581496375583,253.231993010748,159.513837467637,346.402810890363,1049732.67673347,SMASH
-7.68435171216158,1.89295526035624,101.251391472023,-0.313529848903784,2.22606515565656,0.0456523387738848,93.1582602883998,99.0402592313042,0.499828642596186,104.085235593725,252.984457151597,194.467029187245,345.872347862693,1561134.88156406,SMASH
-7.27373987582875,1.78677334751159,95.9081666896848,0.119852613283754,2.30184747962222,-0.0294660238223153,88.2356454467091,83.9633289521837,0.248196675544696,98.5922318266791,253.178038097044,184.214140408592,345.159359984417,1400669.63928891,SMASH
-7.80674281233,1.91940526581401,102.841097129848,-0.171523346704695,2.24212538148658,-0.348774136289099,94.6244074226264,93.2757212469309,0.336807657065885,105.720577258613,253.050889119898,197.518831695724,344.49647164176,1610602.91462955,SMASH
-6.4828718599496,1.6015499710118,85.5866744759216,-0.0473246442840685,2.45216483310953,-0.00715478748799111,78.7385380240333,78.8213274801756,0.303736205001758,87.9795286629476,253.25587947076,164.38122728434,347.303747228622,1115271.18467544,SMASH
-6.16293706881781,1.51921284553697,81.3351472095518,-0.429570218761999,2.36999660604113,0.0790388619524444,74.8326948113066,86.7543835119696,0.539756940388392,83.610421449174,253.111864433285,156.150025492008,344.713379827914,1007387.37867183,SMASH
-5.45031141441569,1.33633549938509,71.8521229301125,0.0643015048682572,2.58386638571204,-0.0995685219602795,66.1093643120369,79.3396286757775,0.413555974560634,73.8634244066823,252.794251003306,138.032104920988,348.383026074686,786088.372425347,SMASH
-6.70900993921615,1.65537728359378,88.4434359482552,0.0467357413502203,2.31072061404403,0.095057257206926,81.3730405303843,92.8593345534815,0.428328001237146,90.9192330050356,253.106459067505,169.935779242109,347.768823645968,1191109.70807475,SMASH
-5.09093928226111,1.25051083435928,67.1218146836107,0.205156343941813,2.50091217260615,-0.0377554412857953,61.7554768923904,89.6610954154478,0.212578182066963,68.9996304583064,253.057650953197,128.967029257044,344.550183838478,686051.44518302,SMASH
-7.70872040152686,1.88936259179216,101.554579793136,0.383223833857928,2.4270433249268,-0.225776539120828,93.4393305939027,80.1907980579538,0.210842254115439,104.397724432013,253.193084035634,195.073573873773,345.623127470088,1570496.70796845,SMASH
-7.93537248247429,1.95063957014817,104.539835910387,0.239590017996578,2.08413001089658,0.150434652302208,96.1780176202316,95.9900937274158,0.569013584964069,107.467205660432,253.04828540298,200.819078170686,348.733030276499,1663997.44319373,SMASH
-6.54884988995609,1.61140911399078,86.3013400233902,0.0502361845940423,2.62330917564979,-0.172386657098712,79.3914591892354,99.8449667600199,0.463586758439856,88.7157434216816,253.160162056385,165.790048484389,345.245406726805,1134081.43459398,SMASH
-6.3207005530146,1.56141905699026,83.4404002191263,0.0943151925616028,2.45565799845306,-0.031095583002124,76.765163342809,72.5706021102335,0.574183209176627,85.7735985210003,252.680069613404,160.217343846108,348.317559598028,1060162.43221656,SMASH
-5.22266771056404,1.28810989948971,68.8783465866888,0.127683008688719,2.35739126329617,0.273985212087925,63.3718892359997,98.3261325091709,0.248653162006077,70.8063906252697,253.064474434749,132.323438306143,348.473430880098,722418.615074768,SMASH
-7.9511242839464,1.95204384711697,104.800421429415,-0.166348181278951,2.50157173199115,-0.220195956411625,96.4092842537317,90.0544319388012,0.512627226384704,107.734106988704,252.958640135507,201.252855789212,349.413835650735,1672286.63859433,SMASH
-7.81582781908148,1.92667671431842,103.086818414422,0.0512024916004872,2.28782410045539,0.142219571859155,94.8489383669963,95.8652148142349,0.293956069413271,105.970887732956,252.969018264596,198.109386511295,345.619138775796,1618333.98133446,SMASH
-6.90608835899642,1.71197765282269,91.1860460562546,-0.441943442700043,2.57544803485802,0.139355917561272,83.9078017067891,99.2418051475156,0.5710122960227,93.7388900586637,253.157631430412,175.187606647474,349.110591739547,1266165.78045672,SMASH
-5.64195528135168,1.39666614302405,74.4689393503536,-0.133958712446024,2.33925963169428,-0.165156402691439,68.5165429304514,89.6082802239863,0.366179087198174,76.5528884595276,253.128603642991,143.106525336045,347.747082613222,844375.773228045,SMASH
-7.47169362101574,1.84332921752896,98.4974836701714,0.0695948945114513,2.69951154255899,0.163393186383438,90.6231734422282,72.7401375539021,0.362919610034845,101.251568898289,253.148789238651,189.090606501677,347.579489492444,1477258.71317618,SMASH
-7.80351033272641,1.91998052453903,102.850574336298,-0.131822884635055,2.7632759628414,-0.112533813237546,94.6285494438452,72.9352754795545,0.253525573151879,105.729600106899,253.246450012897,197.552848858334,344.172984248628,1610768.22458247,SMASH
-7.11452781847614,1.74616346878455,93.6566099743289,-0.445104473302208,2.47283827525832,0.0581638203861525,86.1668379276066,76.5088500489511,0.298025588716727,96.2767921153381,253.141859997492,179.903867585297,348.139407606227,1335619.49571694,SMASH
-5.44916675514242,1.35119471226796,71.8251432993531,-0.0617957813324677,2.87712105108869,-0.10078897192264,66.0874468751067,70.7495794058524,0.232877917105843,73.8342415674383,252.815013389786,137.90838478639,345.727748732556,785609.43484891,SMASH
-6.9711592662604,1.72202455855755,91.8791849815671,-0.0513649360157457,2.64433000301734,-0.00613081269550136,84.5345438006778,78.8615843091357,0.21887796719309,94.4519533416231,253.120071867824,176.495764260125,348.759824379672,1285525.81026223,SMASH
-8.18290595324676,2.02807565314972,107.97227740216,0.355295584599744,2.35005581458279,-0.0883393634456488,99.3406337810184,85.9544385860378,0.45521677639493,110.991717236831,253.18070312487,207.283438254936,346.371283799889,1775065.31895418,SMASH
-6.62050170598003,1.63157668957231,87.254518775125,-0.367118138699391,2.16469643151708,0.0634234943237469,80.2800646343714,97.3235224791375,0.307918911282857,89.6983753928614,252.923394714813,167.620649723166,346.731688920729,1159524.38926981,SMASH
-6.07156068447464,1.4924992981806,80.0574920274403,-0.0356430085736384,2.35929446521723,0.185950600321999,73.6517095000002,76.501329614189,0.242523261281191,82.2986469828312,252.821654804733,153.737853346529,346.591785820663,975907.709208108,SMASH
-6.95823094329566,1.71362073105151,91.6995371074624,-0.281506452425362,2.14166754194447,-0.112562535722964,84.367204898272,81.7968906934188,0.253197249067539,94.2670067241552,253.133989158914,176.115212728788,348.615068561607,1280378.8552479,SMASH
-5.56193252948029,1.37129779724858,73.3262394318042,-0.343461513315694,2.60174052623035,-0.0733823449143087,67.4697645269636,82.18113640715,0.348498031426412,75.3791262911573,252.656428871915,140.867122838123,345.712818089435,818770.310080663,SMASH
-5.09439201266742,1.25519282644818,67.1550687373799,0.141819381059138,2.69693097731952,-0.049879165717873,61.7884197174989,73.8292395369504,0.243522587588983,69.0349684206718,253.227137118394,129.019727452143,348.924285601585,686731.278173554,SMASH
-7.48194786636218,1.83851568238675,98.5186825410454,-0.0815428143503718,2.54633987762482,-0.0766190837302874,90.64964426511,89.0403758781331,0.415601197245207,101.277544632599,253.121029655041,189.224694724246,349.457463544987,1478088.26546189,SMASH
-6.96081582103608,1.70782038092647,91.7665881143474,0.165121981579187,2.68871217617092,-0.190231123854914,84.4365522000884,76.3596498445766,0.385201576438207,94.3374880004544,252.832339683616,176.25827958123,344.123339861446,1282303.6481704,SMASH
-6.38207451886595,1.57385044008485,84.1394287224757,-0.298796109943229,2.37016681255278,0.0491942469588494,77.4124913024866,91.1364031724588,0.460426547716142,86.494651004873,253.166313217913,161.618574194726,347.0535213406,1078034.94246986,SMASH
-6.80113496421158,1.68172820134909,89.7104842607845,0.277189879669976,2.49459036839732,-0.132268533421783,82.5382905567948,98.3654048942159,0.594102910949785,92.2199863307755,252.72655342917,172.185800170289,347.506851629663,1225476.0193237,SMASH
-6.2777948230064,1.5512021961126,82.7324776424926,-0.0743411215527737,2.49583052801506,-0.0562258714755355,76.1170656954671,92.2287392011293,0.516689785098958,85.0501107925003,252.860865719063,158.92360109615,344.123262917276,1042280.29405605,SMASH
-6.4282970156534,1.58163830158071,84.7377509185293,-0.286292929301868,2.2688019454486,-0.169155125581832,77.9613788642718,70.3544930660467,0.248930852998513,87.1097582735522,253.104890276748,162.745586156974,343.866635650375,1093387.57627431,SMASH
-5.51583836668481,1.35912551737216,72.6955527375436,-0.134364328221879,2.34870917602156,0.10853711596296,66.8896768860526,91.3277352903335,0.435367898247045,74.729560076617,252.927749258883,139.578887615149,348.110953604204,804730.330342864,SMASH
-4.94359824544011,1.21654177952446,65.2164234366444,0.181405276649838,2.66003661890978,0.216552907772691,60.0049225713543,84.1715886859461,0.389995043728917,67.0413962535691,253.121663940358,125.293787952529,346.557180534192,647653.407796451,SMASH
-5.29453870554954,1.29586578815152,69.6889136711594,-0.154027341710912,2.18900992950367,-0.121351233081271,64.120734124912,82.4938282101529,0.515911430109189,71.6396037278501,252.884106223,133.908597862452,347.464131642282,739543.478607121,SMASH
-7.37139975010559,1.81523432268486,97.2969479949142,0.115746607923084,2.5971579071668,-0.313406830744428,89.5090838061475,98.1426382689551,0.386457446636075,100.019996689428,253.033403949728,186.926346618395,347.363451689763,1441378.88707571,SMASH
-7.20272164386134,1.77515874927021,94.9885797494479,-0.0749849633444616,2.73941713371352,-0.216107221714572,87.3940262994513,98.5909248882014,0.368621190220931,97.6478967453274,253.236511192916,182.513420368004,350.399141623026,1373936.5069272,SMASH
-7.99345875890534,1.96337025094632,105.358449911045,-0.0182157431229503,2.19637915298987,0.0318195276504215,96.931152657615,82.1654133924277,0.235583009282403,108.308314429698,253.383287945763,202.357050024346,344.96779412584,1690273.90694194,SMASH
-5.7701114713076,1.42987964519483,76.0680640713824,0.467054437624455,2.53124805140518,-0.0924517659199186,69.9790471879872,84.6980622463339,0.34670996055314,78.1949848971507,252.985259159308,146.063559650999,349.462608040996,880995.901177027,SMASH
-5.08416756900718,1.24830974355061,66.9953097609591,0.0684573536050736,1.97729668610199,-0.42924322457775,61.6359851428827,75.5591122660757,0.262859829833408,68.8711937483554,253.296606659179,128.690937294001,346.692474279658,683442.669064877,SMASH
-6.50523922062361,1.59774960360566,85.8536512900423,-0.0595661158173112,2.8439930103837,-0.416329369388156,79.0007673440826,93.3670753650851,0.223253339294947,88.2560651857261,253.00943718681,164.931107999112,347.290526239428,1122460.6793852,SMASH
-7.97826687253023,1.96279833477198,105.141428251947,-0.0969379041258217,2.37914492468128,-0.091600319574796,96.7351898129822,90.0007221258028,0.385505356727715,108.083589770476,253.26480717875,201.867702685513,347.521027482501,1683344.62115736,SMASH
-5.24650246643862,1.28809073537497,69.1514524553633,0.054141656230518,2.24892758899465,-0.0408252633799827,63.6169086198964,96.1121692828436,0.410430457949877,71.0860206502823,252.810524619572,132.838979605656,347.967194956027,728105.539033439,SMASH
-6.72315086681371,1.64883368577867,88.5316695384602,-0.054644811561603,2.57814674823071,0.296186252729403,81.4523156030378,74.2611231661677,0.449380444056789,91.0091917194422,252.754881400572,170.069585322169,344.532510368016,1193461.76961214,SMASH
-7.88828425943902,1.93739017339169,103.933413456729,-0.0969129532676195,2.86289604261403,-0.0976073836112386,95.6214362533886,87.1897563142172,0.414533934120272,106.842673049399,252.726924022529,199.672553904927,347.332065405027,1644796.5947096,SMASH
-5.50802483881009,1.35563837225492,72.6287900095995,-0.153551489559716,2.31990787411993,-0.259847101378975,66.8172329764461,99.2698789715838,0.475916394196627,74.6616005745373,252.782964097341,139.490481740168,346.911949252408,803122.836122288,SMASH
-5.66374392548596,1.39002601406291,74.636775952245,-0.0914574529425917,2.61517541796785,-0.0225037440907573,68.6667238853593,78.375547938131,0.530384012564287,76.7247662711434,252.977296614953,143.335454886135,347.608084667221,848203.229483435,SMASH
-8.12970490762907,1.99843839396444,107.163185835549,0.0395339882514293,2.33750004364317,-0.269182248249047,98.5901102483067,99.3964378950423,0.288093746502588,110.162787774107,253.155242371591,205.889798173,349.487301946815,1748746.29395654,SMASH
-6.28946606690954,1.54436418170489,82.8806075439078,0.0985013593459135,2.31514729575595,0.116199920991968,76.2466717778271,76.1970906505283,0.289081302477061,85.1994536809228,253.135496088406,159.195925138376,348.852436023526,1045998.00534175,SMASH
-6.32175506573527,1.55836031379874,83.409488382465,-0.14235805359745,2.45492325992518,0.0764032123928573,76.739557031547,89.6335604754165,0.282279383902308,85.7440005098955,253.239747410312,160.193476593629,348.425546875862,1059356.44862127,SMASH
-5.06068494858572,1.24859786786001,66.8538547160374,-0.152269071540285,2.86560787374341,-0.0413283916862385,61.5067879194437,83.3154881939183,0.390680968900949,68.7255632357175,253.458371929257,128.376308028673,345.303496050079,680541.381463934,SMASH
-5.85861702671406,1.44269341307735,77.2234048139568,0.0231716118736425,2.34890526037765,-0.097421437839846,71.0576990844555,81.3008581613064,0.597440300588982,79.3861528748942,252.999647304059,148.376595468738,345.506044869537,908086.516450028,SMASH
-5.29881463738139,1.29284966848881,69.731280704259,-0.0468574670732311,2.28806223832661,-0.159907703773096,64.1532574326065,93.0566050321711,0.200635529227595,71.6815641283108,253.268228509649,133.957208792066,347.808507948451,740458.266453743,SMASH
-6.88741594226042,1.69412113300914,90.8048540922453,0.0955955773741391,2.38760681651944,0.00374540071573897,83.5443528307977,83.5074808117547,0.481103213917035,93.3466453512121,252.94498488914,174.416334189489,346.670528353964,1255676.67191363,SMASH
-6.22053562432175,1.52828467840436,81.9994435013698,0.0159973808902621,2.59352107358713,0.0485473566928856,75.43974397688,95.5813221181817,0.314429833487991,84.2922860828562,252.938747984774,157.498361614631,346.611918830329,1023839.19450325,SMASH
-7.7237733266094,1.90538164906631,101.864911971626,-0.268733114165902,2.60577068842614,0.205478013270485,93.7198584079062,72.4367782323005,0.433858006337322,104.715205914146,252.793691868353,195.756685786164,347.830317231381,1580083.28833359,SMASH
-5.12065399391415,1.25649251561608,67.5513568488557,-0.0591690870262547,1.94737641242131,-0.2232572241911,62.1624423863827,73.7268095981335,0.29040740905597,69.4422475053582,252.840147145227,129.81388818978,346.784508879396,694950.692965223,SMASH
-5.26344165512255,1.30302601602628,69.3774214936705,0.22413977346847,2.57895144585475,-0.15296559225306,63.8389229845956,81.5596577299963,0.21436534719197,71.3190472989585,253.259447631901,133.244657821795,345.853517825609,732903.65018838,SMASH
-5.65201574203859,1.38801445398144,74.5573221718187,0.163201318989719,2.71486324947493,0.00678308023911846,68.5910295886419,95.1370035395986,0.569447399836755,76.6425765884103,253.363041880466,143.180830842763,347.17031064024,846395.667907828,SMASH
-6.23197371737138,1.52324740590966,82.0903270263645,0.0163192658506553,2.54792286706078,-0.175472560066216,75.5197631318103,96.047641776954,0.340397143832813,84.3884825228883,252.997077971821,157.645870674694,347.951226505033,1026071.2368408,SMASH
-5.67098658007469,1.39393078549784,74.705922565058,-0.178583992195897,2.64157127621529,0.0649511434148494,68.73259523568,84.7202468095443,0.400625146743625,76.7961516675451,253.154094814531,143.480940250079,345.410421372383,849811.953841109,SMASH
-6.57241518892719,1.61925638753846,86.6544203911187,-0.00792674149259252,2.50454747363139,-0.0296159244177414,79.7283848201375,79.6904867996426,0.267538223729558,89.0784309586598,253.627473147485,166.382557796207,346.772245185313,1143423.46051782,SMASH
-6.74319716766127,1.66485093618845,88.8846783103756,-0.0794083315825998,2.5142148614201,-0.0588413124483494,81.7779174635558,84.2795778392946,0.250260130481537,91.3710435199543,253.209732924324,170.770948772838,347.036893162675,1203013.76131636,SMASH
-5.40363236337763,1.32765910660079,71.3046062107027,0.14683762841866,2.6027215778437,0.243193297886498,65.602629243888,95.328602249088,0.208445211139547,73.2974101194477,253.167168164979,136.92063660764,348.372487652191,774156.702023407,SMASH
-6.72474643267545,1.65065369687446,88.6409007163694,-0.0974834991494321,2.32659209636676,-0.119145556693059,81.5649704665249,99.546523238152,0.292506439800789,91.1210021211934,253.315521596999,170.287860539314,347.481543146759,1196592.84465243,SMASH
-8.12873387805879,1.99676249452012,107.215937314575,0.192026008679556,2.26731755741635,0.246661582187068,98.649114372926,90.6440964837844,0.328691678040183,110.215716736051,253.130560716631,205.867467028255,345.444572220378,1750561.52820543,SMASH
-6.01421583399286,1.47566381370133,79.3518489812019,0.201476723260877,2.70926384024077,-0.099752878999091,73.0101867850129,94.2997500442355,0.487192027786889,81.5728869698685,253.298172777561,152.38703562319,346.731587454375,958839.291146816,SMASH
-8.08207122436177,1.9892812240081,106.586589787889,-0.222109211948874,2.37903939868429,-0.0930970795839438,98.0624115943465,91.8217883733257,0.523267084016391,109.568609353998,253.253470678568,204.744286642369,346.902253722663,1729775.38418302,SMASH
-7.45320425180743,1.83399287150005,98.1957753151072,0.0327661982856171,2.30879626187927,-0.0774840292489609,90.3524289263416,94.5117513388003,0.280863943906193,100.943720912412,253.114391813469,188.633841291034,347.591983614828,1468390.12415851,SMASH
-7.7656406618255,1.90732080589828,102.314590938864,0.0963514606177276,2.51391427297735,-0.100577156108891,94.1408193896707,72.4814032036946,0.384690326969195,105.179077800772,252.926062810061,196.538413266909,345.361435128168,1594000.5024157,SMASH
-8.23776151089199,2.02613753848792,108.612514686951,0.285750115983077,2.65704237952093,0.0476212175634507,99.9286386405309,77.5961163189352,0.545266191660066,111.652080550447,252.842298217528,208.581572070026,343.003091038594,1796156.53819615,SMASH
-6.4742278098594,1.59832820075109,85.3863149639867,-0.140446203556096,2.65427704860255,-0.194414004997555,78.5610492437578,75.9270168763593,0.442386021404222,87.7780517388684,253.364388996674,164.02895303292,346.304250500181,1110303.97253077,SMASH
-7.95820838850573,1.95536830091636,104.881406658422,-0.138543514734092,2.5133321480127,0.0950364546231302,96.492143955011,94.2233678133788,0.485202298153699,107.816779112795,252.712631070604,201.442277298937,347.979924427071,1674852.54563464,SMASH
-5.80260271095674,1.43087583489911,76.4287185603529,-0.117687137117481,2.25311960369731,0.0255593135138405,70.3117026163801,84.4286817472824,0.592673725548433,78.5692105592985,253.159932252066,146.751465483057,346.433707811601,889557.789742925,SMASH
-5.82571973924919,1.43537927132449,76.792602189813,0.128157034371439,2.44938092537592,-0.0433130505202956,70.6514382375912,87.2178872107382,0.243041857928762,78.9393111209952,253.127394576802,147.49658957308,350.070633270113,897971.724658377,SMASH
-6.85862386643909,1.69094128158764,90.4020746747365,0.060926584301517,2.6575557680618,0.101022500287221,83.1712971462957,99.5015322023643,0.528455966184954,92.9325038163937,253.279367801849,173.66004545819,347.766232270033,1244342.23396369,SMASH
-4.99200485553512,1.22132338983422,65.7166014689522,0.0920842206703807,2.59159449077893,-0.133906663025454,60.4712567900853,72.571847875712,0.48653633141231,67.5573570152025,253.199517679138,126.236356565581,347.847971151677,657723.234264504,SMASH
-7.2752033251792,1.78523201360618,95.9294244700112,0.127862900488401,2.40585606345996,0.112649507481946,88.2540859571237,87.7716898729808,0.318023126343793,98.6117419142612,253.071128334591,184.179572143287,347.88180769734,1401119.10621845,SMASH
-6.37790781048716,1.56809585880613,84.1719127314202,0.000526913624012231,2.77481705533154,-0.00404947979492377,77.4459102294166,70.8828780350169,0.581410538554146,86.5271961478466,253.142378736157,161.662732078711,346.226979785106,1078829.74441602,SMASH
-7.69588019852319,1.89225114349067,101.493684926609,0.0275907094459754,2.61059839814375,-0.136375554416429,93.3779128212801,85.4396027079758,0.436500307562029,104.333389590173,252.777666322408,194.959183563922,346.362716922512,1568527.20255326,SMASH
-7.58268230231089,1.85950036899682,99.9682056911939,-0.0511583290470227,2.23729077681522,-0.202458519597588,91.9696048826722,94.2040925079378,0.218216510363864,102.766736028118,253.363495863355,192.003633459173,346.814377233576,1521506.94489118,SMASH
-7.395604643808,1.81571755679236,97.5209716757397,0.147503465845348,2.65286935822921,-0.0908885245072005,89.719343552388,82.5757010158599,0.378645706956511,100.250045446582,252.968141762175,187.263635826685,344.771415471432,1448128.24816434,SMASH
-5.65933009604345,1.39265850536734,74.6534952182932,0.319185789162867,2.53415939263379,-0.326958719383332,68.6806123723913,90.8285386095208,0.297798476676444,76.7408567339769,253.102128409314,143.322993023181,347.793650552763,848568.463500116,SMASH
-6.04258877861263,1.48987911030351,79.6677488943846,0.208435224305632,2.6166477382316,0.28250779094405,73.2928872709203,93.7586080370773,0.534934643699312,81.8979973918475,252.706823500527,153.031419583245,346.112642392736,966372.287275561,SMASH
-5.10091986892472,1.25290909650221,67.3184138442143,-0.144399825679617,2.18260649116214,-0.253420835200089,61.9348838696758,81.9313284067259,0.384966375649611,69.2010321679783,253.123361873309,129.334401127051,345.992774960397,689994.312882868,SMASH
-7.04811222729413,1.7380627284499,92.9084155486552,-0.109533524940081,2.55254739523254,0.0523524885558395,85.4799411744655,78.8339074152962,0.505305353574642,95.5087934957109,252.813093494169,178.444715451393,347.456285918981,1314382.8564294,SMASH
-7.33084809903558,1.80156907597317,96.6450167138425,0.308101765697665,2.77064552686377,0.175813961499957,88.9269275296889,84.4042594961004,0.381764202493104,99.3509967046456,253.023524039265,185.652209180939,345.48280227327,1422329.06938255,SMASH
-6.85358082115182,1.68128851375582,90.3754257515412,0.127017896949939,2.55209045700902,0.0233411369310294,83.1556915483708,76.1255284733653,0.57318752574427,92.9054920385075,252.926459704999,173.602528003009,344.763362328795,1243817.5984495,SMASH
-5.21120831133637,1.27686821691697,68.7326878609064,-0.0440439923531577,2.61868423232975,-0.0683071123424351,63.2355390585106,81.0419879237606,0.462628990999409,70.6555260743253,253.043160639635,132.038414091535,345.559783959396,719292.198501977,SMASH
-5.44622641789869,1.34430557223495,71.6353828699174,0.185260069006315,2.39034437280367,0.138068306906414,65.9066422768413,93.6690441588392,0.570677134740562,73.6401670596241,253.041714299831,137.570548891826,347.007280474126,781348.67968727,SMASH
-6.0012277189685,1.47790783766993,79.1627011135061,-0.0360090360768127,2.56677574102395,-0.216740317894433,72.8352019592616,88.2936436884192,0.363294576490574,81.3775081061531,253.148859608388,152.044651999407,345.784326811591,954210.521295116,SMASH
-5.54974486864449,1.36475012772529,73.1409677439402,-0.28978967795413,2.25109482101895,0.0113715939639843,67.2970260497695,98.4599619034402,0.386063122090987,75.1885841444819,253.190597675873,140.452581466977,346.78492198156,814660.947731458,SMASH
-7.81169547915058,1.92667351225175,103.090173757535,0.442894859400448,2.34004660595952,-0.028270251602588,94.8462247387847,99.7371714179191,0.282655495700047,105.973982593926,253.049375654137,198.001940192871,346.857963647146,1618251.91358667,SMASH
-5.83924063960627,1.43208469693991,76.9418721260486,0.169018937476708,2.13021428823427,0.0122880499759848,70.7847617641449,84.4506662298318,0.581485491014291,79.0936544230955,252.904963607536,147.6872200375,347.638764521251,901377.048855335,SMASH
-6.62509891556802,1.62728128090343,87.3196148483165,-0.0107815108734969,2.33642064511241,-0.263951201288736,80.3333333321538,76.2482331167795,0.419021476833947,89.7649823957282,252.900896374516,167.720977250737,346.962389125624,1160999.2434381,SMASH
-7.92873267342349,1.94124857086939,104.510349763562,-0.0827151595102374,2.52896566389031,0.0212860565498588,96.1587636678145,84.794741533943,0.246427444879306,107.435859233763,253.109703407896,200.6747099125,345.793172825302,1663216.34223814,SMASH
-6.72370037531712,1.6571490137563,88.6472250805693,0.114680897185397,2.44524123138996,0.0623267141853675,81.5597221866272,90.9109868463922,0.388796995480558,91.1277626399424,253.146584155883,170.18969252245,348.055995925232,1196604.50826943,SMASH
-6.6715428045347,1.64164242439017,87.9571701184513,-0.115292303938131,2.31945517780175,0.0590094663725469,80.9199656438167,96.8842789387253,0.312226802303492,90.4176307518772,253.18995092513,168.9608847072,345.211615207786,1177954.96909165,SMASH
-5.68192957023005,1.39341719762656,74.9168249981986,-0.0986883755299836,2.38994304745265,0.0218603374565584,68.9299238158744,91.3638434551538,0.505207793758991,77.0136162991241,253.403747447332,143.874579765178,346.500080808387,854701.963626263,SMASH
-5.65462523466291,1.39637883529802,74.4745369003899,0.0193544782375635,2.25457504532306,0.308116467703155,68.5129501440769,91.8629138657771,0.37029874813578,76.5593470192226,253.192763956218,143.082573292049,346.806556829499,844488.714664496,SMASH
-7.22639393813138,1.78431691688451,95.2240799313562,0.135635309360027,2.41104388787024,-0.0693334496258054,87.6198711389511,83.9073314506465,0.372905244724069,97.8894852780148,253.279609462132,182.922438706089,346.91519023015,1380904.75504493,SMASH
-8.08201010679309,1.99444004264624,106.614782053027,-0.340278637343527,2.616223881053,-0.216598636348199,98.09442389505,84.7167693258427,0.374779888903675,109.599011213176,253.098268087142,204.846409110353,347.46037940105,1730955.58305452,SMASH
-5.44873153447524,1.33636772456861,71.8050709637314,0.166584454261359,2.4167935006775,0.170556359093381,66.0663423888576,90.1578483893434,0.364702229561508,73.8157024651225,253.170605927559,137.930474950852,347.473276358352,785235.618288879,SMASH
-7.98377579985663,1.96972098811547,105.360693490285,0.0560554313987419,2.51678335635309,-0.390562233129053,96.9377271957831,92.6490014039733,0.518612322905427,108.308582550698,253.128371462639,202.377825604019,346.44841975285,1690234.73490726,SMASH
-5.13171517570747,1.26648750553974,67.7138195621678,0.0918272432568265,2.5490674867458,0.0964739321742701,62.2968952927308,97.6579218091864,0.225739898223814,69.6090101009285,252.9912365305,130.039114976254,347.875436404001,698187.843986061,SMASH
-4.97546083117205,1.22052054479505,65.6175944348096,-0.257038088742599,2.48139601682866,0.293888293608315,60.3712218565846,90.9318187910209,0.497347024925991,67.4546901696859,253.048868852515,126.066393458705,346.459970498003,655636.409316189,SMASH
-5.84466321412295,1.44264045463128,77.0874859414455,-0.46682415226755,2.78048370828416,0.0292640734309786,70.9240715276075,87.6834734853497,0.311147947572662,79.2463564614556,253.057893996323,148.056567823786,347.544530338785,904815.400775237,SMASH
-8.18124435813011,2.01130212605963,107.797967702128,0.46186470207006,2.55239982842915,0.0634379853982546,99.1811342417284,96.2439825831409,0.438310620461221,110.815327003553,253.075126990834,207.011732282938,346.732696689706,1769498.21082901,SMASH
-7.927290530567,1.95285963209233,104.593424390832,-0.470861894874719,2.72453520324851,0.0529780162832645,96.2304525836953,74.148612416387,0.220463686029317,107.520144229478,253.217841504188,200.818602769923,346.549202102689,1665822.09186356,SMASH
-6.47912181869001,1.59088308238128,85.3586338186858,-0.1233590856297,2.50750801267509,0.146874754638641,78.5331520833602,96.9772595360587,0.334326124407675,87.7486298380063,253.02029193582,163.964894213531,348.988854987443,1109401.93962916,SMASH
-7.56545287862821,1.87103419090155,99.8996950035034,-0.123251825107672,2.49338064929315,0.100599164630935,91.9114437052472,91.0243113930608,0.273860574329641,102.695601584881,253.578911657048,191.842073554946,346.901185208909,1519582.92540259,SMASH
-7.74449497859316,1.89881975734989,102.028179034733,-0.160433544490183,2.44435958553268,-0.0254869517518321,93.8752075267374,73.2215677579855,0.497075474065945,104.884094780935,252.961437889744,195.967409116868,346.035679815329,1585197.5595793,SMASH
-8.07581344529471,1.98473104673126,106.523800255595,-0.108729120077519,2.56158777959564,0.251381189848808,98.0118532627555,83.2181716756071,0.330745496177739,109.505369774926,252.914429267003,204.573029808981,347.844463964771,1728076.46952536,SMASH
-5.17281509017758,1.27083475097068,68.1788053272191,0.0851498877466667,2.36969359619647,0.0896042859648042,62.7356782691336,77.80176735398,0.256304787271685,70.085977418041,253.348679030209,130.938780437525,346.711578370243,707881.400887682,SMASH
-5.61178410952478,1.38692940881646,73.9677864517976,-0.123496569950557,2.58669357834083,-0.12525882687629,68.0593857634207,79.0441721546917,0.204571688346043,76.0377548121297,252.462938848832,142.088372031668,350.691563835519,833079.849592797,SMASH
-5.74922023478676,1.41456333094483,75.8544990123725,0.166974231861529,2.76087693733328,0.0908393196414322,69.7801530235556,90.2634554112461,0.232407688793421,77.9760831280469,253.346808950842,145.671905103443,346.617432560856,875998.599228833,SMASH
-7.18315301984483,1.7753513875728,94.6662128655754,-0.00103271685095823,2.80893665220485,0.141419076703516,87.0959342961303,86.8107382190805,0.521157156799137,97.3144378679195,253.391342651686,181.80598923951,345.211646129508,1364482.62780948,SMASH
-6.25632265636923,1.52599437232324,82.4796080752746,-0.277071392282194,2.57586972432526,0.0915353654729073,75.8884634325688,93.1454674355012,0.335835738982916,84.7891442182687,253.194483262385,158.452387327328,346.485563123571,1035923.12315735,SMASH
-7.85779207506043,1.93845699864145,103.617751236985,0.102794966755621,2.20184584351546,-0.363286499547638,95.3370953475566,72.9928937950897,0.486879558330712,106.517436622624,253.176950408769,198.930507520724,347.401117473566,1635043.89937255,SMASH
-8.13046946540351,2.00285234623019,107.215366497877,0.0514570177948267,2.27900040672151,0.0632849444319031,98.6473619393337,77.6352738780896,0.400262480271129,110.216104260787,253.445201319368,205.963831513305,344.663345173177,1750175.96028716,SMASH
-7.2797376522238,1.8029768158478,96.0568857982628,0.0482927250288246,2.39360447479441,0.0175264122373945,88.3726897743194,79.8951300896962,0.511485840520493,98.7441586037153,252.978978498176,184.555281988069,347.846791627825,1404860.87622986,SMASH
-7.19180782147327,1.76748137240084,94.805048977065,0.492158941783581,2.76679556778011,0.383983176845286,87.2341379268602,99.5947258676802,0.477861297029281,97.4581725170501,253.010458145723,182.189662832203,344.274543267683,1368798.62015155,SMASH
-5.0809314974224,1.25108506316655,67.0305358595641,0.239191813080744,2.44383476196183,-0.17434869784438,61.6692790390551,72.463354908372,0.479174137434154,68.9047056811316,253.169341485002,128.815101098436,346.131953216994,684032.327603838,SMASH
-7.87149819961813,1.94299087521514,103.769850719879,0.159335359016675,2.86015441629695,0.54268503067739,95.471629004321,82.4889940275708,0.519280008116567,106.674890148408,253.140322312713,199.324529191686,348.881178892688,1639469.46065395,SMASH
-7.22516550961563,1.77600227350431,95.2494184447265,-0.134032694747065,2.41198432818229,0.217981912306886,87.6382579204515,73.7988554368105,0.368130919290731,97.915280180366,253.071723544206,182.982632178571,344.835700459343,1381589.29281093,SMASH
-5.0940477381208,1.24172350498002,67.2129816725557,0.130604457566064,2.44976746405284,0.327424943414655,61.8460524351509,98.44372791112,0.520713331937731,69.0929843694505,253.488810017821,129.119888864386,345.982982443002,687863.055626782,SMASH
-5.61088626238702,1.38820852454776,74.0088141615913,-0.28605795903366,2.48514045683916,-0.0220469336288968,68.1038368525465,75.8400144959596,0.470623478198482,76.0795984733589,253.234334966817,142.303237682379,345.650934497284,834169.559028031,SMASH
-7.75363391172498,1.90476680242407,102.156145078106,0.349718652929738,2.77844501695636,0.217336738113257,93.9971733208269,72.2214595620009,0.25237237583063,105.015183127035,253.126258272788,196.159646035505,347.484950237243,1589129.22995472,SMASH
-8.19271323274135,2.01441471242455,108.003834598154,0.0230618762250238,2.47676637300126,0.124193579238278,99.3731198201949,84.9979398337772,0.41584680850892,111.025925814431,252.976794156121,207.518691065489,346.229509917785,1776235.16686515,SMASH
-6.61935092409112,1.62532942260629,87.2774109567335,-0.132924563083376,2.18138832649241,-0.000356874385467734,80.2956826333975,72.442440295626,0.205084761463047,89.7196189387553,252.986237841492,167.634731865405,345.510324230113,1159857.22972012,SMASH
-7.09441289766834,1.74734320908313,93.4681821221599,-0.214208342890107,2.34127697500669,0.273051111624222,85.9969916822055,93.7805407008753,0.300848476157311,96.0855518947441,253.180580918189,179.578437590575,346.529091642977,1330238.52291915,SMASH
-5.25987112373738,1.29068360531861,69.3451450467338,-0.452455061432744,2.69998466457389,-0.103849540497,63.7923581732442,98.4376816599494,0.591973356765772,71.2852279756929,252.830600109712,133.167291419679,344.052764281528,732314.802803443,SMASH
-6.24871193780246,1.53367178093539,82.4048850587294,0.335987996957691,2.73718407633843,0.154424581935274,75.814243217067,98.9607953253749,0.508649154853823,84.7110894730089,252.988056945328,158.317860521964,347.426599916184,1033974.53295114,SMASH
-7.03364760550154,1.72979296081413,92.832401107195,0.2603225425778,2.88976327617394,0.284915093105172,85.4062293712409,77.8053093915514,0.426586159868009,95.4308522554234,252.773067109146,178.281104073131,346.05382727465,1312131.97193036,SMASH
-7.29341623899198,1.79056036696813,96.1747828741807,-0.308434690082237,2.66996338530344,0.0558261841010863,88.4800868570404,73.9159860412469,0.553037196278692,98.8667481047631,252.817627653193,184.640464308076,346.923224827974,1408622.15691724,SMASH
-6.8644721160592,1.69414667823473,90.4450207248629,0.156281434703808,2.49942854893374,0.246735786003094,83.2146108585686,71.5635451082913,0.260293255526295,92.9747439103502,252.617444836546,173.712408225175,347.172604143967,1245644.03541558,SMASH
-5.72651689987905,1.41196366505491,75.5272257981679,0.182790476199055,2.6204987707386,0.10938222881687,69.491666145894,98.3514986986565,0.434016608645725,77.6418439447055,252.983626080147,145.10579912404,343.313358762023,868668.746182582,SMASH
-7.44145669268064,1.83204923996274,98.072391363057,0.0473566650077689,2.37683466389481,0.528501400197964,90.2338543706534,94.6941288992463,0.595885515103522,100.815755741605,253.24475226536,188.427222172371,347.40461690383,1464715.27768334,SMASH
-8.15277841475935,2.00551895844651,107.522793834815,0.148160022567643,2.56845074961371,0.000211830251533129,98.9296289799253,83.4106649098389,0.580677559780568,110.531994974445,252.965269980717,206.414094103359,344.608486257296,1760578.70574621,SMASH
-6.14907097681807,1.50629535002343,81.1018179872134,0.0067931760831123,2.60395749722856,-0.0263068675190687,74.6281511797058,73.9903114295422,0.578025790519376,83.3714856667079,253.12742579519,155.796617579294,349.83085217045,1001653.89187057,SMASH
-5.04991042325459,1.24557229781334,66.5782504439181,0.056280807745765,2.43130351762282,-0.0394324052698515,61.2526375544911,85.083569949652,0.400218888748266,68.4406260350796,252.740587540467,127.845114997851,347.320175544075,674932.011883698,SMASH
-6.30063538968843,1.54629396003645,83.0457431687096,0.119037248069895,2.29438216891359,0.0872632792564417,76.4059954104625,70.9689871333795,0.36768032108386,85.369099661042,252.589605493432,159.592650154148,345.499759226418,1050052.04013778,SMASH
-6.03220441844193,1.49220508667357,79.5926922279877,-0.328727689463795,2.47072064449304,-0.0677302548618121,73.2301007192687,98.7337256720146,0.206742573731741,81.8211110405273,253.165031295364,152.862335097194,346.038923218076,964678.169383095,SMASH
-6.7031068941006,1.64721023116209,88.3491657072376,0.152389301273578,2.80332094634103,-0.00930478558589712,81.2925814151055,83.1783559545063,0.208014167688155,90.8202914610175,253.331894782849,169.746512844652,346.23455162406,1188494.92588671,SMASH
-5.58610395848204,1.36811763646337,73.6189678087038,-0.0348921543757279,2.4699016553572,0.329103990646783,67.733043265536,95.4785443146278,0.311624049709312,75.6808103718466,253.289927282158,141.411903627304,347.783135338062,825366.442077103,SMASH
-5.46009792321536,1.33594983035098,71.9656481425668,0.365059604310031,2.73990442425817,-0.195097903754098,66.2070382999003,94.2005813519585,0.522635356605827,73.9777824952216,253.368804016422,138.322920144742,347.610228211716,788492.119174343,SMASH
-5.69271108492393,1.40591847349436,75.1058291925374,-0.396067720828213,2.52292536018577,0.241372186116203,69.10423477273,76.7421055226991,0.290832346376368,77.2098305351108,253.300198012253,144.29061391703,348.823163411012,858919.615488387,SMASH
-6.10982616671724,1.50682227329516,80.6127568561602,-0.157240432902959,2.08081451770028,0.0834798830328172,74.1612178602996,76.7453202075794,0.43609820469718,82.867117726958,252.670273500689,154.774672348397,345.222636601976,989443.684083191,SMASH
-7.11947519453947,1.7486213116437,93.8875632141804,0.0037757790735094,2.37246607352125,0.0720491383936938,86.3780776583728,93.2383268599098,0.46702639799443,96.5171145052475,253.192195622911,180.330649416569,345.113788227948,1342212.28864738,SMASH
-6.53838263977036,1.60721470035724,86.1757379214381,0.146572396471346,2.60857363807735,0.371815698325798,79.2776717019622,87.8442228990281,0.214727639475648,88.5874983448848,253.099243651546,165.521700038507,345.824092087211,1130829.7259497,SMASH
-7.51740149076995,1.84225059263588,98.9912357730572,-0.191201286506898,2.1274792114606,-0.0340935935618623,91.08518177749,87.0716621129425,0.312394171994073,101.762437756339,252.847720193784,190.167846608456,345.348786524447,1492280.13430597,SMASH
-6.69314633983868,1.63881819670195,88.1747077588715,0.0820249529503207,2.44822787515602,-0.0593127374437798,81.1342912829454,80.861718228243,0.488237769611049,90.6415816765327,253.485729178954,169.426801065793,345.103581013442,1183923.06858986,SMASH
-5.42133201487428,1.33199218189438,71.4881749435134,0.410097937230757,2.87164697848399,0.164133027410607,65.7683148347337,73.324547548164,0.377212702817104,73.4878002927498,252.668484373636,137.330015970919,346.414907614951,778132.928654923,SMASH
-7.35492451518257,1.80417961760234,97.0599458262391,0.0883233104406784,2.84161041599621,-0.0855644901672472,89.3044002233477,85.5540080646653,0.585298535369241,99.7767395972857,252.764711022213,186.353961540311,343.56608033369,1434551.14298388,SMASH
-7.78832640785142,1.91609099843133,102.698770540502,-0.404054757709304,2.62264722878677,0.308058051469163,94.4971066357528,89.5527488557445,0.540000501038212,105.573289513439,253.251224232791,197.331116245993,347.103000458149,1606220.33107164,SMASH
-6.5924428726652,1.622370858981,86.8807818891353,0.162905796708702,2.45818093165961,-0.282003240107266,79.9397968031333,85.3126880781081,0.423038413435335,89.3131270560338,253.186028617538,166.849750523245,345.834673906415,1149389.21047171,SMASH
-7.55426489092276,1.8569486537287,99.6535279609535,-0.0955649747723759,2.31695085397238,0.111400354300168,91.6882792700323,79.9222282878079,0.2655725996252,102.442373560758,253.209607380428,191.437881182579,346.981713523131,1512215.41432737,SMASH
-5.03980468524977,1.24176779243508,66.354571350106,-0.0319331929642397,2.44144508070719,0.0324679865389384,61.0528677957341,74.0444472589314,0.384289088424615,68.2120561903048,253.231975742763,127.42938775675,344.156373690436,670503.847012913,SMASH
-8.23041432486335,2.02258703126319,108.299673011934,-0.121697112743945,2.47521328190173,0.161620231102339,99.643865281499,89.8495524968793,0.219432288113061,111.331504908838,252.94435438315,207.897286595267,347.149948254892,1786028.99736948,SMASH
-5.49015034101745,1.35893480285479,72.4473531530949,0.394761219773672,2.44848054791963,0.127944220596741,66.6518618488488,95.8909332719946,0.436091058088993,74.4741554578872,253.021977016633,139.204844312752,346.206625441218,799159.110022101,SMASH
-7.91750790458309,1.94731845933169,104.379132910877,-0.15428220788223,2.16353262071824,0.0678989080146761,96.0342599138381,83.3293989646819,0.59070676555025,107.300157411748,253.236560945924,200.401642404925,349.631040602312,1659022.63483327,SMASH
-7.90316348119672,1.95174608248489,104.186984163655,0.153705915017051,2.27812877575272,0.125501999999427,95.860178191254,77.7236649741381,0.555877004198923,107.104197550198,253.161291652051,200.137756232936,346.714065905313,1653028.53044248,SMASH
-7.15488099851534,1.74512594836718,94.2941952427851,-0.156620172652171,2.47697228144633,-0.0250149756705882,86.7605063826957,81.8351229184377,0.422728346284777,96.9329446054446,253.186296737214,181.054955187141,345.971630440801,1353970.05131377,SMASH
-7.54607885129865,1.85766980578726,99.4395364797602,-0.0262256414130563,2.28254381641099,0.366989470780949,91.4908089022581,86.6308346189396,0.302839441478737,102.222766586661,253.038372076633,190.977898232037,345.269905589297,1505740.15796879,SMASH
-7.04807592552691,1.73416223437222,92.8324096007114,0.160879647947736,2.54128303463883,0.00669895164476969,85.4161966283531,94.0886206741687,0.473413592731185,95.4305081785634,253.006409879579,178.248980671297,348.96274044771,1312307.64446166,SMASH
-7.17846774743934,1.76372986890169,94.5329191275105,-0.0817112755708526,2.58727224204062,0.0263773746196779,86.9742988144886,75.25864033458,0.385994565086796,97.1783133874833,252.955106800875,181.59396379405,345.786221673833,1360739.41204675,SMASH
-7.72774309067394,1.91099224200026,101.894923902118,0.120780256739926,2.412860151286,0.203822562001842,93.7552683045904,93.9698467386176,0.21902297907898,104.745633722143,253.144280238393,195.748874679621,345.476875896912,1581064.89659908,SMASH
-5.869713117083,1.44250306879037,77.3890518282896,-0.0174466172148691,2.7672512651135,-0.0478974102949933,71.2006096992884,86.1060711388288,0.273801729472735,79.5554975034389,253.055804926037,148.665386110554,348.106477652992,912092.52598,SMASH
-8.13928013784555,2.00376410915119,107.207850033528,0.110249320847317,2.52631476513545,0.0213877926032906,98.6400310397617,85.3216888696795,0.251739675258373,110.210194533824,253.340570546701,205.889774999516,346.912061705569,1750294.36199399,SMASH
-5.66956894757489,1.39062006384208,74.6577513844132,-0.0376918735027745,2.72723169765912,0.0903764464161,68.6966072541651,81.1630864729417,0.441557941684284,76.7466169372016,252.912880362168,143.36334391258,347.615794016816,848678.071842624,SMASH
-7.00197540941399,1.72229463134905,92.3478349945386,0.184915603828879,2.76906389772285,0.0194963489840526,84.9635643240382,72.4407232481516,0.284934168144189,94.9321725568706,253.317525802124,177.404438933912,346.290791556484,1298590.88922262,SMASH
-6.4899153483095,1.60238848854241,85.5277897824323,0.286764940294751,2.60554325748707,-0.114803027094925,78.6847177182482,83.7299223517461,0.202662018638343,87.9227754951754,253.147476991479,164.219975728834,344.868049426106,1113794.23206029,SMASH
-6.86333080964961,1.68802644640452,90.4406731975669,-0.318860404755513,2.5644282958622,0.229616507112881,83.2088399961516,85.0562047385382,0.574422351746538,92.9722196514317,252.840850037348,173.801103727007,347.569304355492,1245559.31379627,SMASH
-6.93190439509526,1.70770568127561,91.4202891117354,0.0738386977394676,2.39161311401636,-0.356801613990146,84.1156856439607,97.2127097442462,0.558597683395572,93.9807539086554,253.015220314695,175.537928598986,345.426280263081,1272653.49406388,SMASH
-6.13333730729013,1.50253711037847,80.8722030955379,-0.00250461193347661,2.08371908367364,-0.161189284424841,74.4097095613659,96.0066097599559,0.214338683996857,83.1345946785653,252.970317768455,155.291893745563,349.29638581088,995933.258424929,SMASH
-7.68970202886545,1.89230086492447,101.313674147784,0.0135960609343489,2.49900906522661,-0.184243617952655,93.2175618905858,80.5498107312695,0.463257973165036,104.15052107723,253.365663772865,194.631186504765,345.890559792187,1563189.95425799,SMASH
-7.80805845446129,1.91722273009054,102.929608826309,0.405489630899053,2.71814707928246,0.0183918584651887,94.7005565870813,74.5555369478422,0.249086271560328,105.808953914469,253.014178264055,197.650314369286,345.938667231763,1613052.86690879,SMASH
-8.1862377082394,2.01297328782134,107.863949079052,-0.129247195108147,2.28066217041814,-0.158989966985661,99.2472168674056,77.7196331810055,0.354256094956718,110.883265146539,253.142170893693,207.255306760823,346.971625965003,1771821.96264267,SMASH
-7.82189015633779,1.92674266548792,103.200951808339,-0.198710078132618,2.411427606746,0.136174835487347,94.9461008615383,74.1139237266957,0.416717036759141,106.087909878726,253.069827981895,198.154141857166,348.339955704524,1621602.66866994,SMASH
-7.28223436303336,1.78890547199253,95.9944966944872,-0.0916326523331018,3.06772058427658,-0.131109574811332,88.3209770897426,93.6758882915768,0.338229892764205,98.6804216929607,253.253262449611,184.382080858863,346.523053711645,1403095.18907757,SMASH
-6.96732054283617,1.71162542179428,91.8877908365249,-0.03613836854285,2.45588229829167,-0.0144168495764435,84.5400854051467,89.4176317276529,0.3882202709683,94.4607937365661,253.325538288788,176.479591696007,346.213167096152,1285791.04678117,SMASH
-7.39582988402028,1.82452374171951,97.4694651805584,-0.0369900119272603,2.5668315246492,0.130067729165576,89.6817388361607,79.4764890408564,0.581745703817587,100.197420653313,253.278373912871,187.17130329785,348.746862642097,1446788.66922069,SMASH
-7.98735048476411,1.97061007918359,105.432764325349,-0.0113797649430601,2.10640144364128,0.00736159664389298,97.0058182479061,78.2105292337095,0.449664409462586,108.384381871176,253.168204745145,202.514306698613,346.626329793862,1692653.1351801,SMASH
-6.45550120057104,1.58760859346114,85.0493809515519,0.062361719118803,2.25290170486132,0.145591330360779,78.2427580418168,94.4130734228306,0.349374524356249,87.4302698965393,253.370161735667,163.345234952685,346.201894517474,1101287.62585895,SMASH
-6.79854537722456,1.67082245935864,89.5853435792982,-0.0489177974035226,2.48672572049679,0.0489101234727423,82.4212535227333,77.2139673416619,0.521383679234371,92.0929921748685,253.065372755752,172.035442083279,344.963215241935,1221976.63391801,SMASH
-5.26301781426861,1.29554767603412,69.3274823866789,0.0712630211016641,2.77097662608758,0.35860329034301,63.790622489347,99.9540488421113,0.37541980913512,71.2688604256945,253.348979591011,133.222845497458,350.005800766585,731990.442743286,SMASH
-6.24471315541271,1.54035356980785,82.2492037826189,0.00936060276841932,2.64812170703575,0.144973482652104,75.6784005030519,70.608598383553,0.330886794153911,84.5507442501599,253.043051131136,157.948727961041,345.833382008279,1030247.61605004,SMASH
-7.99494468984595,1.96674790704781,105.368429169891,-0.256124754293159,2.06332983767757,-0.136588530099834,96.9413992758746,76.6069302342516,0.478566191594609,108.318750877086,253.069256120483,202.382243564075,346.77596430853,1690545.08675808,SMASH
-7.1931866337699,1.76853651342561,94.8734201436648,0.275011709972969,2.39281565269917,-0.0629600014876838,87.2864412118564,84.9003370502288,0.375357435285019,97.5285256893752,252.853365937008,182.236409893454,345.262823766642,1370575.11164879,SMASH
-6.08474249443075,1.49304126331877,80.2560401901867,-0.0400529064543498,2.36356644365707,0.254157136026525,73.8402129779289,75.9526299694431,0.308252447696484,82.502135723126,252.963592070003,154.11381859046,347.217275272888,980874.114591055,SMASH
-5.65391524938592,1.40043143848172,74.5679496106209,-0.222511207536489,2.40701792096116,-0.195796454944224,68.6131405784885,85.0031098342161,0.440434438935926,76.6532935583387,252.974405763006,143.279187543516,345.814974569428,846681.04134013,SMASH
-6.36320316018294,1.56343943284042,83.8928315847093,0.240887191954016,2.81435057181579,-0.407704503778363,77.1948561128797,94.600571451367,0.399332336810523,86.2419960582784,253.42019333022,161.201013409141,345.660743250026,1071881.13544875,SMASH
-5.32389860286172,1.30673108723244,70.1050645121611,-0.347612931796537,2.56297235330065,0.296818183869244,64.5037563992023,96.9972150583639,0.36770588285404,72.0669336241859,253.386163437594,134.652452158689,345.853082251059,748417.320189959,SMASH
-7.75112555116718,1.91119124986023,102.246686454693,0.237572576629316,2.36598491921969,0.14226071043325,94.0744505268395,91.5404929546639,0.241866039714351,105.108343126056,253.413241564429,196.362177774357,344.417087585909,1591956.41937993,SMASH
-5.58245213653175,1.37411981913741,73.5685558232287,-0.0325886755134827,2.4120625012455,-0.0322615730825087,67.6920206668298,98.6655794423803,0.574783995377111,75.6253977943495,252.657284932497,141.353440987257,348.314513239341,824121.887904424,SMASH
-7.79013375983588,1.91891272912174,102.716985433183,-0.365053660846279,2.46295653375494,-0.135712555803692,94.5088620637907,74.7497037659518,0.565555125424308,105.591360204453,252.806198516162,197.36463027249,344.599527544634,1606528.13627425,SMASH
-6.10591152865052,1.50186835268825,80.4995441198235,-0.100937362044812,2.24130111791259,0.131478610526861,74.0658249685787,85.1358432359065,0.411048806138661,82.7521777219821,253.072867651639,154.590725855035,347.605917538548,986753.205041689,SMASH
-5.39923257866262,1.31758974746577,71.2122714843196,0.323528463993324,2.42775611965303,-0.15414727361806,65.5202200009391,96.7511306087292,0.566115469084813,73.2061703291075,253.238468544423,136.76018823337,347.391219342339,772181.404769418,SMASH
-5.56569232440693,1.372768118103,73.333031800361,-0.268360983992505,2.6049791011603,0.113017660437346,67.4649851170856,82.098810590141,0.534821505275355,75.3862750633443,253.15022187051,140.825468579968,348.591327213864,818903.25084708,SMASH
-7.82138316694237,1.92847728558039,103.097520156258,-0.330442232383297,2.36841961713982,0.136126616214591,94.8574737899737,83.9040434625342,0.424390482657097,105.983659462432,253.404792072982,198.060704884868,349.108252725112,1618603.98278263,SMASH
-5.87956553570718,1.44680933908723,77.494318673221,0.0112894319398737,1.90726417298932,0.0588993912183489,71.3061359346016,80.0660418212349,0.478425060828979,79.6637479833302,253.035610864376,148.765768625811,346.867192351857,914479.858781077,SMASH
-6.77193454635986,1.66789288623908,89.3016116807324,0.0840575468385698,2.67462954196807,0.0113482533641764,82.1529429015371,81.6220942074448,0.482304656239363,91.8001145934225,253.415641741785,171.612578212297,347.659552251559,1214181.13582647,SMASH
-7.96613986468446,1.95607684747652,104.95021213641,0.211284287542036,2.42778021733278,0.144060348630648,96.5593631714331,87.6553376407097,0.474863968519009,107.886775153339,252.966401269205,201.577491110289,347.950051240218,1677204.05733156,SMASH
-6.61635505933851,1.63088077326589,87.1326258750823,-0.0844418485480611,2.2996361961367,-0.103957918403617,80.1714161930266,98.3745031810159,0.571747214393155,89.5725656436711,253.203687128041,167.355207353313,346.563278358454,1156177.27816516,SMASH
-6.49928870234878,1.59749834244131,85.7252478151864,0.387593607686134,2.32080315275368,0.15691975796874,78.8644932779874,93.1468058153115,0.577925389893605,88.1238331258223,252.886339063609,164.637873060914,344.235013208494,1118996.6514077,SMASH
-7.93869397648835,1.94491895559573,104.598199774942,-0.302519299444838,2.76456160422285,0.0270507689212618,96.2362431221223,89.5066639044139,0.385365857999318,107.525396869621,253.135750625517,200.876285835053,346.489741928173,1665988.82928743,SMASH
-7.83242301542364,1.93875175070969,103.278117341784,0.34003939002348,2.56324721831888,-0.0530414025292674,95.0254977275091,92.5475900803494,0.244475558482432,106.168749960197,253.149261886362,198.314139541072,344.10514440412,1624266.68785143,SMASH
-6.37279862787763,1.57624914399971,84.0818953917137,-0.062017754062625,2.46582985216529,-0.197153508365964,77.3611533884233,77.6118659215672,0.338614856754503,86.435581642798,253.129427273474,161.460407358836,345.261280366911,1076604.81773776,SMASH
-7.77976676691493,1.91399944965699,102.646088109766,0.0443805171632326,2.44864220340263,0.0555576810884214,94.4362676907895,94.8207637843459,0.568073907313387,105.519235460401,253.158483690249,197.112456006448,348.040801436629,1604277.8868373,SMASH
-8.10625006605817,1.99601293987505,106.830093833082,0.0860394890652063,2.86026253859504,0.0100132168446597,98.2834855342703,91.4959888865144,0.326994067396293,109.818883656723,252.968256272723,205.0962694805,345.408437691978,1737829.38257348,SMASH
-7.18478162676454,1.75779712515684,94.7139982710194,-0.357309978517326,2.84162908746267,-0.0504520144669011,87.1459462092591,98.7699145638378,0.435939302969517,97.3637577443345,253.103561905209,182.00946972077,344.817750346591,1366045.47575788,SMASH
-6.46879594991724,1.60150255265111,85.3381191592271,-0.105383114051007,2.59983118767677,-0.155185272976007,78.5199549024006,86.9439154152768,0.212599841258889,87.7275641556322,253.200562967402,164.009929838992,345.625446249055,1108976.98715192,SMASH
-5.45276778172189,1.33403763379869,71.9644532870926,-0.216303819784039,2.51728144676929,0.448048190136113,66.2088538133281,75.239076225516,0.404779455983433,73.9775859365112,253.261868014241,138.275231294547,345.125165674248,788498.452022954,SMASH
-5.70427684620407,1.40362025498251,75.1521377318869,0.160624519757138,2.2796955945165,-0.0196268086436533,69.1449536573409,94.8019629846535,0.585573108096171,77.2575183956555,253.003983053108,144.350285106231,347.790196603761,860086.19016629,SMASH
-7.75388439534645,1.91026180125809,102.220577583593,-0.27559629529207,2.46906775455008,0.15204738363501,94.0396125231789,74.1443657013851,0.338455764899877,105.079493362771,252.877202401109,196.36010993887,346.0779173242,1591085.42909931,SMASH
-6.49866081357418,1.6015970580778,85.6926612262757,0.148448846088037,2.40794401864839,0.102286606576581,78.8461905171944,89.1864347972182,0.269094248118832,88.0924919645873,252.889716323905,164.629193217014,348.571194419609,1118310.3946093,SMASH
-6.10274163678477,1.50954988645044,80.4166651653479,0.218774432403771,2.1492949494748,0.39422667356522,73.9929443658993,87.0579233649754,0.418253477029911,82.6678543668648,253.190795697364,154.54487108202,348.484871866054,984738.29634463,SMASH
-7.71890792492019,1.90689146078292,101.792902920108,-0.0222466042248939,2.6996846955543,-0.152014226861259,93.6527341115403,89.142552271666,0.564100811544905,104.641624758221,253.655585787271,195.559701680729,346.316130260218,1577720.6405798,SMASH
-7.87095925190364,1.93640361319912,103.763109495591,0.0669793805594411,2.559690898171,-0.0575125821261321,95.4727677086124,81.6277475938601,0.219698676720067,106.665635140536,253.030544690708,199.266092475399,348.893952319588,1639472.10260446,SMASH
-6.22087718415877,1.53734794630405,81.9724054770462,0.0777127246479316,2.55712760587104,0.0724577056204622,75.4215570806239,98.2018610645738,0.494308919965811,84.2687448876826,253.038843342159,157.461927069922,344.895139059089,1023243.78039441,SMASH
-8.22232159856869,2.02562238117016,108.333157122033,-0.0571255883915769,2.64355633440915,-0.0632888922189946,99.678473728864,99.0100114809222,0.594415651239022,111.364705200309,252.942941672413,208.155847090024,344.124454755084,1787119.71806339,SMASH
-6.47797555267781,1.60022570193321,85.4023476640745,0.127843002272169,2.81043005557233,-0.206960799344672,78.5771661550545,99.9316551069231,0.529291222913896,87.7930170335984,253.003389450178,164.095962701484,344.597650216728,1110645.00545244,SMASH
-6.10044631977905,1.49812493773863,80.4314456513818,0.0874737970085761,2.93115908222496,0.173280273882504,73.9865038632845,91.1778303928744,0.212464178735917,82.6803793796186,252.809283493659,154.435180209358,346.568700795441,984923.547330297,SMASH
-5.99857406471075,1.48100870675518,79.1933459296826,-0.009323642337521,2.61574499064868,-0.0960395015302891,72.8730313050582,89.1600005387553,0.274356493243256,81.4095186999689,252.83027999381,152.169930958306,345.259397546505,955123.761957572,SMASH
-5.26852821725457,1.29808634613264,69.4859292528678,-0.0877522297150741,2.4455190202097,-0.191010120589167,63.9264749479673,80.0973696131411,0.235633436056184,71.4320045095275,253.347814781686,133.45787454142,346.982390340386,735234.18432659,SMASH
-5.07689134205928,1.24828739423056,66.8421222021658,-0.312420670033033,2.24685034308107,-0.298998279015837,61.5008190458035,84.7800668814377,0.322229904308953,68.7140623970324,252.821429030233,128.445099134969,344.995180198177,680262.782989658,SMASH
-5.23464112640412,1.27955025814788,68.957106846251,-0.214344189029443,2.18974472359796,-0.0630562648543744,63.4473890030584,79.4991766417606,0.433423764907399,70.8880586849813,253.300063341182,132.46612030169,346.893224932311,724139.044246481,SMASH
-7.91219653682855,1.94109509172425,104.217958610366,-0.0478152038003991,2.60831117378342,-0.267415985541144,95.8763974617328,77.7166526023772,0.531920822471089,107.13639801316,252.89716626273,200.129352864736,344.638013821031,1653775.38249394,SMASH
-7.63213162228837,1.87940600469634,100.642061001105,0.0170738709156771,2.41192173244858,-0.0368919251463205,92.5853936709451,78.3702979538616,0.376776121481031,103.458954430753,253.106030764911,193.27160536116,345.837002262669,1542238.12603269,SMASH
-6.37488896770055,1.56380430423474,84.0982346174511,-0.00486338248419067,2.64618147126658,-0.026625655411944,77.3731389491159,85.7661845214934,0.529674675890522,86.4523472747865,253.083036177288,161.571262053119,345.603367918695,1076833.3103647,SMASH
-5.98138644307197,1.47683832501535,78.8196565490532,-0.0541756575362226,2.7308636197224,0.224798855274213,72.5074270686258,79.7596870684283,0.335346754993847,81.0241959471028,252.915638940927,151.385788378677,347.800330634981,945820.217252905,SMASH
-7.49101082672087,1.8453685417218,98.8892147392524,0.144138062589559,2.1773505782578,0.250957083519696,90.987882857446,82.2300543978621,0.35112839636171,101.655792890272,252.879494604851,189.93789069598,347.249698224272,1489145.54318551,SMASH
-6.47461050428402,1.59461745574738,85.4080813332603,-0.179896012690423,2.20041118664647,-0.0514701391247995,78.5874564179843,90.4445642221911,0.347874235406153,87.7984151557668,253.180452547499,164.106751118217,344.417588728244,1110789.50796744,SMASH
-6.4815584738778,1.59800330851139,85.393513539118,-0.0347722354185815,2.42548436470207,0.19139832701415,78.5709143605894,95.2804433930843,0.338056896439559,87.783670093069,253.223946973174,163.985181767864,347.71980027815,1110473.03601538,SMASH
-6.28341798002408,1.55442773687892,82.902774445076,-0.322802175479815,2.48502712504942,0.256370861176601,76.2737097032323,95.1812671896352,0.459807412442733,85.2225528061262,253.158853442256,159.242278455871,346.28170215672,1046637.25164428,SMASH
-6.31468021342114,1.55559480108841,83.3242748088515,-0.173319650286728,2.57334063174236,-0.0469290431605958,76.6615592050395,93.9295381367468,0.384182282016509,85.6561728504441,253.15019764493,160.095943502581,346.583150546987,1057178.37743767,SMASH
-6.13669510047449,1.51207364277737,81.0252456249876,-0.0494819520244543,2.48557017385291,-0.0746693788784963,74.5467275131987,72.35364973872,0.527527214095356,83.2919355885422,252.884850492527,155.68226658893,346.053076036081,999603.250725025,SMASH
-7.89094522029941,1.94495826225629,104.069945119298,0.372670286525636,2.26743799214922,-0.205764541046188,95.7487614074023,72.1908492135803,0.34707499592265,106.982386134545,253.219366319645,199.843605142684,344.435525836229,1649152.72565856,SMASH
-6.53783121059329,1.60170010309491,86.1354409718968,-0.107007908471442,2.4012418253613,0.113667407044133,79.2549526563148,71.4317498762895,0.500491351559172,88.5468461777968,253.138092593928,165.561172477728,346.996699999605,1129821.56491196,SMASH
-5.09528176024336,1.25126474534811,67.152873705509,0.233794123153657,2.87792735774953,-0.0111601652625909,61.787139169353,82.3587349786877,0.403559111706913,69.0323479678101,253.141472889226,129.013307068474,345.277495463309,686712.743879821,SMASH
-7.88200251369018,1.94082848351766,103.871026386262,0.0461135215316449,2.72183937669801,0.0541613444368132,95.5688526696387,74.2374547935875,0.208930634737029,106.779268413868,253.387222365074,199.552494253642,347.089496800913,1642977.2402172,SMASH
-6.38347085223004,1.57026652571938,84.1695066255802,0.18834288557939,2.64440450539282,0.270088089501672,77.442371964713,73.0480459162269,0.203156904645902,86.5241932933602,252.895900062835,161.655283563838,346.870166229091,1078746.2073047,SMASH
-7.4004760807227,1.82566485819928,97.6288180114439,0.161076967395912,2.30595677958595,-0.106704302302143,89.8265453348623,98.2784626690312,0.354577344275799,100.360702885342,253.17164445432,187.450266298558,345.065050082922,1451333.09643257,SMASH
-6.428573446823,1.58933090177834,84.8326668828365,-0.0264828292091971,2.53808443710558,0.0771765979388714,78.0525407578481,78.4904445393771,0.567062646864593,87.2070789856159,253.221934482971,162.941561916688,343.214427495498,1095907.63926812,SMASH
-4.97477237196355,1.22300201597354,65.4611568638769,0.0284506736403189,2.5082470711927,-0.213324751966972,60.2249053023822,77.091697447685,0.537270021228388,67.2930369356654,253.046766169992,125.815690924782,346.222770657622,652426.676919664,SMASH
-8.06165688092697,1.98651600563253,106.286822081245,-0.0345588183246845,2.52740397970054,0.0609868406854732,97.7923559374259,93.8361593237436,0.352062940165525,109.260546933336,252.807361824825,204.131250023088,346.26600250383,1720142.83562311,SMASH
-7.2190901746641,1.77269434120146,95.2157754293278,0.0368002750055818,2.60523228938794,-0.434227767822732,87.6009575538006,98.0325287412514,0.255382995640134,97.8807426154832,253.485678343545,182.956045646028,347.265493033119,1380461.3679705,SMASH
-6.20452442070161,1.51894795244447,81.5865101306324,-0.00737418010609442,1.8446641994868,0.0621794868544586,75.0649534829993,95.188021782835,0.273500958311385,83.8697960661249,253.284147588436,156.698018871712,346.858892517072,1013560.65872403,SMASH
-7.36535596381682,1.79798451310914,97.0258553597816,0.176703674611213,2.61283992334309,0.0997335604472688,89.2700797861754,88.7891157661746,0.526104818109589,99.7420586845254,253.219740407429,186.340502890472,346.979734081951,1433537.75846555,SMASH
-5.44792656763403,1.34078176742401,71.8172482042367,0.120457150561664,2.34509037617931,0.284866928841848,66.0735120084109,94.3558880498212,0.35870129247997,73.8280925075278,252.825736507829,137.96947909036,347.033646792945,785440.020081811,SMASH
-6.57652395653691,1.62359106820835,86.7197086381127,0.028006477499279,2.5516513732076,0.252252939177296,79.7889832414068,98.5930451304586,0.287477747924836,89.1458672094672,253.136540964337,166.62284055377,348.278142442006,1145271.21645215,SMASH
-6.13018022338442,1.50685898406563,80.8151757116949,-0.0420526808306191,2.23621993778318,-0.128331666679265,74.3465427884076,71.2734501473672,0.483842170448752,83.0776669504379,253.012733358957,155.207952059201,348.337770705049,994461.915855923,SMASH
-6.55862305986494,1.61001867877987,86.5246669644164,-0.0117847007370526,2.58587488337614,0.21772942305986,79.6071873713038,90.6904222967293,0.550307590689286,88.9447951237374,253.153534819032,166.27051937838,346.463585032508,1140044.62393979,SMASH
-7.62233820111702,1.88070029212325,100.531498978658,0.0280796084073946,2.49954800833756,-0.277700474940531,92.4927602130862,76.2197438740206,0.262559852022081,103.343554932328,253.145110043455,193.090616798972,346.441253727212,1538990.93323522,SMASH
-8.1199433961473,1.99673942983188,107.104974119463,0.180419240425992,2.35313206136607,0.229529966674503,98.5392082947533,94.8032352957878,0.383730736934282,110.10012277904,252.495500252429,205.702285968895,345.813226877036,1746827.65827853,SMASH
-5.03834706439944,1.23986492691086,66.3722962546355,-0.0335741630957424,2.77433145545569,-0.151466649698493,61.0680334300966,85.5618078370852,0.318096419819743,68.2312332109737,253.328143142654,127.465452071937,348.224226390484,670862.335346333,SMASH
-7.55854841251053,1.86188380611621,99.5957216021694,0.154585096386523,2.62352646262395,-0.114689106394039,91.6295111973999,77.8840619149224,0.366491394623822,102.383148748701,252.925291632083,191.319042332406,347.816654736642,1510405.09912091,SMASH
-5.13375232158243,1.26417864859209,67.6658277347684,-0.211238477112994,3.11448330492708,-0.155619149641762,62.2522759110495,82.5352122778347,0.371045791641006,69.5589766870006,252.9093351295,130.00523843814,347.724583528076,697094.785884064,SMASH
-5.4848270799206,1.34701731506654,72.327864096546,-0.00832418772360086,2.20129598112742,-0.0330266503409761,66.5568741036721,87.7177826336415,0.536430028071074,74.3514929814198,253.108479769167,138.974574485981,347.622258743173,796592.412987636,SMASH
-7.29817187545073,1.78748263804834,96.2348888654541,0.157010133450846,2.3674310858109,-0.371376918731202,88.5440676109016,78.3403765145889,0.363970284686329,98.9285826610582,253.053669272359,184.865438167596,345.198068791893,1410341.68885977,SMASH
2.48298097032779,0.676502293166974,1.00505743077651,5.20175347619809,0.651855459795386,6.00840127021365,18.7939583985927,13.9916138370178,0.827151082458891,7.90076566330747,42.2747463024978,15.134625042385,63.0646681965938,8141.14484770886,DROP
2.48332796677651,0.676988840180061,0.994181936500695,4.99798305821487,0.526167485364242,6.5232272258695,16.6240496301062,31.1307652584199,0.568803129137008,7.9091284224289,42.3054865924446,15.2725072944374,64.3918992512229,8155.4346689808,DROP
2.4749399400121,0.682455052828425,0.996553598590851,5.18048159673539,0.190139565750938,6.56991878879205,19.8769741837923,24.8255469518977,0.639918397492299,7.90667216300843,41.7870469391057,15.182388776326,62.0955141059795,8151.72674334445,DROP
2.46363288542187,0.670339833649079,0.997779453966372,5.32518471618484,0.4108447784969,6.57395109152782,22.6160801054283,14.58822987929,0.976225701506192,7.90938129177323,42.0718099643257,15.1577622427934,61.8043040889357,8140.65464109041,DROP
2.46529101956572,0.677650093244177,0.996554846728438,4.71893004945348,0.477866931429407,6.44528021618641,16.6815530371133,22.2774739028167,0.585814869443528,7.90902846127879,42.0860217887997,15.2175684243895,61.9436211100414,8141.06380734528,DROP
2.47214241020041,0.6794260246909,1.0009041105102,4.91290827367701,0.322383146618768,6.34380342146579,31.6473099908303,10.5076882431691,0.670721191843326,7.90727940020199,41.8663362732427,15.2178283149219,66.4320505274146,8140.87044893657,DROP
2.47108085657915,0.68070282419062,0.995206265189084,5.01500348478108,0.256527873562405,6.37526245671954,34.7271030526552,13.4762836642061,0.629064800421567,7.89990197459721,42.0964972073303,15.155829770261,60.4167795661957,8134.09725127671,DROP
2.47318369422939,0.66806797108348,0.998559111456796,5.37296282628971,0.343686207125243,6.13137401718221,11.8596502162709,29.9880801702957,0.784833600037395,7.9117822406756,41.9220236673123,15.2005328125281,63.1962985481038,8155.80807529369,DROP
2.47510463478434,0.669375224364177,1.00312866296178,4.98709178314094,0.0934377427641079,6.45750012713417,29.8459570589883,22.3900380287345,0.838814392810261,7.9120221817481,42.3505794404055,15.2030128958797,60.2519196903335,8158.29484652589,DROP
2.47031035629386,0.675265235898398,0.999334227494413,5.07125704544732,0.357059817184439,6.10201244188578,32.7491090230924,22.8135998625955,0.982749234392002,7.91384471473858,41.9764608608086,15.1849467129639,59.0818662244455,8155.19824857055,DROP
2.47557619667258,0.679257705585869,1.00941995693266,5.08909114677062,0.539177740520769,6.5006380683482,28.6963061013565,27.9578238444016,0.682584789545201,7.90226314902089,41.7571531506615,15.2057630577754,62.9374108813138,8148.96708930268,DROP
2.47202935996848,0.688269318198258,1.00031222939974,5.00048228512829,0.617530916739372,6.14696017331054,31.7822688068145,25.7123301818922,0.592094290910097,7.90304051291975,42.1030145524439,15.1765140768628,61.933386474157,8143.36855467049,DROP
2.48408491443465,0.671563248198722,0.99565343797693,4.93344437740587,0.287655156500189,6.42920907388036,10.1626287847429,34.9136877247292,0.528090618417545,7.90281595849684,42.2348530691844,15.1969212825923,62.9598783581777,8148.98948227583,DROP
2.47808667848809,0.675772004058562,0.998551125527094,4.83633444466619,0.413605990271508,6.5308615787181,18.9435898818073,20.1818042253223,0.721689099030223,7.90621326581594,41.697748750722,15.2150323991983,61.4884243384449,8150.40977810369,DROP
2.47417606638842,0.685702145913729,1.00951713546652,4.41905543595474,0.498602097236247,6.62425834164917,27.3876144449488,32.6037679112973,0.7493310150929,7.90566558699678,41.967424750527,15.2029164462794,62.5411512602704,8142.30003397382,DROP
2.46536488555993,0.684492145914737,1.00040918765168,4.64493017547654,0.398757288584353,6.05853515534748,21.9183852028698,30.6873555451432,0.548856566877561,7.91053706379167,42.3538041566862,15.3102486548093,62.8588683872973,8147.84473588913,DROP
2.47700986435104,0.671014366168854,0.99381417116066,4.80415761010765,-0.109799370507784,6.21243566534093,12.3969466107806,32.5412785160882,0.912749812502666,7.90775968627818,41.9249285655951,15.1514328698243,61.797673187955,8149.71846076901,DROP
2.47421518829763,0.669037883645247,1.00371846731762,5.01868338301617,0.549853082256926,6.36447844615148,39.448115647682,18.2266068258184,0.762588876597551,7.92414832584169,42.069995160325,15.2527211990839,62.032134463063,8171.98315583247,DROP
2.47391107751172,0.673760276923959,1.00242273491831,4.91969772997225,0.295592838622921,6.14855371444274,32.7880030349955,25.4043121874067,0.503965746040394,7.90861297947792,42.1960702887159,15.1548778361527,65.9612284311873,8141.86123534588,DROP
2.46422290927317,0.67658134823568,0.997679318019753,5.08016605008477,0.061338140352834,6.53457554839676,12.7479269537621,10.2155183430825,0.912353881160038,7.89944718750015,42.013182285136,15.1715896322574,62.5493467672374,8126.53926692534,DROP
2.47197160165837,0.676639599748297,1.00034251705657,4.87503349726229,0.568390212492943,6.39501284332542,18.6599561816821,20.0195869225197,0.672087291703819,7.91199670162189,41.9837366912267,15.1760931585221,62.6747595999656,8155.74339418138,DROP
2.47181596253883,0.67777205849977,1.00318763541813,5.01686611416089,0.529180888140468,6.37989465291252,10.6502748426796,31.8664880527604,0.712171525731209,7.90848927023717,42.0699515880595,15.2370535050501,62.9292600807873,8148.23622399488,DROP
2.46915070547998,0.66843141618072,0.994202946641494,5.14244491657331,0.562675038402402,6.46214558460386,36.8164351580824,13.1762472979416,0.773282976938841,7.89995825482231,42.3238874704713,15.1359626609845,62.727246996876,8129.70227681423,DROP
2.47091648212035,0.681704124017929,0.995315072978572,5.23065619364818,0.196579212844856,6.6164151843785,19.3334507189143,25.9670666070922,0.560451489210499,7.90522437778309,41.977922348581,15.2259066398691,65.2097260034824,8144.28002795123,DROP
2.47212596320344,0.67476181863976,0.995895137264856,5.02775719889119,0.0907624817929447,5.96972073633909,36.16044273576,27.6909459881803,0.681954125352485,7.89965203562941,42.0183748240196,15.2166948274619,62.3590888163304,8133.73034679434,DROP
2.47164485598252,0.678137333629003,1.00342785728547,5.05293433723255,0.415169844832993,5.89773350259038,20.2292503625785,17.1569266493321,0.597065787727517,7.90262641859031,41.9576753114184,15.229641945937,62.7223260782659,8139.72584309412,DROP
2.47842842933438,0.672172924240811,0.995162367385429,4.8075044878484,0.614786706222966,5.99213960532843,38.5454025702339,16.1961312677718,0.683874136504096,7.8983835082191,42.1597051934264,15.1742560720607,61.3424704561277,8133.61830291546,DROP
2.47080444872571,0.679529147370077,0.993855158544185,4.74125570470322,0.285084271421901,6.48207866164445,36.2887157570608,25.4646972480535,0.8675302412576,7.90937541605854,41.9086696045639,15.2231379244694,61.5032800834463,8153.63984810788,DROP
2.47027572688982,0.669981599822123,1.00350495911203,5.05834282470849,0.149360869140348,6.422389585231,35.3611836452448,18.4621925802425,0.806547033725575,7.90781023668963,41.8357562657337,15.2211495393066,61.8550853897312,8145.28414277018,DROP
2.47102114541096,0.674449419142066,0.988756200813042,5.3262843089803,0.350598041085393,6.40458975080233,36.7829229855484,17.8201879570859,0.501855434537145,7.89673668798863,42.4189494550841,15.2181331743838,64.1263162105002,8124.5583058735,DROP
2.47768308137677,0.682266107275438,1.00485975279803,5.23576926931919,0.425230077828631,6.57547968067118,29.5397505382094,21.2240797726214,0.726947398705617,7.90696692626527,42.1577174378068,15.201489621829,59.1797185251504,8151.38725458201,DROP
2.47123978716263,0.681285486608145,1.00087324962278,5.32616593306264,0.526812541700683,6.43543728987053,12.2631913137194,28.70346279312,0.633305290968861,7.90956111374618,42.3814252241073,15.1801202354075,64.7547394440237,8142.34810797662,DROP
2.48643594309302,0.675728530884961,0.995727546215081,5.02651339748943,-0.0839912754008092,6.23588301371882,22.2083358229097,18.3300566220766,0.700352837359967,7.90390262302276,42.1471654357027,15.1545607477593,63.5660353490862,8148.10094641387,DROP
2.47928675245325,0.674700140136349,1.0029499906292,4.90265433787021,0.29839629665833,6.56834681636126,17.0425818842316,21.5625154537093,0.671972300194977,7.90759256769096,41.7810676403197,15.2198454877476,61.4212391302218,8154.45494945411,DROP
2.4859106890073,0.668300216090872,0.998944054555673,4.65988348236192,0.134366955682919,6.05657445570633,19.8147215045517,29.2883173301798,0.803634909112414,7.9023438637487,42.0361526328831,15.1881468710276,63.6187909774643,8147.32421229309,DROP
2.47356807595711,0.678129511548504,0.989474216381748,4.98168309345261,0.597653458191128,6.13495552250626,18.9164706729613,27.300317680397,0.519902197045604,7.89930789809897,41.848396146295,15.1837521792919,61.6443701662638,8129.00265007878,DROP
2.4695208570075,0.672780816812698,1.00292681871838,4.91478988804962,0.147264389657478,6.65306713215582,29.5247903922611,17.1145295558978,0.698286169525307,7.90589875901296,42.0085131407614,15.193856007331,62.0214331678222,8143.62038461355,DROP
2.47131349946806,0.673284496147496,1.00154331527779,4.60357564928131,0.461917979326753,6.00601618739746,21.3691975640939,34.8232927394454,0.523891017967612,7.89418030926997,41.9377781082709,15.2268717574885,62.6679870285064,8127.20850415593,DROP
2.4753061982232,0.673362498578589,1.00558806365701,4.87191158162551,0.405647796315987,6.17930675195416,10.890364929897,12.4741406269857,0.996295426553315,7.9136833747559,42.2560869200854,15.2454319196742,62.5804822873058,8161.4526385594,DROP
2.47074946914232,0.669018823675207,1.00062141752676,4.83445064595471,0.459737162374396,6.74464473718367,22.9146806768469,27.0721684699997,0.888311436388816,7.90406130395659,42.2772151244788,15.1440216173065,60.66510140752,8144.41490860863,DROP
2.47606450938403,0.677795413045043,1.00322857910159,5.03133022175792,0.415099457726091,6.20899805988394,28.1522276276761,26.3265755185372,0.666062277152871,7.90165021656824,41.9607043588928,15.1939225301055,61.5757464964183,8137.43771020785,DROP
2.4766816865797,0.678195770409998,1.0021746294667,4.82991628275774,0.257323351838001,6.12067836203714,21.5117831187072,16.904055875899,0.805992228043301,7.90410424129894,41.7210235257618,15.2216864014541,62.59382990491,8148.94770009729,DROP
2.47102797623858,0.678319147312246,0.990520381813037,5.25914611121961,0.567560455349832,6.30589215600897,18.8526133482388,16.691194625354,0.757443787996404,7.9051971596784,41.9687112342907,15.1700200857021,62.4532726595795,8137.34462405216,DROP
2.47362297919044,0.676640586851891,0.998311435608302,4.93588962945036,0.379001522074943,6.57571735933267,33.9811620405615,16.6136035522566,0.651554099339616,7.91272066406441,42.0228352332832,15.1798008284195,60.5767889078114,8158.91572856914,DROP
2.47156391195533,0.678242014690992,1.00509255996985,5.12759122968065,0.304205551466326,6.21612313330436,21.7125440658385,12.2909407780456,0.838941707379122,7.9074420844423,41.8504694577278,15.2528651115446,59.1258495134556,8142.27764397623,DROP
2.47524295334233,0.687130766828841,0.99160108797445,4.77918684273815,0.185985070031591,6.21848112171069,27.8155519291754,13.7473155570238,0.608030070810403,7.89405854296318,41.964621962937,15.2428499483502,61.7700652119136,8120.38353447096,DROP
2.47715283086017,0.677299146268283,1.00229128544283,4.89911809370966,0.518231808655793,6.1007303558614,31.6525859352907,29.0764326814348,0.665271998319619,7.89382061827255,41.9479711994412,15.1912545369808,60.1575246912154,8123.3843829658,DROP
2.47636425876204,0.673511712714193,1.00245753163859,5.14114602334459,0.179345322493845,6.47180694784747,38.2082265826032,18.4811133346089,0.88916868460091,7.91195381441496,41.842425072178,15.1512947081275,64.4989360865738,8158.63180161141,DROP
2.46717821053378,0.674046269919624,0.997881176512805,5.0361598828454,0.195266362801115,6.15789574147127,16.5341138758521,30.9318265693668,0.973786588667297,7.90585955857723,41.7006653368415,15.1628624442559,62.7103848103943,8141.96586170227,DROP
2.47918783918405,0.673807946429585,0.995008939837225,4.77701739901291,0.615449525298186,6.50490420901275,18.8203695838367,24.0989705571992,0.619166978579946,7.91320052150269,42.15279083715,15.1685955160969,59.9636940448669,8156.55343925057,DROP
2.47992103682112,0.672650597287346,1.00354555893975,4.98263426822441,0.102407547438084,6.09800486754919,10.5566134343051,28.4380795264608,0.5490175224268,7.90821320118085,41.6206539050941,15.1712535941901,59.0795380997613,8151.93068139429,DROP
2.48833299500239,0.672509117133623,1.00236920762824,5.18210253809485,0.385778919981201,6.43191195219718,13.6796760894302,12.4624828851286,0.858472439475834,7.89779203860745,41.8496120902894,15.186951541527,62.0926350789928,8137.24114883662,DROP
2.47273130105075,0.680208992933998,1.00461492373752,5.08492564613029,0.294408573734643,6.09236573372187,23.9487959411663,20.2896145475472,0.958367640334624,7.90345573356322,41.6874303072901,15.1423572775206,62.6364013494415,8144.51943105517,DROP
2.46476422123356,0.67046194945874,1.00152234460617,5.28300378143908,0.640851669993171,6.06809750581249,15.278778391959,29.6889225767099,0.591120356039775,7.90559665405696,41.8136427133274,15.180986663851,60.9054108310583,8138.52481882239,DROP
2.4769675842935,0.67366103474879,1.01176821236772,5.00766817605214,0.354673309704918,6.4657294644354,33.6072180448557,19.4149183214277,0.82429770739437,7.91282809412756,41.9175146886261,15.1882763059007,62.5068775447135,8159.44362137247,DROP
2.45663684889511,0.668768254645698,0.998342760439665,5.24517896380904,0.34930319069561,6.01042118537708,30.6100990640445,14.8305771439862,0.768457556886769,7.91095735863058,41.9718848865197,15.1719016563957,62.0283685583318,8145.14489195239,DROP
2.4736559952955,0.671680714567312,1.00077373137228,4.96440549845382,0.65821010497426,6.5489481432655,18.9368173174339,27.8439928054968,0.680385575764318,7.90863787228461,42.0075890098386,15.1793690672619,59.8442976053536,8148.88420697919,DROP
2.47652853779452,0.676377095123639,1.00479353298277,5.22267710338735,0.241069907869615,6.23636111557562,10.4755444519978,23.8455796574737,0.951743507831712,7.89708741138881,42.2347247775649,15.1358061693081,62.7273217848291,8128.09506187248,DROP
2.47452810761339,0.671269729054481,0.989613516439081,5.2592721756678,0.711145054344191,6.33697424396812,35.2295644054402,21.3241424381605,0.714199313645615,7.9136694591798,41.736147723029,15.2760107916095,62.2067266766794,8152.76681173805,DROP
2.47067029584736,0.682597178651921,0.997556656773746,5.44850823755906,0.292084232278307,6.19915832196202,11.270142852636,11.7422182009835,0.840383485350564,7.91116608713129,42.1224288515651,15.2222234425948,61.8857588585579,8150.68212051904,DROP
2.46991233507061,0.679963615314101,1.00291158160452,5.04262746973708,0.439630315935278,6.41033573764635,39.8545700691603,21.1771947060938,0.742399284658875,7.91255474428989,42.0615734686432,15.2023562706813,62.8198291366921,8148.40294947214,DROP
2.48275614863415,0.678160956323377,1.00529516061675,5.0549485188887,0.285047989946148,6.53493163339992,21.1622257560966,33.622899022505,0.839935403746902,7.89660755029184,42.1325045320704,15.2301660490744,64.0898958926278,8140.97586961804,DROP
2.48906768893268,0.685683664854692,0.998256294383696,4.78101587118071,0.230432092923931,6.67661577083708,19.560506875252,19.1622312162353,0.810510990261383,7.9007795395455,42.0061063911011,15.248744801484,64.2834549229812,8149.60760259128,DROP
2.47786003722256,0.683587227478064,1.00294072751001,4.86305875514157,-0.196598720017481,6.06808255634236,14.8272608634631,34.1910913411476,0.53543049448813,7.90119833890585,42.3043314935396,15.1206063401969,63.6772256739599,8135.12959445034,DROP
2.46765586374013,0.670822090697733,0.998883645968695,5.45619353683739,0.673553432334688,6.18807854347979,25.1590929671892,27.6758941933356,0.744155338540354,7.91232565612532,41.8879166555738,15.1746318477954,62.8333688847534,8149.03925383382,DROP
2.47383596852398,0.686089826113008,0.997546452455864,4.89943596889669,0.397551336194013,6.2831576040831,36.6828878740871,27.8999003279515,0.720084303065506,7.90049514942965,41.8949633073951,15.1721277466497,60.1434105409517,8141.00711903587,DROP
2.4651384686431,0.677114863666807,0.999357850850349,5.10246910494456,0.606803701758233,6.28967820791968,19.0619856286056,31.232261012167,0.549070054020858,7.91372819778132,42.019222442001,15.1742955040271,62.8733266058269,8155.83560224608,DROP
2.46874004164966,0.669535854046067,1.00602224819397,5.08370898080343,0.532182642158057,6.22538189227373,14.1180848402941,11.0550544206184,0.639593387301853,7.91182093348885,41.9432461498074,15.2060148391493,62.9817891835147,8149.26328862698,DROP
2.4781120135753,0.677766792622968,0.999909746762723,5.02093937240217,0.323425027483071,6.23546790700074,17.3762440733144,14.6928015151987,0.988289082640755,7.90490811700359,41.9054683544536,15.2408060696307,65.3329489083057,8149.60671882111,DROP
2.46855432119113,0.676303195752468,1.00011849071961,5.31190147847841,0.228579403806062,6.57712231767113,25.1689968352525,29.5332226890624,0.503633364471342,7.91465664588027,42.1558125900346,15.1205516286028,64.8635526059718,8147.17602581098,DROP
2.48389963052655,0.674810026111366,1.00304461356244,5.28962752826491,0.338213389959756,6.19743700145177,26.1988996281216,33.7340589508249,0.730088219853632,7.90726266704911,41.7787241026806,15.1936100600539,60.9313427005562,8153.02099718343,DROP
2.4742336615963,0.676997790997919,0.998452650608109,4.99592417348228,0.530609313353691,6.40849545022927,19.2708253246043,13.4524843435187,0.665576417047178,7.91113723342119,41.8538450831407,15.174892451147,62.0163527839681,8149.9911504462,DROP
2.47607516845043,0.673776470074583,0.994615499782192,5.26440552047378,0.438270612841539,6.41232576040839,38.8280175686756,22.4033638375092,0.731131852094741,7.91004551554455,42.0682363996819,15.1969670546129,61.6135505974154,8153.16768929784,DROP
2.47252022457509,0.677382962481729,1.01126990023213,4.90968190799992,0.131035718690496,6.61321537593739,35.3086537617998,29.0336259978565,0.804296334783043,7.90266475057185,41.9954434422047,15.1660362996509,59.2638599347045,8144.59605603172,DROP
2.47260607678029,0.67455197177781,0.997506089139927,4.7588429457917,0.245763383884235,6.34528796081947,29.3728696788925,28.7684848510888,0.76813382910518,7.90629996432133,41.944134548388,15.2059698004149,63.6332458037819,8140.54694859783,DROP
2.47477883890471,0.676488823441541,0.996181182909698,5.05232024836668,0.233837227063609,6.29782020561341,19.2045734805057,14.8473356711772,0.782837220023867,7.91036162590734,42.0133546791289,15.1971310509011,61.2286918848615,8153.77909699355,DROP
2.46844605834667,0.676345522645663,1.00448814309508,4.83852709440469,0.340156892860567,6.90048389075371,20.8192449868801,19.4382144442824,0.719406906234511,7.91322425062315,41.9300672852286,15.2531681486876,62.0154055484895,8155.25462736803,DROP
2.47504012063465,0.681711105828066,1.00283497808561,5.30917066584792,0.224160610715353,6.31783045039251,39.8186188461387,22.107091396454,0.735630155158898,7.8982210442278,41.8486476717573,15.2328049551948,63.9964316711715,8133.50360368455,DROP
2.47598699532865,0.675350103066084,1.00770940934384,5.31399429248421,0.353890982613988,6.35127863776951,34.5625723056918,10.7879647020942,0.546675507438056,7.90588092601499,42.0377378570557,15.215427155727,66.1349460290339,8147.55247087387,DROP
2.47543204343665,0.677755878963935,0.998056781782299,4.5486780076574,0.275792089493931,6.59461906368399,25.1665665795533,24.2000316444257,0.884948880041885,7.90955360463983,42.2857274248583,15.2057245512846,62.1802744153162,8144.57187349277,DROP
2.46706423919829,0.675388856057174,1.00233350299502,5.03064683942276,0.617422454122844,6.38113129442273,26.5376326395225,29.871537594926,0.628416993061827,7.90096892230733,42.0006127208739,15.1422326036833,64.5608531975449,8135.0082091772,DROP
2.47769329567763,0.677809932714172,1.00120265158501,4.82772089633376,0.38414381170414,6.56975071272031,36.7749855400785,21.6010851963003,0.616572758857054,7.90975372729634,42.1061929521717,15.2627452476294,63.3636123077913,8155.15236490718,DROP
2.47406299295537,0.67069870863937,0.985525455682485,4.67142531695828,0.349242188803299,6.65526267292318,30.2768108470114,23.0596903802081,0.658241142375995,7.90639417647512,41.7586235577416,15.1440548058222,60.3531022912938,8137.38438803709,DROP
2.47103810566143,0.674052934682315,1.00700003272272,5.06902631572395,0.12356692627145,6.17696340079091,24.2377737158655,29.1560309941981,0.635605401329161,7.90269583652747,41.9612343771973,15.1964813505323,61.6343056475653,8141.89565845999,DROP
2.47015494142187,0.673359661831302,1.00091853268526,5.06931494319194,0.325336816112111,6.22711775396523,39.7879853770656,34.2147708227523,0.922180393657548,7.90857178921504,42.2191778234368,15.1689211547207,62.4911891799317,8149.049898328,DROP
2.4693215816106,0.670738944646821,1.00408305210876,5.02251890144211,0.14106751028675,6.2478323225081,15.0014726469831,16.8772590718628,0.675488086364331,7.90431013993165,42.0136546259981,15.2268158160551,61.656643605206,8140.38363742164,DROP
2.4781397370923,0.676604824910953,0.998269229006399,5.03943753802226,0.202641608264963,6.11372505711336,14.6722616158059,25.8822918300315,0.634184465571778,7.91410697782274,42.0681844653434,15.1888426427276,63.3505392875913,8160.21158197341,DROP
2.46995706319471,0.679500633304972,0.995987976216247,5.42839998524949,0.26401106491834,5.89858466743804,28.0842694038289,11.8676050527206,0.976661595356641,7.91521201742104,41.9092343612175,15.1532934776312,61.98480415335,8154.39468614705,DROP
2.46991943434866,0.681168735375669,0.987743933110751,4.98637506820672,0.334674711130634,6.50854378555974,21.1118266424146,18.6937824486791,0.731456137427721,7.91042638001134,41.9319538683669,15.1665624156728,62.0686119657179,8149.59847051742,DROP
2.4695198020226,0.675952491759568,1.00303045276867,5.07843957390067,0.317744287970203,6.12809830759167,32.3549338484914,21.8380415057472,0.833627317484751,7.91109243306205,41.7958552537478,15.2000189068111,62.0032613282635,8150.7009679411,DROP
2.48910836389673,0.678119528711745,1.00641954856207,5.17427936268647,0.488864362254594,6.09887777877472,29.0432818182904,11.8760630399929,0.599169028527493,7.90907737904986,41.9836736115833,15.2076959079964,62.532407635111,8155.16879392478,DROP
2.47610466166793,0.679310869000726,1.00000508193461,5.21677400771169,0.269664071121823,6.51474231594115,22.1160732216098,16.9973956803847,0.595733648210967,7.90820108664862,42.2592881629249,15.250044807604,61.9022596569649,8158.72815483691,DROP
2.48499775887371,0.6689389626802,0.998413347999298,5.22910934221797,0.356819651547835,6.3031262654862,23.8007332106697,14.1391749038808,0.767416054892611,7.90814819663664,41.9151385881115,15.1779310676489,62.3387206335845,8150.00478672612,DROP
2.47227605694381,0.679713081143865,0.9968224012945,5.1242065698796,0.702295858118551,6.09865464827435,23.3736384667551,14.4578794266617,0.731949636364214,7.91631989496366,41.9966092589931,15.1679539551474,62.5368541671217,8163.72386306464,DROP
2.47383437104725,0.677327918936012,1.0048618241622,5.15403405699104,0.429051706790148,5.91417236575655,22.6027487722846,31.5900330464811,0.677616390008208,7.89838586343855,42.0665626043972,15.2246892755752,62.5973264776181,8129.97924446234,DROP
2.47688796318683,0.67680811128403,0.998072778742632,4.92707531898544,0.0724076984494468,6.14640381718592,28.4281576924475,24.0283818920639,0.716450476780929,7.90527499060526,42.2432375364622,15.182918004723,62.8281594736987,8147.15954091077,DROP
2.47311616441464,0.68491236124588,1.00057060711396,5.50367034370855,0.494464402961598,6.29992808253291,25.1620867547394,27.3092470833143,0.56770893804612,7.91189002140278,42.1979215653658,15.1708551684108,61.9036286093163,8151.83642344816,DROP
2.46420439005423,0.672514200513078,0.994676446376259,4.8632039946703,0.41625226881081,5.87688920864513,19.1266098663668,20.8678159903345,0.620735424312048,7.91646184071439,41.4931470298488,15.2344946674658,63.2734381171286,8155.13223125905,DROP
2.47366583459534,0.680883743845925,1.0029451010401,5.387769050244,0.575686768714851,6.61102599538994,26.0719261342913,16.24718887489,0.918893607775458,7.8986076461704,42.3188808175508,15.2062090168377,61.4609382339198,8137.52731580472,DROP
2.47990421604604,0.679166708376116,1.00888405088384,4.97950124705045,0.350053644070904,6.46252291064224,22.9850359467731,26.082199016081,0.648908134116835,7.90063262156501,41.7959501038649,15.2049665407543,61.0073699070228,8144.82213576851,DROP
2.47277345780099,0.681172367012308,0.999064066318508,4.97138860840579,0.571004077760444,6.23413237848419,19.4915166873141,26.415071987847,0.961931957220477,7.9087306103695,42.154613826856,15.1950630131893,63.9145670445518,8148.5460543408,DROP
2.47740462661316,0.676391545789157,1.00416382842615,5.13151179082508,0.0650215849784143,6.17302789833396,29.271038668597,26.5864791091686,0.676542637111151,7.89874330232462,41.9675210402821,15.2042070118195,62.478999979954,8134.78859972726,DROP
2.46772696381713,0.67175696354216,1.00014146653552,5.06300222461596,0.222233544196277,6.12274550265575,16.5128545810093,15.9272275854558,0.965429195997608,7.90271433359031,41.7340390187301,15.2127718568796,61.333537526727,8134.02727293105,DROP
2.45937371990926,0.678940765522933,0.999123674494312,5.12163288438735,0.115810678998993,6.5942340006942,16.4480360836581,21.0481346995583,0.686003313250246,7.90940494795673,41.8628249725874,15.1694321755816,61.8229663685083,8141.21937356268,DROP
2.46520088004955,0.682274883334985,1.00233100959902,5.15425882882088,0.225468371035018,6.60272804043845,25.0424500509962,15.6601375558996,0.523054985414615,7.90160754961055,42.0124482914131,15.2248271468224,63.3906911634073,8136.96500975299,DROP
2.48129902306574,0.666420822185132,1.00412514961973,4.79007184451882,0.356487240999327,6.40967764243443,17.0012669884606,24.0666122818979,0.518041725321082,7.90235700449516,42.2454057702242,15.1609948841787,60.3348464018928,8141.28290181786,DROP
2.47508575569443,0.672737403434493,1.00097748725316,5.14079885687846,0.041176630453807,6.06052590947064,36.4859342571255,32.4956876065841,0.959545871785516,7.89698986644484,42.3415769285806,15.2141983454346,63.4842242325082,8134.23489478217,DROP
2.46255111520531,0.681048996185152,1.01033929286503,4.91265993281284,0.535782937006327,6.23682802703106,29.2894164661219,22.3642583330143,0.699143674827101,7.91192004395392,42.4190075419375,15.214203600266,61.0643249320514,8151.09617619248,DROP
2.46898515870106,0.673587640280181,1.00500569601942,4.92882776714443,0.49369171916084,6.27885811002733,10.7241185402353,13.0311517553336,0.893147902990474,7.90766849508439,42.0556318047865,15.1779386529779,61.8828405636446,8144.56916023068,DROP
2.47748030448093,0.678112871431496,1.00378162342919,4.91939036758909,0.287627011049131,6.10873785444266,13.1233720731446,24.887334957699,0.701395931221769,7.91583818236141,41.9325093554678,15.2470824559029,63.4157416938164,8155.70122198968,DROP
2.47468550363081,0.673414255197607,1.00215512232356,5.21067124168149,0.496299716767888,6.31438531148181,27.1225598207506,28.4726839310138,0.869419907503902,7.90116559414943,42.2849412750169,15.2035671427402,61.8685696607582,8136.11130014679,DROP
2.47653046729987,0.671214041919336,0.997726741885671,5.10387945849285,0.431444623497614,6.52774788465404,28.4983064366179,28.8849834320391,0.740977867384211,7.90563923366827,42.045451843801,15.2090736597578,64.5038000867963,8149.69412647199,DROP
2.48028420812425,0.671293373901285,0.994060534120539,5.20792779937947,0.276612552105615,6.24535865199169,31.5878476383008,32.2020502857526,0.628729965579295,7.90533631247693,42.0228430069407,15.234264016423,66.011474824847,8147.67478991821,DROP
2.47220249468428,0.678922411403111,0.999623188391645,5.39763607841056,-0.00871570707157097,6.36637340197531,31.973199612696,15.58048420143,0.902260365901819,7.90475249508138,41.9793405523614,15.1890599177504,61.4217384448457,8142.08850838636,DROP
2.47701585258529,0.67690707524793,0.997865381653203,5.05394876472625,0.2329805459588,6.23710635758384,36.6701403034297,12.8382967985318,0.694032329431575,7.90890598498947,42.0403494489649,15.2095545850027,62.466497626364,8151.71401829788,DROP
2.4717351667716,0.670880200569478,1.00233769734073,4.81679598319835,0.1353078240587,6.3067873265015,17.3810599809718,22.7441033028711,0.753011526688806,7.90146127483826,42.3505976299018,15.1771663220252,63.5864026304434,8141.89027110466,DROP
2.46981124202153,0.669751265668469,0.998050170819256,5.17109974246075,0.211418014570109,6.24617578994729,33.0043171487016,22.1769465450698,0.934507787441139,7.91947150022359,42.1528951157337,15.193912367648,63.4170357149046,8163.74360577735,DROP
2.47781616316936,0.669457816085327,0.998581958598762,5.3151197268289,0.218145664092736,5.89536835510379,25.035234302572,31.9164359077783,0.990991972624931,7.90817156230888,42.0403708568767,15.2814626441691,61.3982358890687,8150.2404331501,DROP
2.47669785989152,0.674481943948288,0.996957261061368,4.92954584504722,0.259296414152615,6.12596204546329,11.9176617852021,18.7265317922476,0.727481137303591,7.91427471942015,41.7195746536176,15.2318570942891,64.2076200608329,8156.60963681797,DROP
2.47817206856173,0.682682471884149,1.0037938056859,5.00044159226594,0.528921879847928,5.99063158793999,34.9334623544238,27.6505325647791,0.583812886210858,7.89880933154839,42.2602213710273,15.2065344547556,63.8663830371744,8136.6372624235,DROP
2.47163554733112,0.673218971163858,1.00619451483519,4.97227568918814,1.12745646610927,6.09680605305186,37.2692295461077,29.9324835545546,0.903275506486625,7.90506609499916,42.198362367111,15.1887597461606,62.2494145412525,8142.95226195834,DROP
2.46904062467954,0.679792318301327,0.991783396703874,4.91969421907592,0.468864217800369,6.37358561078036,28.2566839319871,20.094802744685,0.79645792890566,7.89086241333528,41.9479329708804,15.1725487474925,64.7457004308244,8123.41318620497,DROP
2.47145281212646,0.672448633857281,0.997622450936057,4.99556494498847,0.41604545065396,5.98975776380964,23.3174121785681,12.2124625223519,0.81384875869444,7.91227130026948,41.7378678874144,15.242024378284,64.0621974461337,8151.58363474119,DROP
2.46848739982269,0.676771728776348,1.00871729339823,5.33122350346864,0.22225763663944,6.5504782495644,17.8478164385353,30.9675445698689,0.527741998603103,7.91093851414627,41.8783317550408,15.2116023370403,63.4401078802552,8151.38413882943,DROP
2.47643471260948,0.676448198694142,1.00176851478753,5.23423276632522,0.582855831956852,6.18755581872884,36.6618409007499,14.1188545741035,0.633469946842563,7.91024333470717,42.2162260746757,15.2041937259076,65.5829663768713,8153.68398898931,DROP
2.47799660127556,0.673295054166169,1.00400015690956,4.92204745243852,0.642896064772743,6.54072724236948,18.9648058429189,30.9841698867791,0.887025933711576,7.90956594734126,41.9049046067396,15.2336088026179,62.1786026188962,8151.57259504579,DROP
2.47310722277237,0.683038813781909,0.998033620603169,5.11898079965703,0.511948624189574,6.44745662655368,23.8350431140034,29.7199171923222,0.859949167144488,7.90614889590183,42.24476097429,15.2002254541337,63.0823478085029,8148.91033089207,DROP
2.47190159190674,0.669142340342239,1.00190807338145,4.88744926428337,0.268613522576299,6.09331327621816,28.161109125657,33.7161145259906,0.646067078754683,7.90540932745919,42.1473297567913,15.229801354596,62.1243071634047,8142.81019003364,DROP
2.47380239751477,0.683748801137991,1.00212947681813,5.36505648419385,0.438621311216815,6.45091801915234,11.3161820126492,15.5119617079916,0.657703615512891,7.90975318251211,41.6658557619846,15.2202174134195,62.7437475997752,8158.17861646896,DROP
2.47339593462187,0.67502702617749,0.99721953734012,5.32250155150131,0.647409981724795,6.02050853247757,30.0184009786227,18.0509756749522,0.785003526367379,7.90910395587484,42.3824109026144,15.2590328127721,63.7098288125005,8148.90001865714,DROP
2.47034454534793,0.673991431282477,0.991615740225264,4.76385418301318,0.481172057560797,6.29595724273858,10.8633965687947,10.423487409461,0.9481990807584,7.90573084384429,42.1953577343404,15.1099148746829,62.9928653242279,8138.54384498344,DROP
2.47487269090859,0.674164209337719,0.994888843301106,4.99710071451293,0.199184339775503,6.12072602752864,18.5469777455094,21.5682337434608,0.545138295379384,7.91605274928341,41.6544340323304,15.1616335751699,62.6892785624722,8160.87219243564,DROP
2.47195370221501,0.676255061310027,1.00585567409174,5.05828921130811,0.221975959494993,6.24265749559009,20.0653689163494,30.8616933571374,0.84178080785322,7.89440560904151,41.8356415540532,15.2355436188637,62.4084662437903,8124.69564408272,DROP
2.46973444616385,0.680053060850362,0.994761536441341,5.07787604689504,0.324741408163778,6.05098462885509,25.4151121515457,23.8717438528986,0.700398960171906,7.90931601258122,42.2525901255566,15.1430097613632,62.9482163216558,8145.42571852889,DROP
2.47620092039875,0.673773396554598,1.00201504441161,4.90345043784372,0.091831135412754,6.19062433271392,39.1684743731408,14.3028166932847,0.950098345237831,7.91417239555811,42.037908362341,15.1338836895156,59.9078298332649,8151.56677777664,DROP
2.47662542524253,0.681005208404422,1.00632475565966,4.96129000955227,0.433257417822785,6.36536839380812,10.5208616224896,16.8188161170413,0.61933123082342,7.90619035071122,41.8621500952043,15.2074496593579,62.2961072015388,8145.26546666553,DROP
2.47135363087728,0.669501326463917,1.0007868381025,5.18996348233755,0.517691752772889,6.42475278558433,26.2592293239136,18.7143159917364,0.969652854027765,7.91255158693509,41.8986346459904,15.2191075841228,62.5495937737708,8164.30813724676,DROP
2.47653303892231,0.680666615933853,0.993560813109465,5.19848578033659,0.297832630462123,6.41966474166311,17.453614988227,20.1156823200616,0.561697209828103,7.90607332430568,42.0938013541451,15.1537459056591,61.2623808569224,8144.12598410823,DROP
2.48176120681157,0.670675237021697,1.00705786323302,4.8334220733583,0.0246296532306968,6.01392273401391,14.4279491420477,12.2047576284132,0.562788762771173,7.90819472131515,41.9456865898407,15.2518964979113,63.2871589666854,8150.79988882035,DROP
2.47526869003853,0.685130148347294,0.992825128157795,4.78945763416822,0.15449973791446,6.22874861761306,38.5590096934742,24.1650760129886,0.685093398301595,7.89693816350699,42.0562831272657,15.2093680311838,62.0196514214643,8133.33207645098,DROP
2.47147981520987,0.683482122197535,1.00371422034989,5.08920577879293,0.192988943771177,6.2759812998757,14.4936612851999,11.9523250132626,0.72308606536772,7.90545218241,41.8579806115893,15.2103266971666,60.9984716014147,8141.81302660815,DROP
2.47049848050534,0.677107871271394,0.995676118699871,5.0766928798157,0.747649077093816,5.99645837645769,20.7569949331431,26.0776589263347,0.973355959186207,7.90656898641898,41.9447505775252,15.2632745042676,65.1066903924184,8150.81882086664,DROP
2.47298255955118,0.680257288150052,1.00264363951466,5.26663924807214,0.527549683149029,5.92134223576304,19.3161927101165,14.996479807617,0.600661153307707,7.90430642771299,42.0230829646333,15.1645014279172,62.0975479564781,8137.43528359591,DROP
2.47588336195997,0.680580351074738,1.00679578455604,5.01843311793408,0.163779769174326,6.58999504225149,36.8608568479038,33.9990017527466,0.851673763825296,7.90492601036698,41.9124317876961,15.1531191728708,63.6057045222346,8141.85756714965,DROP
2.46927673996246,0.665345879350353,0.993422092251212,5.34601405211138,0.109950314891169,6.78300244012229,36.6223497373046,11.9326652583557,0.676908755504989,7.90653862954286,42.1322270049156,15.1763983181241,63.8287139487912,8145.98567662851,DROP
2.48080043292733,0.681520581068814,1.00366175084189,5.00573620606922,-0.0537310931040157,6.08771229869043,13.6361392132051,10.2624912884126,0.53488436857923,7.917259164308,41.9449366191274,15.200757382246,62.0060519158385,8167.87580941006,DROP
2.47367104693823,0.672198442050851,1.00155020164914,5.10367451931566,0.514666098502384,6.0732100159107,18.7391924164296,21.4167236412275,0.912872870133306,7.90644875380564,41.9581548778348,15.1781641384301,61.0722914357358,8144.94316417374,DROP
2.47095628589696,0.671342243073273,1.00535449134066,5.13043745538321,0.599684632173748,6.18035069866968,38.0445651951358,23.1188850649684,0.700071794831483,7.90981223856248,42.1669699222033,15.1731704254171,62.6781906906505,8145.02551680379,DROP
2.4710617469802,0.673801760627467,0.994077217938985,4.99993896990964,0.394337335713893,6.47616321543634,19.1649247238378,29.2319232611402,0.643479033767272,7.9005592326172,41.9507338834585,15.2553979652702,63.2088905521548,8140.97136093344,DROP
2.47040551397956,0.674717172462512,1.00033441891648,4.99922067097619,0.322704227744687,6.20758417760085,30.4199828952952,12.8151174235637,0.797907760636764,7.90981904206882,42.0507917250931,15.3218048923153,63.5395373939675,8151.01325589785,DROP
2.46850854349372,0.674935303730826,1.00537606965611,4.94555987759762,0.377124680752668,6.06442402589898,27.7030291301741,31.1802739655492,0.984777733069527,7.90726585452747,42.1088540512909,15.2404455821402,60.10514492492,8150.7531249951,DROP
2.47082050117557,0.668139980270164,0.997301071401937,5.19280661459016,0.353889261472246,6.28125670999164,32.3346553725083,17.1101629539726,0.76297463304988,7.90509134104951,41.9410121483509,15.1602510801395,62.9957803367902,8141.50365075647,DROP
2.47399266759444,0.677189858319782,1.00636900483627,4.80673186123369,0.416987997379868,6.33787599444873,17.2307563429424,12.0193317868365,0.902729086178,7.90374786967301,41.9249395585144,15.1863391951716,64.0280956340819,8143.28799152404,DROP
2.47256478259754,0.676643844914115,0.999923553622234,5.16340421496639,0.230793066800663,6.09377935174288,18.6855433149406,31.495594580845,0.900053231569776,7.91668801196859,41.9407782022831,15.2380601694409,61.6657254336723,8158.92437811635,DROP
2.46530568204229,0.676241248091079,0.998995216975807,4.70600617904758,0.48899076766192,6.52730115429181,18.3390050790738,12.2951420578189,0.617001145864628,7.90553266635417,41.9109838265921,15.1936761005261,62.8551612539484,8136.99886794191,DROP
2.47879421574459,0.674016940697646,1.00683698437203,5.11179527736203,0.3979969060344,5.85767427316888,10.6329299895692,31.4089939960388,0.676453220353432,7.90317536311172,41.6215104814919,15.2177305615849,62.0206339829444,8143.02654794129,DROP
2.47392242473435,0.683038867897812,0.999493504391418,4.92664421325179,0.543580226454316,6.23681897912836,23.145311388905,13.1763096354225,0.653047370599819,7.90386689339685,41.9887360179647,15.1722999019324,62.7023057610696,8146.31259910891,DROP
2.46840991597462,0.68265330602652,1.00034826768176,4.93856046621901,0.434516886624733,6.2479006344566,12.6263031936043,32.9463538931389,0.959988652481676,7.90037932200316,42.2660415231323,15.1855188907152,62.745757633446,8132.74325120743,DROP
2.47790198379366,0.677489509021299,1.00232146252319,5.03953526000366,0.447086525365985,6.13280606685374,25.2430184968423,22.9575370355502,0.530350660839151,7.90487622331609,42.3198528171211,15.1856308050528,65.5342227772873,8147.66580121834,DROP
2.46558321086665,0.67923614307755,1.00484512813073,4.87476818538473,0.289664462373758,6.44880535595781,15.1593341871414,32.3748797196903,0.647714925500683,7.9072434526363,42.0407591469699,15.2055642215975,62.3387048192709,8149.53490012927,DROP
2.47321108885604,0.678299859337786,1.00162511643259,5.1063737414994,0.388749723322997,6.2013495244196,21.8746254622791,10.8589665948721,0.68058727378731,7.90792645781505,41.7656289783328,15.2829127270412,62.7367427815363,8149.69091373324,DROP
2.47889796520079,0.673219818207743,1.00122734909569,5.04107513999872,0.759409043187658,6.18674968932813,22.8211149117794,12.535256329753,0.6314307399786,7.90689757132535,42.3876498016957,15.2391934738977,61.8397651059813,8148.08803168177,DROP
2.47226856931985,0.681786753076175,1.00066892012167,4.92042385952038,0.353045208795647,6.47379164510147,23.1762784326882,30.4681118896026,0.69836484892171,7.90769568445651,42.3252754898145,15.2406486494471,63.3554847212822,8151.22042595998,DROP
2.47307518567987,0.675800202608075,1.00911029067796,5.01451505361577,0.617334757077955,6.00890338205809,28.6590333729569,21.8315164182548,0.707776051383284,7.91000994301878,42.0341183894487,15.2137024255513,61.4863528870429,8149.23930249465,DROP
2.47775385809459,0.677055837609707,1.00184433456927,5.09980298125242,0.681833072474553,6.13782031373045,32.1716576755268,33.2319533394904,0.54578397138028,7.9073983193338,41.7196233115919,15.1663092297772,61.7536694136601,8153.72675827069,DROP
2.469958940696,0.679630444858939,0.992463764573986,4.93888665163851,0.640615561071082,6.26150749230295,28.3134406110195,28.122242005445,0.590448462426971,7.90521363711629,41.858132600036,15.2087862550567,61.5194351976503,8141.75891843717,DROP
2.46723536326372,0.677059970359213,0.999516052498604,4.89263626442501,0.478951338137758,6.26808231949867,33.1298639358464,25.2123382290379,0.676221492190086,7.90400549655724,41.7987107741614,15.2013089351679,65.290751147111,8136.13033874012,DROP
2.46786812205825,0.686833454160466,0.994650625360274,4.95999169904507,0.33996898640948,6.01906336801148,25.2391038748152,31.1658437463124,0.621860084138945,7.91130339446262,41.8455398052266,15.1692175632929,62.230174861379,8154.537346504,DROP
2.46789756916337,0.677419067279455,1.00142667634626,4.39455839628708,0.326957355726614,6.53557919452241,34.544690388811,10.4740103147496,0.79391516318231,7.90538786397024,41.7765328044356,15.2081719247308,62.161288629217,8144.67131340908,DROP
2.46736192777089,0.688788212741196,1.0001101062858,4.90602771937701,0.316984271924499,6.21288307628305,35.1060508527625,17.2349443218809,0.58397410650551,7.90616750359517,42.2384513675784,15.2704957766909,61.4936233161392,8139.2338287531,DROP
2.46487510874013,0.679174292876689,0.998103849719854,5.343535866251,0.185511027839668,6.3455279930525,10.6472347330837,23.7278991120467,0.534068921614942,7.90326400926041,42.0799150535954,15.2181267094744,62.7049620826032,8132.43523486949,DROP
2.46705234172276,0.66994044106717,1.00069853478265,4.78531947412872,0.516085517007424,6.13031870086146,24.9864960032757,22.1610089226023,0.509993654365546,7.90260514187382,41.9930787760394,15.2065810761434,62.2504538523583,8138.86101045821,DROP
2.47231145166217,0.671655693218249,1.00081816653064,4.84842561113632,0.196016815885445,6.27945158152452,32.7003094797505,26.1026340251289,0.849904586065267,7.9097231335843,41.5053947115787,15.2240036352485,62.1951878047413,8153.43216410826,DROP
2.46848832904379,0.673171248664128,1.00375626145839,4.88460663191333,0.975788398562135,6.46300366002546,29.4139985341885,31.9949444681006,0.67728891290852,7.90172193916833,42.1222720135914,15.158302939924,61.2045592661178,8133.87042910012,DROP
2.46938853959102,0.679057964832328,0.995518483180678,5.05280184678597,0.266684911309696,6.45231043080468,28.0202867298635,10.547095116361,0.684616663479807,7.90285346555077,42.285980458145,15.1723518892903,60.8239548208751,8137.83143773546,DROP
2.47020451294088,0.678681256597085,0.99689953080947,4.65425082710657,0.399838739222736,6.28736527943876,19.8253110879161,15.9783064552976,0.894756371288252,7.9027435226985,41.8573396169022,15.2063666182845,63.1917580723608,8136.51016662462,DROP
2.48233620009632,0.669357862376546,0.996165107318944,4.99947075087897,0.216195667345774,6.44215451576099,29.8769085345329,13.657325747182,0.85356026996264,7.9064717161802,42.1206921728786,15.1611750690788,62.6167686464205,8143.76603535599,DROP
2.47155362530272,0.677295232221474,1.00508587820079,5.30764211176342,0.525078832758642,6.37953267607697,10.8650059620141,26.1038573359547,0.835665620243798,7.90114292895473,42.0162073190471,15.2169295569959,65.2794575503127,8142.4792468293,DROP
2.48240763425897,0.673672614654906,1.00234964180942,4.80966082723948,1.03034604939611,6.21349568611357,24.2759077160233,29.8600647513289,0.733684603342404,7.90755635906085,41.9055133976362,15.2181107113347,62.7905284357039,8149.55114736643,DROP
2.47604723569586,0.669104271579309,0.99960252318729,5.18090960238207,0.196296566193472,6.1764132717347,37.5772312799319,26.5959240429642,0.76800831242259,7.90828700058705,42.0190300329744,15.156313789288,62.1547516217267,8151.78649596263,DROP
2.47508074974931,0.6784168971497,1.00388622082627,4.99289777449767,0.189207293486391,6.08441143554579,15.5404476741874,14.8724746819113,0.843619574817874,7.91540655228691,41.7238640310386,15.17653335375,62.945109073898,8157.87565208859,DROP
2.47024557770997,0.678518380337692,0.998604353101729,4.82353359562441,0.764822586485024,6.44269309312208,39.2821914508896,33.791746230874,0.932600899642995,7.90057232860651,42.2017030226137,15.185068351986,64.6962154988678,8138.01592496652,DROP
2.46032304004825,0.678046485551245,1.00095161090139,4.90118462852286,0.539454542046814,6.2318666989802,14.7768984580004,15.6027044540661,0.860956550935284,7.90701676720311,42.3091143903556,15.1596367895289,65.07043536783,8141.37719894296,DROP
2.47109293191837,0.672258423391073,0.999417917348331,5.04260834032878,0.365263649990055,5.98535983315177,14.647453188887,27.0649562622176,0.804863482992993,7.9084422661535,42.0603107589734,15.1899163362946,61.3798555992145,8151.8236968583,DROP
2.47574644964485,0.667036086677055,0.995508233767668,5.01530139154693,0.180132137237164,5.75667290498546,38.6059081512224,19.1487190891072,0.942859828073737,7.90465044453088,41.8509100475652,15.2125963539752,60.9809398287153,8145.89455785992,DROP
2.47264135678437,0.670025673048315,0.999874690526575,4.98452133946094,0.358463697333115,6.43878192710785,16.7431417733568,23.4112083295656,0.730888322000134,7.90696364273371,41.8704712760513,15.1914093940565,62.9494250385878,8154.22831099852,DROP
2.47379159180075,0.677849035129375,1.00657629318879,4.52450308098108,0.289977795314637,6.23454094621694,35.3215861424136,18.6279120297259,0.572830491202673,7.90273086510343,42.1621536188603,15.1988913410928,62.5918326897559,8135.93046915588,DROP
2.46548236972303,0.676296143272807,1.00061118239026,4.94907854813634,0.380479798889341,6.31038722571182,15.327647821082,12.2462835886507,0.627717768967068,7.91412341049651,42.1204695995518,15.150435076253,61.4682246031972,8150.11652895991,DROP
2.46745317704213,0.679096006877589,1.0070366888741,5.48031240555137,0.27644323810577,6.41314816784476,13.8259744531645,23.1550534156892,0.769895176968659,7.90786269535434,42.064591941132,15.1883293097981,61.58954041181,8155.75901741267,DROP
2.47735569001057,0.6724104539546,1.00262270476805,5.2331677337809,0.43943035588024,6.42029138989691,21.7792360572037,12.328318228679,0.60906180950975,7.90714435366516,41.9903218787792,15.1436393040026,64.372878235091,8148.49270501364,DROP
2.48161441703915,0.680215998285675,0.992141455020671,5.15296954500583,0.302187159636267,6.40420542030507,22.2981286517532,26.8433774893688,0.654645150391772,7.90923901721842,41.5832094596028,15.2580458416411,63.6016685346686,8159.29779727517,DROP
2.47215700961142,0.682249602616637,0.99884724822494,4.81972742812431,0.0231890542822698,6.51485846367447,36.0895448276293,15.1847946366414,0.608438573053844,7.90081961289463,41.7475960704463,15.1835626024494,62.7210797386283,8139.24491874045,DROP
2.48227539421276,0.677926412735053,1.00503841210627,4.57195587606034,0.546344708590452,6.26999030172678,20.3140107902065,21.0139244726975,0.829929062767635,7.90388392979781,42.0328300328964,15.1975610038854,61.3025975711994,8147.63028846656,DROP
2.46153436373347,0.670309912702918,1.00278000037963,4.64717381985208,0.389380694679653,6.22621094851189,13.4141434855313,34.4927940557236,0.651267106907996,7.90068146177009,42.2698172690904,15.1188864451531,64.1415255512679,8124.68899818219,DROP
2.47509788227318,0.670408558713945,0.996949409635069,4.94839240698459,0.38577213394579,6.2546361784683,19.6810753612966,30.2941852510173,0.588378177647359,7.90229217765482,41.8174954521394,15.2107706475373,65.8916305797943,8139.70828692826,DROP
2.47051628103784,0.680881709629051,1.00289955407196,5.31445525902121,0.596226966850512,6.51344150380979,16.3153741708546,15.5974271772617,0.849226937101572,7.90965974428957,42.0656118743806,15.2369149062372,62.6307162476491,8148.30673376282,DROP
2.47059103356126,0.683257145759393,0.992227904842408,5.10468889778502,0.125030032796016,6.22264771983246,36.1410412448554,12.5415236191203,0.62920078195825,7.91167158202881,41.9311063107398,15.2263939433512,64.2152939700999,8150.81894125173,DROP
2.47182013227571,0.681643419133829,0.995874872970593,4.83634303386768,-0.00287688470234105,6.31975436202114,38.8399394212689,15.1101104265672,0.830811742549517,7.90856850409712,42.3048785455288,15.1889523350795,62.070754566836,8154.78235146836,DROP
2.47303285346893,0.676228640979259,0.998745182506606,5.43325266211456,0.42114558020392,6.22837912083383,21.1371316436101,17.0608113073302,0.58480789203408,7.9081418605563,42.3047046506273,15.1332691178059,62.5273408497849,8147.40960532701,DROP
2.46802715542095,0.676972375987595,1.00434583611324,5.17830080150984,-0.24597382105142,6.30349183300606,20.3256177959509,28.3366189742368,0.632852908956226,7.91270566323402,42.0844189936801,15.2140088054009,61.3527120734112,8155.09830623674,DROP
2.47418362636048,0.67599091992316,1.00195696097081,5.15319792772796,0.461973870219796,6.5325613783444,29.9640564512981,30.5502846323676,0.987703370837337,7.90281454542883,42.2551970410636,15.2013895066483,64.2679302026404,8144.24838205068,DROP
2.47386329735735,0.665578862379948,1.0009062525634,5.28084318897936,0.342544085126933,6.25651163530987,14.344219110935,25.2671872318108,0.614970697427937,7.89525301857647,41.9308080250736,15.1825477897235,61.739442508858,8127.89952177106,DROP
2.47233684788963,0.677753228247571,0.994498792062621,4.92102636437259,0.443552230219011,6.0938667338778,19.2956098347742,25.569430342621,0.983955379231219,7.90801974564001,41.8924717453093,15.2006154087974,62.6566287445035,8147.56885032345,DROP
2.47453346888421,0.676988193777952,1.00012318498024,4.96282071360809,0.351563090936999,6.41438253572075,36.0929906595755,13.571556570937,0.873807666750054,7.91116942197367,42.4577452206922,15.2713370459204,60.9094884289856,8152.19475515044,DROP
2.46814573249621,0.67804587793611,0.995795129642979,4.98419298339122,0.502465899927586,6.19015889480879,37.0223639734692,12.8750046230114,0.64025730191348,7.90480773757734,42.03315104889,15.1431565304619,62.7463144509735,8135.61628357468,DROP
2.46389845954393,0.675307988293879,0.991924447424271,5.44899818276036,0.559904316114549,6.48680906542831,35.3073946212004,32.3118508026764,0.602712299904751,7.8997120480371,41.9530159539855,15.1734821254329,63.3888027026063,8128.93546381569,DROP
2.47253804677898,0.672515877819241,1.00288897372041,5.23638364196537,0.167659088862006,6.39747744203415,28.3791206876464,23.5876388901436,0.946687352380342,7.89930406100686,42.1521949936292,15.2949404503508,61.3965422913282,8135.70925927506,DROP
2.47859556460118,0.682397085235038,1.00485578743469,4.94497648221149,0.19204013367319,5.77259625075499,37.3305445212567,31.28303493665,0.642656256763223,7.90651336485125,41.9386908040127,15.1958228894419,62.101587977999,8145.37456277112,DROP
2.46872216402389,0.673005378436437,1.00528023594602,4.97235909818785,0.252093136975384,6.13723750486139,24.4813381975334,26.0956674439912,0.813299608309664,7.90816090087953,41.6796430611704,15.2163225153176,62.8300329356358,8157.36449517485,DROP
2.47227610372375,0.675131075415196,0.999999835594645,5.01365703488595,0.403355895001629,6.41056161554667,11.393905291581,12.3391936195203,0.906035297361501,7.90224703111069,41.651732713116,15.1637178624146,64.9325032450025,8141.45047690176,DROP
2.47427277551904,0.676847086354018,0.997612541479379,4.99534619235397,0.226781213666652,6.25100436264605,36.7096589260143,27.0469945827619,0.793424797666586,7.90534559023568,42.0656011110039,15.1940332960756,61.0821536784019,8145.12042652933,DROP
2.47252192033694,0.67462184322151,0.997444309958402,5.04579662781147,0.180973463712362,6.09560178168471,28.1245216992482,20.8980848539138,0.552616438862215,7.91129032007221,42.0733892468003,15.2508391188783,60.5966758325124,8162.62926983476,DROP
2.47837952606561,0.675234993379202,0.997937510862795,5.15589828690411,0.166247889241913,6.19729594741493,12.831885934251,13.2725504432133,0.63339896496889,7.90262409195702,41.7925193395375,15.2001664750349,61.870068324263,8142.55123382966,DROP
2.48252646893202,0.68361647778217,1.00786392546999,5.25031870392733,0.249082211457721,6.38795989396355,12.5560585194221,20.5589959329107,0.532456398808691,7.90974367338581,42.0046597505101,15.3243036940196,61.4138584456725,8161.26986698365,DROP
2.47575063852146,0.684580994494771,1.00702028385421,4.79026472369141,-0.0678917237386699,6.13014009045209,11.6104721929685,13.4107159832427,0.609625777822193,7.90530164779135,41.8326230331405,15.2022479959074,63.2303243696151,8147.67999085534,DROP
2.47516968081353,0.673816497347476,1.00867942165309,5.29257367373566,0.276708090362095,6.12296792993973,22.650865587224,26.5487165692253,0.765688904186352,7.90526452392908,41.9648819383836,15.1515503292944,61.5827368514616,8144.2677028772,DROP
2.47483846168188,0.68592401999299,0.999945163604919,4.9190226459975,0.127252580430373,6.20392051619772,33.2544691783277,25.8148936997898,0.718360861118472,7.90288968820993,42.2396636907595,15.2587861176569,66.2495343893867,8149.52193016037,DROP
2.47747956144864,0.693317950756834,0.998247620083514,5.13226302846306,0.205421532373634,6.33801195100205,23.19686185137,14.1763758515019,0.596493234635999,7.9088686365359,41.9019264551509,15.2144371181247,62.4704347301517,8158.58632905268,DROP
2.47163394956359,0.675818648408309,0.999648478281168,5.11983948123856,0.369475063122535,6.22291758530391,13.4449245734376,32.902671987824,0.738540601947982,7.90450562298876,42.3063249965071,15.1956975086832,60.9542341529876,8139.24304645351,DROP
2.4673361259007,0.672260288814251,0.999855779711831,4.77109142403189,0.313862903583019,6.62641638731611,31.4122120648437,22.3062311685699,0.697086748477996,7.90545303604718,41.9809761640674,15.2254764984387,63.5738669225481,8142.36101986423,DROP
2.46548211426756,0.679379236452471,1.00857577028436,4.84194439201391,0.319680202341142,6.70034027933509,27.2285203514802,21.2940902481214,0.863539037990296,7.90193972301297,42.34546881817,15.2019424134741,63.7167648524465,8134.84812379272,DROP
2.47448089103812,0.670955561873354,0.999308269739136,5.07754518876581,0.663629104235358,6.42413106382261,27.9419079343206,14.9504418261306,0.844201818359917,7.90231450346969,41.7713655164131,15.1266365643672,63.0198718152159,8135.54519942011,DROP
2.47998519554436,0.674728573011676,1.00155491324222,4.97524439511624,-0.0232727428904526,6.11931591391462,17.2169579572925,24.3295771443472,0.686815330481426,7.90323532991464,41.886937670936,15.1795174572431,62.3396383269215,8143.40216226109,DROP
2.46585669241267,0.667889073526444,0.996593911819511,5.07201318309929,0.36300471898078,6.25196198716447,10.9057877632914,28.7097033318896,0.972255778892337,7.90097541305478,42.3520113665868,15.1664963121825,63.9728748607393,8127.7017606808,DROP
2.47155375523617,0.679227089575882,0.998456561989827,5.13484310053326,0.0326744980160926,6.30134198145948,14.7526238224476,28.7781038449485,0.813700309152848,7.89707933748097,41.8304057706961,15.1389612611302,63.9962083186351,8135.63667683214,DROP
2.47199035839898,0.674710247820709,0.999086492482099,4.84225130452867,0.479897926967117,6.08614978016501,25.5026149922748,29.024764739244,0.531395193984247,7.89571105109568,42.0494947696995,15.2094725460771,66.6741593170838,8130.71473650253,DROP
2.46972990903055,0.668970134239829,0.99887062015429,5.17132695566654,0.162406029401407,6.02326661807146,16.5437389417713,13.8187089084231,0.848328713145702,7.90571975786837,41.745053568897,15.1651092375878,60.5149787971714,8137.63437522446,DROP
2.4740564474876,0.680171600138435,0.996552768460666,4.97958233845158,0.264301761937273,6.35133740902592,37.8057454058704,27.9526615018774,0.721964889433887,7.9101382464081,42.2978719404149,15.158243786642,60.7656616338859,8154.64027562184,DROP
2.46598512086959,0.671636002357341,1.00037106791412,4.73455075658817,0.0437826022027588,6.13343638804489,20.1768719843211,28.3466230659138,0.846053468931795,7.90173494129318,42.0627054788634,15.2273260095155,60.8905302683749,8138.89577226342,DROP
2.46412570129008,0.677520339016016,1.00368315246836,5.10152514822793,0.521307894694691,6.03586762078005,31.5058175961321,20.9247686977673,0.674726951036237,7.91547065897899,41.9190576502507,15.2242261263999,60.1971490113157,8155.0963253298,DROP
2.47286252845906,0.683549449574814,1.00165250660727,5.15025370053476,0.662383909107935,6.40424070820459,23.2416055108728,17.3331190096345,0.900912221432931,7.90411784518913,42.2676626375099,15.2266540078366,62.8054615719629,8145.45564638364,DROP
2.46687777264421,0.672817545231749,0.998354325308532,4.84349527062605,0.498139027845436,6.18737194148149,19.4697461948962,25.2749556932832,0.553656777148335,7.90981278785925,41.9317751990227,15.2266906430822,62.8006961071576,8145.05769454479,DROP
2.4752039377292,0.679105539394523,1.00489223671275,5.0020101469681,0.336841243373081,6.34454789695745,33.3706042797937,22.8687261061958,0.948265486276064,7.90940202066911,42.24381101057,15.2130605316886,65.5823287011181,8153.33733110354,DROP
2.46442171406745,0.680284472876654,0.99943598477532,5.50946036922852,0.115554672208918,6.41141817854378,33.2432245732195,26.3825102990834,0.563335007029349,7.90808055681554,42.008440753137,15.1836892813575,64.1674994598313,8143.12774766801,DROP
2.47453940712779,0.67063262951401,0.999890598730271,4.86481822928886,0.266544958162937,6.61030351010385,24.1301945012098,25.7211154610674,0.743856689140738,7.90277582459567,42.1513553392028,15.1132129165981,63.3135685141808,8134.41401616341,DROP
2.47555941969968,0.676955079339497,1.0005875683402,5.04111560416646,0.135540963944836,6.03007182288352,10.5771650650783,13.1673164855999,0.787085904809852,7.90256756588278,42.0093837788997,15.261393987432,61.9149200777252,8142.96770905661,DROP
2.48159816743618,0.671719154723088,1.00133066233708,5.07783014444369,0.0175335652091411,6.67443403912951,25.1834951935088,15.2701347873654,0.907101603787126,7.90406331336279,42.4593640602437,15.1658554939942,60.6911481563071,8146.09649399088,DROP
2.47370695684352,0.675666942252785,0.993192858499009,4.70174780000536,0.529373667303964,6.40619980730299,39.6456102931768,25.7532367534997,0.512037138751186,7.90900996753906,42.1119818417181,15.1608593382353,62.302766702493,8142.55435590273,DROP
2.47274923143299,0.680360473958094,0.995596925044597,4.82002551266412,0.190397057444563,6.22932974207713,24.7490521028411,19.1823635473947,0.531691188769419,7.903758852094,41.9585797334121,15.2051313378668,62.1367576098992,8141.31251060476,DROP
2.47169591784484,0.674489907294196,1.00780740045177,5.31012262147593,0.147806517518388,6.40288809745392,29.7502962405554,26.9872155706954,0.530289494302902,7.91186885660574,41.9902833792061,15.2044096933842,61.786864625228,8155.15823946597,DROP
2.46712699554166,0.684228811690043,1.00140675545287,5.12433618129404,0.437603135203325,6.43433353871554,34.7252038772841,34.9776717268968,0.649515137263439,7.90213993133481,42.0762592870769,15.2435283105846,60.3841736233575,8139.8961568542,DROP
2.4771241072925,0.669733944284666,0.998040332847395,4.97803880107684,0.240503738166371,6.80153966687104,28.6570496295204,19.6636243577179,0.860034886424031,7.90439765868845,42.0568917254355,15.2210925277189,63.3128569644682,8149.30743082618,DROP
2.46601131874095,0.669565064456603,1.00323505698971,5.11634510765967,0.855381702496556,6.26249566143055,37.1613054612791,33.9105045523328,0.845332360065901,7.90452898351433,42.0335617094595,15.1560823973954,62.7941724446808,8138.11184342155,DROP
2.47514529054626,0.67797269078458,0.999009430006501,4.89161788784371,0.550263327531367,6.31255258247421,20.7276149901003,15.4324946526508,0.661296477133187,7.90179903766009,42.0159151593308,15.2286530738429,61.9784660686257,8136.08528477634,DROP
2.46527799889317,0.677553766089936,1.00361402597395,4.99418798530862,0.0897651122998971,6.0557437386845,30.8969009987775,26.9684722379016,0.728541666436797,7.91350581607101,41.8310791545486,15.2126726249654,60.2929782626536,8149.03779406871,DROP
2.47203393502571,0.676514255978855,1.01038365857209,5.07601580130761,0.127659006918589,6.08904570964335,24.713480617517,32.0438346881681,0.941592907765232,7.90771715986475,42.0388265843212,15.1898774925081,62.282036106811,8154.10035855367,DROP
2.47794179433965,0.681193278044886,0.988969098412284,4.47347856647943,0.145405926038082,6.3270247381986,21.6287288446249,22.6581060480867,0.637841954836738,7.89562017283405,41.7711916917805,15.2587577186326,59.8507270777704,8130.58654386327,DROP
2.47617124283599,0.674420976225103,1.00300132714102,5.38730793677509,0.74567876849399,6.13119775629051,12.7936981536089,33.9249062841797,0.533978690631118,7.91412748068138,42.2063191749817,15.1617577642747,61.2587629298743,8158.9621376881,DROP
2.47732593073648,0.670002448860599,1.00078831370352,4.78377847177235,0.219765534339687,6.4659303940002,30.4581797483438,16.137509721419,0.696000800390871,7.90405385713604,42.0745105380255,15.1701018588771,61.1186688777669,8148.06476962606,DROP
2.47504774828147,0.673134778498607,1.0049037533174,4.79963214413657,0.0489339222823601,6.32802072840248,22.4365237143769,17.7916743270772,0.784606859527017,7.9110521083352,41.918605221798,15.1789305445548,62.3556956360407,8156.10757645076,DROP
2.47512187135964,0.676758617348422,0.979021497892083,5.11915846486777,0.0747864821956708,6.49497589175184,18.1421557264308,18.6149674589902,0.508215315951522,7.90146214479283,41.9409062380222,15.2011678239936,62.0449795255236,8139.12720049516,DROP
2.47225808425455,0.672717450306846,1.00218115414733,5.10412203169873,0.470156967279787,6.9463447005067,16.9700586562792,10.1517823166777,0.713225836163815,7.8989743665443,42.1667504148528,15.1750485985033,63.2168668102028,8138.2094256886,DROP
2.47343365052724,0.67274608410064,1.0025219022051,5.26019333656053,0.336913738311272,6.32348368516357,10.2440238407335,20.653508112672,0.715501917942766,7.90073397400015,42.39113975098,15.1760411158564,59.1989762276332,8140.9092236557,DROP
2.46821268549018,0.668822758812718,1.0003443821009,4.63238153040435,0.184224263006977,6.30354521172812,16.1407401541233,15.7658448419507,0.858461396081391,7.90448737666555,41.7742648789214,15.1729524669605,62.051512272804,8137.32464418001,DROP
2.47714048944142,0.676479958191419,0.999539064543438,5.12041888865461,0.327121793079882,6.39004805368129,20.7916811082252,24.0912587907044,0.815742678259753,7.91029014160174,42.001958805843,15.2349967798927,61.8720561035945,8154.92189686066,DROP
2.47176086684012,0.672710227886299,0.995035657454251,5.1430683319654,0.467230713927018,6.41500533461409,33.8366084239334,16.9457424593663,0.783735099408579,7.91200913433757,42.2270805421715,15.2094003788117,63.3956433530183,8155.61894937031,DROP
2.46591106458214,0.672522908338778,1.00344972765548,5.35331730809496,0.348321178249986,6.61340172859632,27.4191822052302,33.7806169761685,0.705767316790606,7.91981711481465,42.1906820804971,15.1747267666112,65.0129604445592,8165.86200519926,DROP
2.47106557340564,0.679459341303552,0.999314358573945,4.73862368731265,0.433093253756569,6.32818001599653,13.2322531955734,32.3472007591835,0.98313670068861,7.90775126165751,41.7906055149106,15.2297360801237,62.2008554648864,8148.24680877905,DROP
2.47621547723078,0.669408990151624,1.00473643676,5.04834104695589,0.202537764114936,6.36344969017351,30.4568107908833,31.2688413164453,0.629343665737539,7.90465164134709,42.3419509795852,15.2490337993646,64.1295182385462,8151.75283185924,DROP
2.47608514356799,0.675628583620906,1.00106324079744,4.94608004948938,0.206947020283905,6.23433642575163,37.5948969201283,28.8198407510834,0.662519850285125,7.90986769751583,41.9278050388209,15.2059265514113,65.0512334189479,8154.03250471681,DROP
2.48148970951533,0.686745984157774,0.999134492654329,5.06661510726856,0.254620908277776,6.57905352434889,19.6980897468279,33.396444361602,0.638861391726221,7.91633760322518,42.2606833923587,15.2090366947236,64.3839384029832,8168.69659529338,DROP
2.4646336205175,0.668731962577415,0.998298879279425,4.82565238313369,0.251974307544182,6.51627871705645,13.9953634607108,23.214579919928,0.753344452596123,7.91025539914651,42.4701663314459,15.1192995486635,63.2448135302181,8147.47857023488,DROP
2.47779652347094,0.679935984706305,1.001604472387,4.9323508219544,0.402819269678036,6.42757615808698,36.3706217800175,16.7663160944175,0.528270970635951,7.91168419180544,42.1049812279369,15.1788638392289,66.352749107982,8152.85480614805,DROP
2.47509074374489,0.677789688808801,1.00210657161253,4.96577831954585,0.275841893235743,6.23103142300071,14.355638726841,12.7030775560135,0.586195301184704,7.9060109545928,41.9910102168223,15.1790364748524,62.9254361435356,8142.23980506338,DROP
2.46998890516999,0.673761342142111,1.00733566589854,5.00445914982126,0.427233323853386,6.27123491101768,36.6281284064762,20.0997642868407,0.775175981224807,7.91313508820391,41.8845843664093,15.2346348940835,62.9462965728411,8152.83543680849,DROP
2.47930530663348,0.680607883785901,0.996970571347078,4.85240806836174,0.676371715484685,6.4467952444811,14.040512242324,12.8928595394911,0.641184830618147,7.90609934769839,41.9356898290975,15.1748806140448,60.0238091304114,8147.28926506141,DROP
2.47487254648116,0.674911160129447,0.994299874141539,5.05419469631425,0.233294470368524,6.19424487887036,26.2556784937213,17.2640536514452,0.515045997152684,7.90910440315184,41.7732764344616,15.2045397187929,62.8150155042724,8149.09296364228,DROP
2.46773461333004,0.680833493194391,1.00455638823349,5.13277262255923,0.439176678355217,6.19503236564447,18.2535718759311,11.1615268381073,0.622916003765761,7.9112283697952,42.0072904525247,15.1850517829051,64.896696241918,8157.27778147182,DROP
2.47651485521662,0.68208967536351,1.00473900019601,4.8915528697554,0.438799067590982,6.59876862791059,33.0997063551663,25.1425347083489,0.771160818031344,7.91008438858961,42.1971925527551,15.2758858899624,61.0107638644851,8153.68234385774,DROP
2.47168095582303,0.669171215359086,0.991133865051042,5.06589543921413,0.580477305904619,6.17528040449299,29.4440575783229,13.015466754572,0.956491655533099,7.90733691000283,41.9194295706801,15.2096663381585,62.9333051142311,8142.61719103727,DROP
2.47220255361097,0.68011103465446,1.00367926337909,4.8950362964757,0.179656034451769,6.10325256472997,39.4063302553686,32.0621391588583,0.640967277517989,7.90581191576281,41.8173766945766,15.1933832483446,59.827884546731,8140.96940318647,DROP
2.4765490991057,0.670791493499044,1.0043118729024,4.8151479047441,0.289613133785737,6.23125176692491,18.7991785451351,21.7736162430534,0.835142039633692,7.91286893187971,42.2243765447994,15.2235616011458,64.1561523350302,8159.48584158608,DROP
2.47642267456551,0.673349990382371,0.999938637726772,4.98092596720445,0.189620036680696,6.28073100747188,14.5142618563283,19.3441024710463,0.589329091013705,7.90498655772734,42.046919534551,15.2153949644406,61.0018229167761,8143.93324760027,DROP
2.47286366699199,0.67939647747682,1.00521473191174,4.84555224867897,0.677074620280922,6.04719845607783,24.7226280139069,17.6986398754936,0.656915696442567,7.89971576440724,42.2080365089402,15.2623120990735,63.381608397223,8138.26457593925,DROP
2.4831170220373,0.67354432128689,1.00907830577888,5.25951893878679,0.761694018424284,6.29617866644078,27.7764763523152,10.8525139427962,0.657363636191473,7.91296852112907,42.0739817582968,15.2049266944209,61.8543636998862,8165.22166882917,DROP
2.46712884934668,0.671124445832083,1.00915106209835,4.85803011262308,0.373207609187615,6.39472300826179,20.5228111274256,33.1117961858691,0.771404847845873,7.91082991645806,41.7154525865234,15.3366805913368,63.8205831210693,8157.00211009783,DROP
2.47087971951299,0.668064121948121,1.00458475203682,4.73478083271299,0.220934977721256,6.29719213734534,34.8449827117139,19.6987611800183,0.790122509401188,7.90604269152824,42.4171376797567,15.2348345693467,60.9922118160408,8141.85872998771,DROP
2.47103906073011,0.674669340693796,1.00447613773645,4.89800135888041,0.268534884773299,6.49547497433815,10.3390766544154,16.8494073979997,0.568159442627081,7.90367211961674,42.1476314140238,15.1947765567398,62.8540017606412,8144.88517171769,DROP
2.47361948398836,0.66815389671228,0.992658642563347,4.80136910536635,0.65375732215946,6.18670640878516,23.6138541033696,31.5994293990694,0.868083463076637,7.91050912566627,42.0894006962185,15.2885169392185,63.7706010433796,8150.51762182197,DROP
2.47765599063133,0.681353903482129,0.986770044647053,4.88255913211469,0.184176285305334,6.43386364336108,31.6629753603454,20.1381408658994,0.610704486415538,7.90773197878827,41.7319167000824,15.1751935360671,64.2969974395246,8148.83780064426,DROP
2.48077245759192,0.674433292786731,1.00511717597798,4.89303793533452,0.574473744868909,6.39071532670663,12.4145540208826,26.8527742066979,0.776467334735437,7.91237386151133,42.0243732722942,15.2607556793269,63.3060472628582,8162.31410907402,DROP
2.46500720506558,0.680815145314485,1.00418593426925,5.04164111786228,0.484847813942327,6.25125441359408,28.7060567142802,17.3491161012554,0.784273981387885,7.91227420586095,42.0857960081187,15.2101573501609,60.6718172319542,8147.18551550234,DROP
2.47653807461613,0.673711067890138,0.996792149083983,4.96726540641767,0.245127411433909,5.95929028655788,32.2756539663661,34.7652344881584,0.796362226092678,7.9084087994082,41.9215410484485,15.2100866156157,62.7691581271271,8151.88978396138,DROP
2.47529279164794,0.672345755174329,1.00386569907129,5.12585633833129,0.505870449454419,6.19716154193566,13.6683548465607,34.2282040000267,0.508399346740555,7.90591896331644,41.6913965102414,15.2025721337163,61.8776093938584,8144.9229772464,DROP
2.47373835553127,0.682289287095588,0.997156359047351,5.08589921321655,0.364664553085752,6.28161562977571,36.375029658657,22.8319069105058,0.814375847175609,7.90535258248492,41.8840239803881,15.2048449897874,63.3898704963514,8146.34856736047,DROP
2.48086748397791,0.676984222830008,0.999680048001736,5.07608517510824,0.456456527517223,6.18424571998732,22.8293459287196,34.3410480096166,0.622534701699097,7.90348802378839,41.9754338214896,15.2791286153917,63.781541721,8146.24903531501,DROP
2.46760077744373,0.676779014007823,0.994256609644309,4.99452000608381,0.398734546425101,6.59726901800558,24.8111692859343,10.4455978769349,0.900589997292281,7.910014100014,41.7343229627334,15.1845903813506,63.5019852958912,8152.06670849829,DROP
2.48063461801375,0.669414240074739,0.993732173175293,5.12116601201732,0.508262132866508,6.19605213237624,28.07597834879,13.7735203009013,0.629151105360139,7.89628657710399,41.8397598135536,15.1619583013607,64.6690755206061,8134.2074999179,DROP
2.46762340270603,0.668834397851275,0.996531579353525,4.98421760810524,0.402280083856782,6.75655982327852,36.9408777270812,26.9370499129009,0.881614483260143,7.90393537567509,42.2825052205916,15.1612432288006,62.8692135467831,8137.22689068371,DROP
2.48423673113403,0.671245324579346,1.00404124351863,5.17070681627898,0.732745988272418,6.37604764381218,28.9906524504507,26.1218645409089,0.862634827675211,7.90290579507816,42.0322548918532,15.1617437307687,63.5733637895663,8145.41091155979,DROP
2.48097523028394,0.68038917685942,1.00381452095317,5.15968773342528,0.432178774144218,6.46815446993264,29.2447435529347,25.2943594080192,0.560831607274361,7.90728222230024,41.9593343650981,15.1724112288522,62.1187822047333,8155.1326229945,DROP
2.464921432985,0.679076218282723,0.998801494455488,4.9143111768872,0.559086041777441,5.8207305984484,26.3379008496572,30.0120574452016,0.556251435230758,7.90606122205519,41.7065848720082,15.2193042311844,61.0082695379601,8148.56439110207,DROP
2.4810332927318,0.675550037729413,1.01117384474598,4.98228802970817,0.266921243784016,6.38260465162195,20.4669506886806,20.8204733851144,0.641854846369478,7.89638326955957,42.1338267015227,15.1713936425914,63.6266979990276,8130.92128087616,DROP
2.47438982449348,0.684870038353165,0.998589268113338,4.91920884347799,0.303504681172055,6.14713468961553,39.0803621044028,34.6978379035847,0.656959680588335,7.90621043788014,42.0636621599895,15.1987328492875,61.7435286769669,8143.12584759749,DROP
2.47035036969103,0.670723322392943,1.01102176146154,4.96075856056479,0.395809056038263,6.16460696588435,10.6910103761339,12.0011967408483,0.720843489970659,7.91016786210209,41.7757654373077,15.2177729641134,61.9346699251261,8158.13309982827,DROP
2.47334984912497,0.677578171727011,1.00303685161919,5.24291390329904,0.0346689018848656,5.89684502298031,30.8791165902156,22.2337934267858,0.922468684631436,7.89678676654723,42.2236974257947,15.2599929847288,63.1832891947724,8134.68462668429,DROP
2.47502208615992,0.675406335099194,1.00878443672896,4.92038604194503,0.165133237910081,6.05164778932777,31.1958140881824,29.6121348537862,0.620732056153371,7.91063631163028,42.1801642613941,15.1755460222888,62.745976628259,8162.09101630754,DROP
2.4683153454011,0.674848973177429,1.00609243510467,5.02314156467961,0.613561731103954,6.58947980533652,39.8516754793237,17.4295281580629,0.892167474856377,7.90706537004389,42.2113898390985,15.1769382995306,63.6470464866324,8149.34169325925,DROP
2.47857680768999,0.675594925907133,1.00306261732523,5.08963370024688,0.277046759263606,6.24475450076939,21.8704898011197,12.9116247258686,0.637858011634861,7.90281245429933,42.0374821989246,15.2178544688771,61.2137660504681,8138.48043003431,DROP
2.47109821109521,0.681073078921172,0.985112892457384,5.61964625276805,0.381489201456121,6.50606519364007,17.9614215418762,29.0567926404445,0.922191121358691,7.90234631702838,41.9245225765232,15.1682834366843,64.5813470248511,8144.23894022937,DROP
3.7103689093496,1.13942266724349,18.8361748252501,0.105467616191553,-0.152659165839284,0.124698342401388,51.6190762452309,43.4781648911327,0.77208470315166,25.3928994818205,143.74871564333,40.4379107112939,205.874692760944,76162.5536083365,CLEAR
3.70598549901839,1.14212972051822,18.8234307230753,-0.00501337484635215,-0.380328905317169,-0.0153779906005232,45.1869469704338,68.4215420880866,0.638393795298913,25.3896824286134,143.831621405672,40.5495625660754,206.625924370551,76141.6558548533,CLEAR
3.70944652350328,1.14780036520362,18.8405989470364,0.617738494714416,-0.0292095428456021,-0.1773493587546,49.4305481616965,45.4793822850295,0.748642366173174,25.3966077041771,144.129225528175,40.4591303260282,206.254162052008,76189.5332301966,CLEAR
3.71723603605763,1.14368267602216,18.8290803385062,-0.101255291754493,-0.0895163775944125,0.0110386636465111,56.4447639127184,44.8893234198101,0.606548727342594,25.3915901053638,143.64834689007,40.5951474682092,205.264947141246,76186.5575656855,CLEAR
3.71255372399552,1.13947974458905,18.829642990624,-0.0615678202497933,-0.0495340756340811,-0.259044008647694,67.7696645755034,50.7243595741021,1.05816458083509,25.3925477352482,143.700635773621,40.5191761073715,208.036879997233,76178.1272631936,CLEAR
3.71328161983782,1.14372960621532,18.8349949934731,0.0017284188615584,-0.240098437327979,0.120161136529557,47.7257109375562,60.8916268647155,0.824285734904667,25.3954296841562,143.817829358754,40.4793750403596,205.019237324943,76186.861710152,CLEAR
3.70716196494114,1.13436327808491,18.835719085009,0.344278297024065,-0.272830548243246,0.0149051697524311,45.0370355716299,65.888217837443,0.651368251203484,25.394335748684,143.966322572801,40.5258120587174,206.326901088956,76170.0457749239,CLEAR
3.71339636888444,1.13758789375245,18.836226363676,-0.0315541408940204,0.0795399565512319,-0.211043108579698,63.044187779554,65.4212305855009,0.642901941589431,25.3957364484072,143.784191113222,40.5873071629065,206.586704524765,76201.3024299976,CLEAR
3.70796353425338,1.13733807943728,18.8235708608536,-0.283463349883787,-0.0557787304604359,0.0855340843740263,60.606118396703,52.3789117651633,0.942362268041944,25.3894967369533,143.924836599531,40.4982593301643,207.928324489108,76164.5202759203,CLEAR
3.712391691867,1.14852096182925,18.8369657443376,0.0355606492063135,-0.260418336223603,0.487880639744119,43.5173295749145,53.1171925715837,1.13385395855227,25.3966026769599,143.672900439248,40.4480825130292,205.375778204756,76186.8023242322,CLEAR
3.70745652048288,1.13351511797922,18.8292961138325,-0.0888524091180725,0.22525224664935,0.157080102967553,44.2385774971764,43.4196627146465,1.17718288716367,25.39837718902,143.349111080817,40.5817209901417,205.876905296673,76201.2999800784,CLEAR
3.71483204868028,1.14891293399415,18.8330598545859,0.118997729114569,-0.214055551387188,0.284560038400929,46.9529388113929,59.12678245691,0.913303799175152,25.4015357697638,143.604885658294,40.507327927754,205.661340244153,76218.249788222,CLEAR
3.7098095184533,1.13636394789701,18.8410370878621,0.12519406889796,0.107061621102393,0.0153639817116621,53.6868698055426,65.6046261618316,1.09849676009449,25.3986854024057,143.823604837064,40.5140165607001,205.839984397053,76189.8804709226,CLEAR
3.70379913384163,1.14440486629876,18.8292224840252,-0.110136371740067,-0.159695353384279,0.246867312260254,55.2688142384433,52.8012964293065,0.673396538330314,25.3913415318203,143.787595104337,40.4619260262014,205.524103509308,76155.3553187496,CLEAR
3.70819639313323,1.14390290267672,18.8415914974995,-0.280831247669717,-0.161964102689621,0.0347389355079638,52.4173406783916,46.2799293370776,1.01125382947451,25.3987682261389,143.818698487973,40.4872439202839,204.909822555299,76185.6340646174,CLEAR
3.71104207914761,1.14068355030614,18.8344184251408,0.291906087063141,0.109300332723755,-0.0612357551243605,45.3756523202021,46.8236695157531,0.690555047915598,25.3958013128741,143.975144109206,40.4660562574384,204.73381579461,76175.479997154,CLEAR
3.71249080076759,1.15136497298038,18.825707450025,0.0568476588339208,0.178210097608804,-0.045592418175606,48.0914124063635,47.333972504251,0.951591546381539,25.3889578039228,143.594126010249,40.4920795474795,204.147272151155,76156.9299864391,CLEAR
3.70849735687644,1.1462145419659,18.8380222654295,0.503018928263741,-0.284988833377701,0.0610610482455234,64.4727745133598,40.4722663708522,1.18853139314745,25.4042749253979,143.806843935571,40.4623510655104,204.82102221799,76228.470304132,CLEAR
3.70667288303732,1.13769728300942,18.8360478700904,-0.0295741732153928,0.30334488055539,-0.128209503833622,52.5922889346404,62.774812214631,0.656404805439786,25.3992705237141,143.660795090665,40.5429958160127,206.676998085707,76178.6027602822,CLEAR
3.70192269683002,1.14950816194481,18.8315977330463,-0.0302445160639858,0.144176858726881,-0.330276853296418,41.9489291631157,51.5733775905612,0.751436485649216,25.3956865118736,144.099094011942,40.449345508067,208.805317352742,76183.9017007058,CLEAR
3.70503255908702,1.14196803777219,18.832737889124,-0.216279697448849,-0.0276350776517695,0.011246778340332,68.2483858732733,44.1116043211424,1.11350140618439,25.3945891351542,143.723119860172,40.5132723480692,205.263974067176,76186.5586487021,CLEAR
3.70630059209801,1.14432018374275,18.8333768832918,0.209110767186356,-0.137563573444892,0.57680351059934,60.7594744269363,43.1392026555367,0.693154195035371,25.3994245025725,143.926402279114,40.4615111369099,205.046933197516,76201.6249585646,CLEAR
3.7049016290894,1.14027890309793,18.8390817076285,-0.131784878584713,0.190348894887186,0.0705634109288684,44.6949345193977,58.1601405515113,0.884475361952744,25.4064440395334,143.522771258254,40.5843916906816,204.839798016719,76232.8093696269,CLEAR
3.71462284237001,1.14714689574245,18.8194204831729,0.16115898811716,-0.265883524779965,0.0197917853856487,54.731739402988,52.3155893984879,1.11748393845788,25.3807722107778,143.920726362175,40.4560856640274,205.11507904961,76102.4775231105,CLEAR
3.701899889272,1.14794290286478,18.8364171100246,0.224783183252351,-0.0949824566300698,-0.0351867062250063,55.779696487427,51.3615117005445,0.930325815047475,25.4018397854628,143.610825710217,40.5753179383547,204.042618620796,76195.4596249031,CLEAR
3.71446312423016,1.14947991693721,18.8307376812299,-0.462431530341769,-0.195908516859632,0.00409223133859351,44.0711167975987,54.4810109422614,0.651507017325736,25.393318675963,143.821525019449,40.5288059649972,207.162436740423,76174.7337711332,CLEAR
3.71723322440607,1.14917906382631,18.827834211699,0.0875914210885691,-0.0354579977658547,0.342837960380609,55.0698598991132,65.5947550994778,1.03594683329173,25.386741490489,144.027521834626,40.4738307292212,204.274369243185,76130.8132950438,CLEAR
3.71703553217958,1.1406201605967,18.8313775655796,0.317911101794932,-0.534235869241878,0.105404695184312,49.2723443729054,58.0696572299795,1.07302271337523,25.3970723692491,144.08338796735,40.4756024809843,207.457543785687,76196.235800724,CLEAR
3.70960585520761,1.14418250521978,18.8222384224284,0.0434204198874031,0.0906247944093553,0.293469402516705,40.5395276067913,63.0255496583636,0.802154814916021,25.3856626148906,144.017902279897,40.4730803763817,206.988771740237,76146.2715548661,CLEAR
3.70639285400727,1.15878625507708,18.840505776432,-0.0623450708996625,-0.271997904866756,0.22408843979824,68.1926116067511,42.9976715829983,0.680080417799488,25.4059591573207,143.710214275099,40.5160039787685,204.559253712312,76232.9237170099,CLEAR
3.7042617668276,1.13497103847264,18.8306928442551,-0.283504914588022,-0.141800200616538,-0.0107689649055311,54.2858748094854,49.3872016415542,0.643637478747273,25.3967621986404,143.720636513928,40.522812215704,207.505807593407,76191.5090983324,CLEAR
3.70083400712781,1.14634729696375,18.8351244147752,0.00389939582766422,0.0405179603094973,0.0324023993131034,60.1405133377458,49.5296467844197,0.903484361243577,25.394006529181,143.436727272257,40.5110779512544,206.199696653094,76172.3350096402,CLEAR
3.71100271140023,1.13929731391709,18.8218462355931,-0.158586115679143,-0.228379671177487,-0.250468472832651,47.1614900775497,60.7270704420825,1.0128318178543,25.3927704176792,143.538299782178,40.5524932689248,204.381929105088,76170.1057388172,CLEAR
3.70823530828447,1.13477008830977,18.8292117752185,-0.337260603154037,0.0203694838442956,-0.136998166755147,51.2998509006966,66.1651356060707,0.863011888797786,25.3935878864249,143.973418206725,40.4691210786499,206.976054948242,76181.008850501,CLEAR
3.71239862811431,1.13051521432904,18.8219366899735,0.125567710609446,-0.104386925655613,0.305566167999937,48.4945049816203,49.252173703857,1.08687932796173,25.3789027754267,143.686217516877,40.4837997608107,205.643130157918,76098.6152778973,CLEAR
3.70644593255029,1.14430686958752,18.8288551267208,-0.188773777253927,0.025573379365803,-0.226931832672158,52.1347576688653,50.2830184506264,0.873835801111825,25.3928169707053,143.386227885376,40.5328499054067,205.27067642152,76169.1220709245,CLEAR
3.69726125202995,1.13597198049553,18.8298788786688,-0.143722343198834,0.219654312276402,-0.0471582579523696,57.6475361927648,66.2997440045156,0.699682889900011,25.3908936552376,143.598915621832,40.4840294995137,206.570956867703,76150.8874186066,CLEAR
3.71755992918631,1.13708897793019,18.836728318507,0.217356303063506,-0.482733557735287,-0.00556684259926538,64.5757387367393,51.1347145143839,0.710098547860502,25.4019927744526,143.656826350248,40.4998797704926,206.769553837661,76207.6897985635,CLEAR
3.71016181137131,1.14139906420726,18.8287192460021,0.260233256655798,-0.0226265647228087,0.179859760501267,60.4000658753395,64.7133594935068,1.19762356636527,25.3937904081411,143.745985998956,40.5315285813949,206.092165411434,76176.0532700153,CLEAR
3.70540099572794,1.14344237587457,18.8334304096472,-0.154891153409769,-0.0838267937723205,-0.238030304230385,41.0771593927495,43.9421219622559,0.736423851921148,25.402980865157,143.986033583133,40.4406170384804,206.308646793215,76210.5329412256,CLEAR
3.70169218007246,1.14551914028496,18.8196918211297,0.259842296878091,0.150895780984759,-0.0480604516108349,62.9521937542488,40.7721345146266,0.853426387799981,25.3821488667125,143.588053557358,40.4915816802578,204.862987008161,76113.1072403844,CLEAR
3.71126563556641,1.14340097549246,18.8316908363301,0.176732993725642,-0.206569359650319,-0.0845134867926883,66.8519179868244,50.4178556054377,1.13218447056471,25.3971188490303,143.764180827177,40.5253127375013,208.92917055853,76200.0910170148,CLEAR
3.70824408403419,1.13955452217014,18.8306964278422,-0.277769596069589,0.243832778747429,-0.183219548163069,63.1632667632471,66.1721677853671,1.00239703326289,25.3949228455325,143.6700391075,40.4932502171306,205.382844225663,76198.0798007989,CLEAR
3.70389352396662,1.14404793032068,18.8252754168958,0.254596868374322,0.0468758823685454,-0.153611657041781,52.2891585730112,61.739908266241,0.662130689747915,25.3901162114461,143.903210877062,40.4742812981813,205.431994697911,76161.6290326462,CLEAR
3.712935226765,1.14666303352868,18.8302024421475,0.150344528777504,0.573036490426773,0.0656047104642478,46.6615740231275,55.5248871334918,0.780238490077328,25.3851276017911,143.704739595766,40.4947112887388,206.398954960732,76139.6049473717,CLEAR
3.70929241275519,1.13277440296658,18.8201293039255,-0.328336341859956,-0.300288390382635,0.150591673631614,42.7606700163043,65.0778239746595,0.728923928154871,25.3821968049291,143.551575058368,40.4959163145103,205.447644553021,76102.0391457179,CLEAR
3.70450023483486,1.15008417580129,18.8355891715446,-0.00840230944613253,-0.197163152552026,-0.018953605191182,64.7933298215354,53.351397018369,1.01959401748668,25.3963954084626,143.637423660296,40.4983785951625,205.778486522266,76181.5785326941,CLEAR
3.71482246909484,1.14665766870773,18.8346023553042,0.170830593869478,-0.215478278143491,-0.145425262204218,51.7135982943838,50.4412814588731,0.928873993481465,25.3919761982443,143.708369431603,40.6236693492256,204.771248282665,76176.1531159512,CLEAR
3.70824831099624,1.12915229295676,18.8287253468968,-0.474175921763897,0.00220220520895452,0.199265340964912,48.0886857363256,40.9340113916177,0.800106751367784,25.3934223225186,143.6280337295,40.6139534513193,203.614309969845,76158.5816814953,CLEAR
3.70841237287326,1.15300137536888,18.8342295868954,0.318135057085827,0.0481741995175521,0.167277959278858,51.4681744074101,56.3487889478557,1.07270560050123,25.3959869221696,143.953241985661,40.4973578081608,206.068982295905,76180.1508690257,CLEAR
3.70882932635271,1.13620323961763,18.8309655053042,0.059359296509418,0.184919385702425,0.103458825912018,52.9888351524662,48.315744824193,0.773799732290825,25.3951719816645,143.781506529502,40.5027304134067,204.546722345204,76181.0828301927,CLEAR
3.70761227118061,1.1386704579338,18.8305967296636,-0.148771866912059,-0.116254484881695,0.0871202956715951,50.978529634874,67.1115584610749,0.724223097795145,25.3956778308099,143.926647209537,40.5116473664498,204.885930224021,76186.0224779512,CLEAR
3.7047578388642,1.13774213967574,18.8208072615403,0.338126638145421,0.259528852449975,0.0452394366368272,41.5004819808855,45.1217000557359,1.06613112275957,25.3844833129728,143.503690041877,40.4980065413058,206.39993349589,76106.1470636051,CLEAR
3.70572344774287,1.13307578536844,18.8346329179462,-0.182437173043387,-0.275499375178136,-0.159475296648135,63.5898172899353,57.5380123394163,1.16851247076331,25.3971546963631,143.62934369251,40.5547691567628,206.634279641708,76178.3315384542,CLEAR
3.71071151954955,1.13782459189053,18.8303761944283,0.0138433359593609,0.178591423987943,-0.0559997956210235,59.9768490133273,41.8804660875594,0.947712329028181,25.3940548269732,143.718848013909,40.4725782887907,207.993268634033,76166.9519100375,CLEAR
3.7120095665315,1.14807482951888,18.8244813344178,-0.183230196955263,-0.130599968266985,0.089941773929939,41.0323284172878,67.8664240988226,1.12189936559329,25.3916690218208,144.123797719912,40.5074899119998,204.569791392773,76167.7757231281,CLEAR
3.70466198740449,1.13749514669698,18.8323953145031,-0.0361137510387713,-0.103403097887481,0.0945990813103862,54.5937675000271,68.233464287084,0.756444346687344,25.3954005223326,143.753682479838,40.5575653337244,206.84220082202,76162.797433821,CLEAR
3.70756162468294,1.14020810329172,18.8292755040754,0.372931884114824,-0.0830852546366437,0.289199933494964,52.3753043884293,42.4691614719766,0.887564670768516,25.3993004305056,143.44948984237,40.6221420095093,208.291017730229,76184.2944172907,CLEAR
3.7070277913406,1.15206854740724,18.8355482423425,-0.179375233320138,0.0639611122615491,-0.0922853038302497,49.6920939736217,41.6331682162371,0.81154348553552,25.3978156224134,144.177987790476,40.4793383744308,206.068761833837,76195.9503746621,CLEAR
3.71023871668372,1.1395608971527,18.8372145080636,-0.0868877543426631,0.158997554415174,-0.134146464391853,49.9760472776543,41.5434242383585,0.815717662563707,25.3958273924645,143.467796004608,40.5641612875058,206.634648126362,76187.1068225764,CLEAR
3.71347330722791,1.14236716547728,18.8386664168859,-0.178488760042949,-0.02572067820122,0.155330687811693,55.9186515098085,50.4724966640844,0.792736799404844,25.3997209652728,143.490371528979,40.5221763729056,206.580868894104,76210.232945688,CLEAR
3.70409425429139,1.14476515117205,18.8386329958045,0.196525492102217,-0.0407517056638899,0.0695561443721146,53.3836645367309,42.7661707438327,0.752820862557817,25.3954211711638,143.604168339496,40.4164837281868,208.33798289573,76168.4593300095,CLEAR
3.72136552932686,1.13792934842942,18.8324517454701,0.213959901399366,-0.115326389637307,0.173740997412738,65.067662740296,45.08402139421,0.786973399775956,25.399044125377,143.855904886705,40.5602419869415,208.407862066239,76215.5637418199,CLEAR
3.70855737916954,1.14726114036097,18.8267120489813,-0.0936020581975783,0.0648188703782299,0.0552684404988841,67.1751394060958,56.9454059886367,0.935901546323652,25.3874430938849,144.165306176039,40.4647452354123,204.484090675493,76137.8208635019,CLEAR
3.70895372382558,1.14965850918331,18.8338603888442,-0.241037437485737,0.256449391692568,0.0152732603331798,55.9526070515963,56.5191898913452,0.848297668725128,25.3957722720575,143.45122312348,40.4329975468607,208.504509697014,76176.5637493439,CLEAR
3.71053561406172,1.14017438309091,18.8286441817255,-0.341633811664296,-0.397920172896194,-0.217347482719997,44.2916863992111,65.6797636168856,0.691725230009596,25.3867840671027,143.710411557843,40.538700164813,206.071676212624,76123.5563411745,CLEAR
3.71263971944741,1.14282452789203,18.82686671195,-0.108875755714022,-0.214854187832097,-0.0012519576217573,56.7625152518322,64.6617266058162,0.645652965977154,25.3904612308569,144.235501484338,40.4733297906281,205.323941679583,76153.8257627449,CLEAR
3.70358262482936,1.13643808905883,18.8307683206666,0.154437075480973,-0.0723315762170316,-0.0254547780822108,45.3308865877732,52.5778460984448,0.909394672039666,25.3952092912515,143.982010319584,40.4501200303344,207.016853063653,76170.4726963133,CLEAR
3.71439087852997,1.14912143287965,18.8202713640235,0.153031972586857,0.246962158790945,0.0291187842351978,49.2158000267911,67.9467241824103,0.656260005475678,25.3795085581977,144.102680365556,40.3985520052787,204.87894118203,76089.7994379787,CLEAR
3.70661224694082,1.13301647585035,18.8337183711035,-0.227955195357553,0.208679249451091,-0.28282919890181,63.1988302185186,45.1534788469039,0.693233100207297,25.3976580358282,143.881221321715,40.5175994648071,206.674261398416,76177.9764920878,CLEAR
3.71777677729566,1.14645112608581,18.8366971397697,-0.156141754085441,0.0267670729366752,0.148176816632297,42.8921386093759,44.0668149219034,0.655822371180461,25.3976616182513,144.104115432484,40.4759908335473,205.834570906016,76201.7319276365,CLEAR
3.70943201210371,1.14382442956806,18.827142900962,0.193880709629971,0.225257131820861,0.104101112210681,67.1344347548257,58.8309221694733,0.814858689524526,25.391078564539,143.268574723891,40.4722338819637,205.387907106937,76177.5923006907,CLEAR
3.71863051136833,1.13469790443636,18.8317795708238,-0.0453407122294307,-0.0412450440458612,0.017303252784325,57.4382710339234,45.6225875412211,1.07007429232303,25.3953962018914,143.985346868885,40.5540372675643,205.113432228889,76198.4979130354,CLEAR
3.71311042368924,1.14527065658394,18.8301562665006,0.168126944123864,0.201330365902435,0.0398473040916837,59.9598202670228,49.6117050050716,0.748429981862843,25.3961387258309,144.004413827903,40.4330630972548,208.090383265177,76191.3633465147,CLEAR
3.70580177137836,1.14021102584032,18.8317419177994,-0.0686439146068378,-0.0522549539613537,-0.127473352335992,64.8045581663609,40.1795377753466,1.08778724608454,25.3951299863212,144.144147724319,40.5327515027477,206.938038093475,76187.9363309165,CLEAR
3.70707100974842,1.14613869206549,18.8300131701027,0.014512749791876,0.0613629963797953,0.0367596678474651,56.3946867280615,57.1766477739247,0.837806476231045,25.3867320685365,143.899103838785,40.5292021494847,205.321520395796,76139.7138340989,CLEAR
3.71320738238852,1.14662794188753,18.825051570496,-0.204208522391318,0.212460695341941,-0.280077108481369,41.6322687066765,44.7559129758906,0.849745997783777,25.3892430254067,143.583278141015,40.4587573549521,205.226338366419,76155.1912274418,CLEAR
3.71285052842084,1.13429426721737,18.8291194534421,0.0882294523806502,0.044976563632376,0.0691610511195266,45.1992139779685,56.2454127103383,0.984445229565635,25.3946843426644,143.964135116149,40.5027419295389,203.878354912316,76185.5741760674,CLEAR
3.71534288289268,1.13997556163713,18.8346475011301,0.113276227071517,-0.27113326421332,0.15646611721969,41.17133114,69.477262452426,0.806850127277514,25.3971922013185,144.118357083458,40.5077896381748,203.87254937085,76173.5305936078,CLEAR
3.71179936120081,1.14540834362578,18.8317241198007,-0.0121932348882598,0.123504859584968,-0.0943169964577977,52.2917202043636,50.7759928800038,0.98134728529266,25.3928443269737,143.604770757314,40.494602733725,206.320419133854,76161.5315534571,CLEAR
3.70764643104806,1.1406402018805,18.8377074749038,-0.0853265119513382,0.0220728209181051,-0.073248714578954,52.44950227936,57.1917039709997,0.992180770821981,25.4020082571934,143.856128990103,40.457686184624,205.688115594668,76200.324114578,CLEAR
3.71832514832317,1.14684442780876,18.8330939616011,-0.321950276530278,-0.11201032545279,0.0860673879631239,61.8966783451117,50.1231360476183,0.831394329678281,25.3975265225363,143.437155761798,40.5057769723753,208.9436068806,76203.6813578122,CLEAR
3.71223532283851,1.14130881193323,18.8357836399477,0.110934911220206,-0.231289741524762,0.136314026037576,68.1749714361927,53.3737425862567,0.705484079123289,25.3961529980088,143.664592531965,40.437238942653,205.685742426783,76175.0599713895,CLEAR
3.70275971834665,1.13853918978218,18.8327750114825,-0.0803779223687692,0.363222698172876,0.295332336539841,56.5333714905826,69.8449214938505,0.999627311794003,25.3928306029756,143.899846486835,40.4778114601733,209.982372927296,76154.7810447899,CLEAR
3.71001191478116,1.13800345019312,18.8382645107488,-0.240250235017495,-0.201731676018287,0.0139503518579777,44.0892353577127,40.150616313107,0.645750420167078,25.3938618739445,144.00810124759,40.4953455287068,208.655928823809,76170.7120599214,CLEAR
3.70117056703712,1.14318619581687,18.8383730059868,-0.019982393849138,0.196510910308241,0.258589054704547,43.8357642334024,66.1687158777053,1.07937964346007,25.4065650016666,143.565814442186,40.4814841937693,205.958318462929,76243.5697563942,CLEAR
3.70246805595875,1.14383402040921,18.8294337633231,-0.0358417847701977,0.222829878174629,0.0952785540923275,54.0410474711327,44.0774176063135,1.16256806371151,25.3855439376342,143.48669718152,40.5148476715337,208.293571128081,76101.8693454604,CLEAR
3.70310437482984,1.15399213643034,18.832949267615,-0.16098167697836,-0.0977609328710773,0.190602805117636,46.6041538223376,63.5534756544799,1.11842940016069,25.3892881288766,143.358719922243,40.5186436560414,205.161118622152,76160.2719966401,CLEAR
3.70266314860459,1.14732494532558,18.8262185484322,0.15316172027777,-0.152458814872316,0.221722856477633,45.737750185355,63.2113880900378,0.834428963351711,25.3886427665768,143.788756099214,40.4962977273451,204.994413914687,76138.3510228861,CLEAR
3.71203427130224,1.14703214491291,18.8272640897574,0.262726084572153,0.420020607219495,0.00611366730649804,67.1052499374143,61.5337933003502,0.968211378216971,25.3868624671022,143.449730433127,40.5253676443758,206.478452632234,76146.9832101672,CLEAR
3.70832557652763,1.14416911703899,18.828888227601,0.342579356775952,0.377079720229851,0.236122111782434,63.875761248545,41.7003734045355,0.699165262549085,25.3988636608213,143.862438025726,40.4907760261061,205.002862739788,76222.655189062,CLEAR
3.70751983091789,1.14337653358379,18.8316626362489,0.0281864037926056,0.182003966794249,-0.209927893843484,50.749583090931,49.0391871092901,1.17882493335169,25.3927490379691,143.966586664842,40.5099246734549,205.300021762547,76154.4693528254,CLEAR
3.70404466547967,1.14495544957028,18.8356325062647,0.256380248800934,-0.0941155492694172,0.16139670587227,46.7888025887263,68.3810037318997,1.01988770567125,25.3952229221212,143.860689490165,40.6315166285711,205.703782126888,76172.2842216522,CLEAR
3.71213844537744,1.14439684957809,18.8262192925685,0.166188921644935,0.0115183224226838,-0.142050930999474,64.6060725519661,46.8869234352303,0.938963879217114,25.389491859035,143.687802956298,40.5411760182812,204.962789271141,76152.4453805586,CLEAR
3.70542341701114,1.14329815698,18.8320755065948,-0.0736445928516658,-0.0566776531067684,0.480758300076073,40.2328228833979,59.0844084677905,0.646841484975438,25.3956277330238,144.022898092384,40.4856728872912,207.731228524061,76191.3308510606,CLEAR
3.70115211122039,1.1463251212572,18.8258056762946,0.0253786929032774,0.11123933292492,-0.414557723297019,56.1784883125963,50.0494731221016,0.886966362380191,25.390677435858,144.076426212494,40.5188144833982,210.083259479993,76151.6299388705,CLEAR
3.70762490451793,1.14138380423332,18.8258134361983,-0.108733209377629,-0.00152390106649634,0.279080180986834,60.448265455667,58.1030803848732,0.751734460879802,25.3950299507614,143.894379677943,40.5184779958743,203.292994813646,76154.2387654252,CLEAR
3.70975802354842,1.14211650572975,18.830345409096,-0.418467486993244,0.359408638105634,0.0665565455706889,49.7442420743067,64.2635038835628,0.889896873483338,25.3976858773789,143.911196253313,40.5678337221024,205.52126441995,76184.7493236028,CLEAR
3.70620738739809,1.14126354807929,18.8199399958485,0.0761946476827187,0.212807498290759,0.202114192239361,45.8190629082091,62.955107559309,1.03566718910364,25.3909154121861,143.712897437014,40.5279012908576,206.082946182663,76158.3951065655,CLEAR
3.70619647380988,1.14379724064794,18.836461053619,0.144029106046687,-0.0459548172956094,-0.348713723520522,42.3773967122953,52.2230991117288,0.689205874720059,25.3990848876177,143.948224642267,40.5304407425222,206.771485227647,76194.7351202426,CLEAR
3.70832194527451,1.13755034405494,18.8390510923271,-0.0989261025186339,0.0586260613070641,0.025568823083714,43.0226882008458,68.626519993644,0.793614204376252,25.3971347331197,143.593053425386,40.423460396797,206.659584560693,76197.9664625508,CLEAR
3.70799519145723,1.14821023175732,18.8339311265864,-0.234703826344098,-0.0983390190552248,0.144849099390675,46.3221572959238,64.9295560736956,0.94102242808126,25.4009524301329,143.83162113315,40.5207186616451,206.095315059764,76219.4658279372,CLEAR
3.70966094314466,1.13924229376178,18.8306725747281,0.0318895721736044,-0.00851877669763738,-0.179706052336872,58.2755821365078,67.08450748869,0.807504889996939,25.3941623561035,143.779905902737,40.489797673263,204.927453054378,76162.8672567323,CLEAR
3.71342963948075,1.1513663524987,18.8320917315833,-0.184320701019157,0.380152513800693,-0.140662580308606,45.5103131388047,57.3942723127532,0.806396762509461,25.396114523982,143.980770892918,40.5422790670634,207.136924631747,76191.4487116756,CLEAR
3.71405536431525,1.14301192194413,18.8317557130002,-0.100178115443533,-0.144432008346818,-0.276643752614985,49.2434223778591,46.7960291271129,0.952561542682421,25.4003983666802,143.968557444337,40.4602986275761,205.686744599499,76204.0174780509,CLEAR
3.70739130839258,1.14250348656359,18.8326010382598,-0.288566042439745,0.192049809950581,0.0710791261871961,59.0257980164123,64.5842852161355,0.722173837478395,25.3903446319508,144.026500236811,40.496062135294,209.237088672569,76136.1173455416,CLEAR
3.70916439022177,1.15157662744292,18.8245348843123,0.195197605606332,0.0625299085942916,-0.15792687176104,55.5751116988311,59.6355650536377,0.660922515065527,25.3912512628344,143.433292690781,40.5211997250674,205.928775200852,76158.7978568709,CLEAR
3.71408109271028,1.15060872239287,18.8332434946975,0.0128321411421827,0.218624078809078,0.17977123087626,56.0181034953476,50.0935068010651,1.03924169787157,25.3938696261115,144.063957035023,40.5159609005227,208.013024119655,76183.4040399694,CLEAR
3.70017523011434,1.13220790299824,18.8320746263073,0.196923223759421,-0.142172410875037,0.0597320301743981,65.1785654388864,58.7786152702194,0.796931341970687,25.3961933414523,144.050110342552,40.5980667147011,204.651099556673,76169.8607150706,CLEAR
3.71661955171625,1.13861808274528,18.8332895951982,0.0935972367355241,0.0543776828078305,0.212968559998413,61.6031268555411,44.2088916699229,0.691172990932159,25.4007056590529,143.844327514035,40.490795639864,207.441482485033,76206.5629586198,CLEAR
3.70034344563007,1.14397696222828,18.8246066146417,0.201969372201605,-0.159733071475436,-0.247139710003774,55.8865988999876,69.1853907029988,0.617933729100849,25.3811959798659,144.024966081258,40.5275966946375,206.318326635392,76123.910343798,CLEAR
3.71224053512086,1.14586136341042,18.8337247601082,0.264421392838607,-0.086890189624846,-0.303835649453066,62.3855553459854,49.4916081597082,1.15739275322486,25.3999350031326,143.794752513273,40.5064437461778,206.782779891933,76200.0003999463,CLEAR
3.70854964676217,1.13705207630971,18.8327575999871,0.05613006167553,0.474676192198798,0.0470882576305768,49.6185600723274,62.343665935569,0.610206739337451,25.3898550425539,144.070813829666,40.4845209828601,205.465571816889,76155.1101701648,CLEAR
3.70789371786258,1.14385044764359,18.8305697782567,0.0937908280503061,-0.033851209031444,0.0562623443693994,46.3218083519903,41.738310058271,1.03271918830724,25.393604418438,143.934805353081,40.5528070540958,205.825684546206,76165.6045228118,CLEAR
3.70573026808191,1.13771932174766,18.8378560324213,0.123205671196808,0.0849484022001235,-0.238770104181412,66.0459552092709,55.2305789284136,0.908326770625367,25.3975694113045,143.817355705749,40.4580315183381,206.484868842724,76184.6017016673,CLEAR
3.70816897350814,1.1417655787007,18.834996141762,-0.186649914071307,-0.0282873892018,-0.248030872808739,41.4542985039659,50.4310857134302,0.907118035126518,25.3921234854329,143.574248254483,40.4880446426631,201.756603476997,76158.4280808165,CLEAR
3.70401409210222,1.14303787411312,18.8338165312137,-0.211315993742147,-0.210201754254353,0.349810922246052,60.8281366681708,62.7769237116373,0.693409987820023,25.3923934367329,143.606865462987,40.5294426092353,207.124321367124,76155.8325125344,CLEAR
3.70873663816458,1.13822046865008,18.8215005089898,0.103174462145408,0.105208544332134,0.112614470651187,69.1865502855417,42.6518295915165,0.782677114798644,25.3942184191348,143.875030838332,40.4739598572045,204.135261528761,76180.4688560809,CLEAR
3.70857332649704,1.14276243265555,18.8322418833046,0.0914442294732772,0.375872961539866,-0.209733551194807,67.3780162779384,58.9830044468114,0.894817898326143,25.3934309035083,143.665893532927,40.5264427268014,208.641017717674,76161.7642818472,CLEAR
3.71439597879813,1.14466546532116,18.8355871679642,-0.355049863703889,-0.0839302092595641,0.0796103321000289,53.265444985254,59.3018483677274,0.65893453101841,25.3957533574104,143.731349325036,40.4792238951536,205.567868916198,76186.5721116762,CLEAR
3.71419609213801,1.14317439953013,18.832645149031,0.104293385101032,-0.179184585496361,-0.0990416845080146,53.2046741908518,69.7463545859412,0.990151551642253,25.3914203173377,143.687039199283,40.5416199837464,206.968825093451,76167.3494538841,CLEAR
3.71678660893633,1.14456489272739,18.8332921385749,-0.282999210447922,-0.125192656825215,0.0566754660681785,59.420553220304,48.8649289013004,0.959393489323292,25.4004203752557,143.857213785139,40.516487208315,206.90149126926,76209.7171153523,CLEAR
3.71075576230475,1.14056352245799,18.8327367193996,-0.104354564495351,-0.0463332515529147,0.302188726627881,40.0036043586929,64.1432595461772,0.728808429805818,25.38772088959,143.750826777831,40.4543955063191,204.260326868215,76162.7579775667,CLEAR
3.71324759796167,1.14851898339486,18.8307472065575,-0.212119383387928,-0.0995048129128536,0.0297590050981362,66.884142254074,47.4380329521352,0.992524672600383,25.3942782580697,143.6566090055,40.508839761957,206.288629363492,76187.1951874479,CLEAR
3.70714720609377,1.14731032708025,18.8273131042293,-0.0902199110771726,0.322196343164464,0.114983978369473,45.3420431233886,49.1086768382564,1.10735328055623,25.3846013329228,143.895157420685,40.4937732797318,205.909885356885,76128.8402309541,CLEAR
3.71496494061189,1.13353413895427,18.8272977843267,-0.0542264003829971,0.12531846696379,0.0561150115475461,61.3051476034588,47.1058428423761,1.13038168969612,25.3910798076792,143.868684698671,40.487573290953,207.740203757034,76155.0347236806,CLEAR
3.70945659180332,1.14767030087401,18.828003519696,-0.091499353808838,-0.146730076988256,-0.275017724417677,55.6599414848756,42.234833148453,1.12792317687989,25.394342380374,143.5767109246,40.4296581300817,205.962169507836,76167.9827665262,CLEAR
3.71531001294525,1.14640304222685,18.8392909157327,0.156560250117307,0.443669452242482,-0.0616728263606224,47.1460669405016,59.0518969416764,1.13314810589602,25.403105642419,143.482280716098,40.5240837314041,206.239444991969,76213.905227152,CLEAR
3.70625275740444,1.14100007473073,18.8346574929774,0.398394250254766,0.157775229202201,0.104468369357335,69.9501623555296,58.2566875392432,0.634524685426118,25.4002539915852,143.648003059468,40.5743355375899,206.433594834783,76222.2812614347,CLEAR
3.70969601252989,1.13132362703502,18.828569610913,-0.256702147805951,0.0550491414757079,-0.0548844980571459,63.614590315167,61.6406838175539,0.917577907798681,25.3923395921026,143.661140316267,40.4746442650389,207.488771742291,76164.4945140367,CLEAR
3.72009348853095,1.13996802016341,18.8276575281575,0.00355264180502523,-0.276554969845608,0.196474196751381,55.9097488124091,55.2949660300591,0.762839712427423,25.3926574592749,143.969345991227,40.5226716925693,207.04253817273,76173.899614716,CLEAR
3.70604775708785,1.14318873230668,18.8292191038588,0.241597719734368,0.0986323613259799,0.219726259297059,60.8890615408876,57.9447419635645,0.934746827799209,25.3934919248341,143.863977737954,40.5104572171968,206.564480309742,76186.0567603702,CLEAR
3.70534800607708,1.14871504947709,18.8344059399907,0.174208916031174,-0.162989217409102,0.500665306307412,48.1492495617274,60.2975880258823,1.14964456627144,25.3951190449226,143.798206784313,40.5134043511323,204.995822044046,76195.516846888,CLEAR
3.7175545595673,1.14642424573615,18.8413681136771,0.0732274992668432,0.400281230539531,0.015684261682634,56.495630983146,46.6243666375545,0.785073034721453,25.4020969060479,143.813246999886,40.4723885610023,206.838315064036,76209.3127174603,CLEAR
3.70041761230479,1.14517111152876,18.8303827420937,0.260656595196639,-0.311798005395597,0.285159428337194,55.477489560185,42.3631264701926,1.10300919758813,25.390343767471,144.02117806568,40.4495967265321,205.579154870109,76133.7339703403,CLEAR
3.71961567876102,1.13935797713519,18.8341176901317,-0.215522801405269,-0.333338711701101,0.745717213919125,59.5761633289531,67.6256666944229,0.941379486604444,25.3982834847501,143.658000135552,40.4985930458614,203.877240148582,76209.7740694588,CLEAR
3.71792102986353,1.14180811863174,18.8331854456308,-0.209651658020968,-0.0879615326300662,-0.0569747782789915,68.8052819869928,55.1854103891353,0.967889702464121,25.3889786406975,143.94127747657,40.5178348199608,206.484463386692,76157.4686589822,CLEAR
3.70960701707658,1.1473310726447,18.8376143574306,-0.0787464564914982,0.034209795122526,-0.188309982667581,62.4266110311606,50.2941240564011,1.13439791566599,25.4043982678554,143.686820419614,40.3949565595997,206.806622470413,76214.5773526163,CLEAR
3.70638623607967,1.13823104885424,18.8257351170843,-0.100838186475955,0.0374723332117084,-0.031005728774085,42.2002770981054,53.7185716136758,0.743663368512746,25.3915658638034,143.927703908017,40.4444326204561,207.988269961135,76167.1351605537,CLEAR
3.71449676463341,1.14818638360009,18.8337562980394,-0.0182886637997937,-0.398920463183428,-0.243652023248571,62.0993757213139,69.0099160673109,1.05951385623587,25.3919044014774,143.962466732972,40.4851486278127,204.267015453042,76185.1825494695,CLEAR
3.70713941105387,1.14747995035041,18.826813758132,-0.0341175161395099,0.0677550614429696,0.053446842248716,69.3176205449604,50.6632076919605,0.812718630897008,25.3897702996463,144.080753235601,40.4874549225656,207.185673914711,76144.3647340302,CLEAR
3.71201967252879,1.13427768605197,18.8268919105876,-0.0485903042348672,-0.0532787110903914,0.0883591503715057,68.7388112348053,60.4971099255416,0.928567816644768,25.3906043504653,144.016679539912,40.4840626133465,209.193874092218,76163.6197337308,CLEAR
3.7024499171523,1.14165664477101,18.8337738635794,0.127729860908527,-0.278895575089855,0.420491795617479,67.1748670106312,54.1999461177382,0.696959047417875,25.3969828636931,143.769213387337,40.4735760871756,208.166132278414,76187.0938764815,CLEAR
3.71639510764692,1.14568919231435,18.83448923854,0.0930646481027074,0.0669360123346647,0.381101052315046,44.7989165781292,49.8655265877835,0.899676622432902,25.4039695140318,143.998271276851,40.5162957435943,206.849886155953,76241.506304106,CLEAR
3.7115931062119,1.14214886529299,18.8354233668258,0.333896041252482,0.282829656517825,0.251189128235338,41.1148429666265,62.2279468699573,0.74746678922066,25.3932909377634,143.853069465211,40.4983939849347,205.15323796182,76163.0089589762,CLEAR
3.71731796369966,1.14486492398843,18.8345032706542,-0.158007362966545,-0.363077539693904,-0.0102391866829974,55.6241363385883,52.4074274074473,0.666120849523189,25.3974807441832,143.910242069322,40.5262317412993,204.261362151631,76193.0916309582,CLEAR
3.70718684735998,1.15008537863135,18.8310294492968,-0.193827706485964,0.126715455992361,-0.00860052855325908,66.3459151649147,41.8864116273856,0.636806421796841,25.3955833615457,143.432046319504,40.5049177441051,203.31549971853,76188.2222744505,CLEAR
3.70474871472824,1.14210611583514,18.8347643867864,0.257625748409134,0.0604057286628338,-0.0227563585765169,51.2708320882682,53.4912704881875,1.18094452449687,25.3928225222297,143.675480938301,40.504337702519,206.005322235729,76163.9559658507,CLEAR
3.70494072146666,1.14312933978733,18.825777387795,-0.266675558137534,-0.115097383245742,-0.267008617615066,59.0788332965706,42.7414963599593,0.729012949564431,25.3846078038205,143.951423026986,40.5849885704501,204.98469531098,76136.0195859791,CLEAR
3.70265912417543,1.14398535315832,18.834878841735,-0.178155894010186,0.0548877715978425,-0.0364920338939432,63.947344761574,57.2795676718861,0.926881020744884,25.3947429529029,143.732771121236,40.4660264961884,204.171114965968,76179.8022598916,CLEAR
3.71210889028859,1.13653075108597,18.8265626805202,0.219270041681908,0.0178257836624823,0.164305341343983,41.9319759607734,50.2975231452974,0.923063873979366,25.3883560836219,143.600629846685,40.6421515511104,203.981708408556,76150.7089348049,CLEAR
3.70803757478279,1.14607114611781,18.8292038340833,0.00500447039770058,0.20853779763958,0.095284651177142,52.6861938050563,51.1300037709743,0.633461397167145,25.3898199576567,143.996719437384,40.5531655414238,205.597240615084,76154.4656301601,CLEAR
3.7070708908026,1.13666040865387,18.8238937988799,-0.0388754940243426,-0.177210165215287,-0.112402110432448,64.586206016254,42.7105439916389,0.634734649498698,25.3901697455361,143.703900834557,40.4853650964957,205.850526374601,76127.5837995464,CLEAR
3.70414612565777,1.14211591021006,18.824466166661,0.161492538307626,-0.0251930608671101,-0.133024437130717,65.4361570876089,54.4769660608703,0.924175975988385,25.3876699737253,143.537107242943,40.4778252629509,206.482843692204,76141.7521488865,CLEAR
3.70798049021205,1.13912329348591,18.8269455076518,0.165247420331168,-0.264219493053076,0.236440914481463,63.1423334622973,64.3620966676057,0.90567459896931,25.3872775642978,143.725536432737,40.4764844415442,205.048847092349,76139.8106422902,CLEAR
3.71088106696754,1.15131467425379,18.8311343374196,0.333819167453694,-0.0425175006662241,0.08010059992498,45.8570937246475,49.07568486216,0.62131576796202,25.4012291907571,143.899294114561,40.5435060358374,209.229642152932,76240.3421845028,CLEAR
3.70940771025906,1.14147650994782,18.8261718776519,0.0453964501239487,0.140714888681087,0.0343306028137478,51.3905573054774,65.6415189726912,1.1733743508129,25.3889901215907,143.990505598123,40.4754946412156,205.151790918792,76154.3805078795,CLEAR
3.7099504308067,1.14233090497144,18.8333592768671,-0.0201620180513202,-0.130346459942117,-0.0960199317810842,64.4892220735912,48.4025938084284,1.01527204422601,25.3926837981306,143.47021957905,40.5293302044394,203.694003595301,76172.4103594192,CLEAR
3.71395386545196,1.14719011960557,18.8305190081391,-0.357318429522689,0.0701429700393069,0.0442088450049201,51.2950437873042,42.9822620378436,0.713257570331493,25.3936393828676,143.761957501937,40.428137609153,204.739780135742,76187.1348236211,CLEAR
3.71691146953501,1.13801065108231,18.8329839518324,0.108411852713079,0.13921021927794,0.0253518227006992,54.8226940006579,61.5517456438646,0.939107180064326,25.3966205700843,143.734830232012,40.4971137965739,205.08532343555,76181.2991126105,CLEAR
3.70785916909438,1.13635175947235,18.8225712374097,-0.171891513774271,0.157888156815092,0.100692517942974,44.7726199939787,63.811417285778,1.14232198214605,25.383974860968,143.684965311972,40.5483705765466,207.033421058375,76127.9636928838,CLEAR
3.70945789820982,1.13767973058031,18.829334246828,0.280042284709948,0.0103980106920004,-0.20362836139383,40.0324617966863,56.7383428715177,0.90540192462841,25.3941609862062,143.27780555638,40.4864374714448,204.717858196047,76165.9783205678,CLEAR
3.71260836016316,1.13746235615743,18.823704367469,0.157722975338941,0.0481685152943892,0.195615214078714,49.765952864158,61.9143772331391,0.795161234300889,25.3871653611409,143.833826595082,40.4991584775638,206.883790723402,76136.0225059385,CLEAR
3.71111020320146,1.14300428061282,18.828356154442,0.352496962802956,0.119681775853898,-0.0589962623492766,67.1406702260708,68.555997920252,1.17783882079865,25.3935746573172,143.821975601321,40.5223271677845,204.681019374709,76174.3997757295,CLEAR
3.70835290210406,1.1461360138168,18.817943898891,-0.0274877186119829,0.432264683332096,-0.145784051595526,47.1706630955871,58.8556178347423,0.618505363866303,25.3861357100451,143.928767274111,40.5598312862207,206.550108563935,76137.239454005,CLEAR
3.70654425784796,1.14699409509941,18.8281049016467,0.255451909790721,0.244585057911391,0.168623107642994,61.7641799156694,52.2835447836474,1.06390734651332,25.3912823076301,143.699269469728,40.5270390989441,205.711916755875,76160.3407655022,CLEAR
3.70629303439834,1.14144361370854,18.8236604248011,0.240831654706271,0.00132796938875444,-0.202612653675839,59.6895977275235,62.538886477725,1.02361282523487,25.3853056094993,144.041287186352,40.5016979041382,205.100632588069,76138.0695919498,CLEAR
3.71231452466104,1.13975915499452,18.829660705843,0.318564331100077,0.072913376126703,0.161800690192992,44.6773882241929,54.4609405137948,1.17344331682054,25.3803051003917,143.580164569076,40.4264383811323,205.437891410127,76103.9187549287,CLEAR
3.70653723869573,1.13969402335796,18.825140565845,0.0826576662485765,-0.341359856385059,0.245702824808087,48.6757729512224,63.4687625308092,0.97604494720384,25.3909785623972,143.939954360702,40.4681109732425,206.026140244487,76168.9378715629,CLEAR
3.70932205668793,1.13883174452802,18.827787892208,-0.028469933042402,0.397496185478724,0.331171236267678,52.8627899144093,61.4495084360986,0.908690046952609,25.393975925049,143.865184239929,40.4985589157201,205.55470727934,76172.093510757,CLEAR
3.70211260096932,1.15060086906887,18.8271723590159,0.128355438793798,0.148657172056308,0.175870323346841,69.9086939347003,65.3000030057208,0.782863623664977,25.3924656093844,143.935952761293,40.5409576509444,204.595666570806,76174.7808912873,CLEAR
3.70009535648387,1.13994584595752,18.8279530412492,0.0286160921613776,-0.226046222613902,0.18612798355825,45.2740727492799,64.7983005642133,0.659231384611765,25.3890511233185,143.869023090862,40.4722552443495,206.429573123151,76138.9439552967,CLEAR
3.70728467452781,1.14148090633343,18.8327175009776,0.100566999396543,-0.0470744359041878,0.131012413499527,68.6763286659294,68.2741169518279,0.606624919555358,25.3967697653618,144.085777160863,40.5680284797282,204.043209030494,76191.1583059758,CLEAR
3.7116822693527,1.13718860224103,18.8310327515604,-0.110842725549405,-0.358952372601965,-0.280766147277201,47.6361042524639,63.1844419408609,1.11316412776881,25.3928212825498,143.778759849782,40.481645221704,203.733254047801,76168.5317097619,CLEAR
3.70260658961162,1.13710831549504,18.8312142902165,0.479532586722318,-0.361974484062234,0.0350613849078201,48.8195015359568,46.8629874584706,0.791068923315264,25.3970970829163,143.930756993167,40.4505379674959,207.125343243767,76185.7880152539,CLEAR
3.70407123221133,1.14461469498418,18.8308406675105,0.121654562740232,-0.0919025550968165,-0.010099073436075,49.8872446363561,57.4031988063813,1.13725574312592,25.3943548659055,144.026741284138,40.4899227324705,208.717474266553,76167.6377789797,CLEAR
3.71402681000663,1.14489984983849,18.8288065984656,-0.0927819252837785,0.000983239997778327,-0.311871208131134,50.0975839881513,65.8570019706867,1.06068711048846,25.3889048285076,143.599427354834,40.5106162885222,206.193460151245,76142.2472731048,CLEAR
3.70954195161443,1.1420331081595,18.8352075296956,0.320713715603789,0.349653025205938,-0.276794507997457,44.5395179308323,44.0990226359692,1.11524540686617,25.3964789273586,143.915016003115,40.4873677670826,204.430247695856,76190.710425749,CLEAR
3.70315748819779,1.13895892709221,18.8288869266753,0.278863229080462,-0.0892414115259335,-0.0119062087833553,67.4560450521437,50.7139633610629,0.851415069284865,25.3819792557018,143.156998685764,40.4597543072468,203.756095253368,76100.4824146217,CLEAR
3.7096462988216,1.1381734276166,18.8394642906142,0.103401231266746,-0.352730757535841,-0.312219467360084,65.7931649691872,49.8883786470301,0.74072269428173,25.3993143078203,143.621523384316,40.5155092229542,205.933545081465,76192.6811883093,CLEAR
3.71026660892347,1.15301805811239,18.8379765418684,0.0260839656865664,0.153419584473053,-0.0187987995687586,67.3417835692639,54.3275172823185,0.790926808555946,25.4016235678838,143.704784820833,40.5167929165119,205.656219743235,76233.8524474818,CLEAR
3.71111751768621,1.13573685174114,18.8300111657809,0.164854913544343,-0.142456327075103,-0.559292681302621,56.7602234529626,47.4383857551841,1.02648992398714,25.393091684799,143.811814619072,40.5012384745675,206.227298563719,76166.0032381889,CLEAR
3.69929108336017,1.14335512514875,18.8287274537817,0.0102651520523592,0.0628765960994413,-0.391311744341093,68.8993652925261,69.8621018545911,0.617754363701467,25.3928450024098,143.885507019394,40.5548530388678,206.654521123534,76165.4418881126,CLEAR
3.71479085257657,1.13485782674603,18.8284538532025,0.354205804557246,-0.234477089023388,0.157163811898101,63.6866979474804,56.752096627843,0.947387117274842,25.393916998137,144.059316157062,40.5131139641517,206.477982337276,76170.6768232785,CLEAR
3.70618743002095,1.14350772086396,18.8366859783077,-0.121278080023649,0.116355394131857,-0.0753742921875391,49.1843065881925,63.8106685220433,0.689625803830033,25.3947670035104,143.925226015564,40.4993676715261,204.274933394178,76173.8536546671,CLEAR
3.71287107198523,1.13603350564225,18.8308724858708,-0.0363106060945298,0.0514607564541753,0.0752920850669853,51.5085576517285,64.3684411163862,1.02764265517043,25.3914338201168,144.184258428684,40.4695515711717,207.099788900635,76157.6366087063,CLEAR
3.72257522267414,1.15080264593226,18.8339599263209,-0.0191255505348853,0.0354533693133828,-0.0519403038183954,58.4885616627271,66.8418624870771,0.894388793063149,25.3932241474805,143.690039468348,40.4988064498241,205.87928912963,76185.9822651953,CLEAR
3.71148865866358,1.13316734670454,18.8355039384968,-0.148811640967004,-0.194819826162436,-0.0188263420196773,65.7825145782937,46.3890550338636,0.670017137332263,25.3928471795357,144.075243281066,40.5446785565982,204.971593261982,76175.3788107677,CLEAR
3.70658634028956,1.14080678066393,18.8295981428575,-0.0441657317870146,-0.0420490202147815,-0.238764459360441,68.6215437082961,62.677511613095,1.04376353745318,25.3943462257903,143.942106804345,40.4907848760991,206.640240032894,76165.55786375,CLEAR
3.70969509910551,1.14700024529552,18.8286567173739,0.175251755728391,-0.0522239105937561,-0.311902350403228,48.2043395759131,44.7119246687798,0.661959582989422,25.3878278145833,143.748067108505,40.4864831415499,203.421214492597,76142.6942387135,CLEAR
3.70562989722671,1.14349907072206,18.8300053480194,-0.375619919382492,0.268183044085058,-0.369635562030195,56.0317107908404,57.9802165347966,1.00188691145703,25.3914973843728,143.874878877793,40.488782808039,208.819445528854,76162.005951171,CLEAR
3.71587158528639,1.13860451725134,18.8340618536159,0.000938808073457178,0.122136939349361,0.212912756157089,50.7626239403989,47.3374677714055,1.03365227118523,25.3908398406371,143.875742012387,40.4762640230397,204.805895284132,76162.7628055573,CLEAR
3.70112565620697,1.15025017739468,18.8234898321324,-0.230239055607253,0.112885627702194,0.139013582468166,50.7862842199984,62.5705092767929,0.970536722504116,25.3880672471131,143.677697117593,40.4420276035881,204.653023101432,76149.7637382277,CLEAR
3.71022299426548,1.13625743972778,18.8335446695852,0.0133282036460045,-0.20825849879797,0.0568923664652695,53.1993445638089,46.5105610928314,1.17845209770327,25.3936638727419,143.940155994697,40.4721334847519,205.72240567813,76172.7119379303,CLEAR
3.70645297777818,1.1518989974416,18.8321207721876,0.0708812598777355,-0.132602694082342,0.12839180088721,66.9719437240884,54.6961832096464,1.16010420643381,25.3872915173262,144.059092644628,40.4428251093309,204.103738477199,76141.2030801273,CLEAR
3.71521744445363,1.1473277908368,18.8332284343544,-0.134254479721005,-0.209590782183779,-0.218726863485269,44.3560159915078,56.9029024413011,0.96442692214114,25.3979978531783,143.907229400588,40.5581595090439,206.459683648806,76185.7891676744,CLEAR
3.70924889996035,1.14929960751343,18.8306785125295,0.0944890516700291,0.261025736993078,0.0959312132010478,49.9727501143734,61.3975490117177,0.653339548904086,25.3976306292062,144.171966118275,40.4873517242383,205.681684429274,76208.8414029048,CLEAR
3.71158023427882,1.14664124992742,18.818492204626,0.00537492290665236,-0.0551736897701977,-0.194763773137517,69.0011566065318,66.5811217671701,1.082500443663,25.3848388977784,144.010513602276,40.4966948834612,209.861827502666,76129.5348146383,CLEAR
3.71599808230022,1.14665591853625,18.8299596914411,-0.213901019362748,0.201091520885121,-0.143866827650635,65.2999765516819,63.6844369551878,0.643476895007037,25.3966881070379,143.365401579637,40.4958723782059,206.090901626347,76205.9819553272,CLEAR
3.70937722871423,1.14727969321471,18.8255015551412,0.258104943087993,-0.12221000663685,0.10768127130843,41.6966415451182,55.8658618689725,0.767235124035954,25.3942234848273,144.040740700932,40.4479768130084,205.838571509699,76171.5139304616,CLEAR
3.70795951699481,1.14421898163473,18.8251852980513,-0.240630806137947,0.0239814998078369,0.00627306959789088,66.8708946766084,48.6270289609613,0.869070648568928,25.3895366415327,143.799397945043,40.4723542309259,206.760687533787,76134.6067227467,CLEAR
3.71365881382005,1.15217619600603,18.8279930295846,0.000339462319876986,0.34504587552127,-0.0129707767968744,58.7482512974455,44.0462004668464,1.03336047796328,25.3956566020746,143.562100540503,40.4364339977267,202.300318955326,76172.9115076155,CLEAR
3.70695310140576,1.13476630100064,18.8248987808083,0.203951136481725,-0.12963517848944,-0.0843963063217857,57.1691262115951,59.278999925316,0.699198306663496,25.3953822513493,143.781660021761,40.5383632489261,205.3088777389,76190.5894096103,CLEAR
3.71419934579774,1.13685929555316,18.819611583393,-0.180879600603346,-0.177198111040543,0.0628111622321484,69.3246468670524,52.7665492871807,0.627267166446409,25.3853903108072,143.599211224791,40.5374192486214,210.131276013491,76117.4677220241,CLEAR
3.71377787099377,1.14221439152867,18.8326841837757,0.240946114324449,0.232059010642671,0.0944146737593493,48.1450649349099,45.9827416348479,1.05136684432922,25.3908877604811,143.66156961274,40.5134346370383,206.795725608811,76160.449377155,CLEAR
3.71392159746077,1.1384070629133,18.8408196413893,0.184104194937657,0.135926645763821,-0.409052325798779,54.4767511091127,68.8225576857382,0.9681563434986,25.3981289373185,143.933042125327,40.5447462613851,205.094586270714,76193.3529819736,CLEAR
3.7076113314977,1.13946958125894,18.8296636182415,-0.337958181664915,0.286459557685454,0.090687791657085,62.4279533729529,67.7691154057812,0.743241277851256,25.3944572133169,143.587614157637,40.4818219270151,204.898764799988,76181.6607670192,CLEAR
3.71339822915529,1.14978835858253,18.8378494638317,0.372605122061011,-0.183301861817918,0.0888385424930479,41.3738266953897,51.7116702096366,0.676834055980984,25.3944778649796,143.585083802709,40.4347331838353,208.172597020467,76179.9318321181,CLEAR
3.70841127448065,1.13536852675548,18.8276781464638,-0.0700014112853336,0.095345479830728,-0.292879711047379,57.7218814227258,68.8264178893696,0.933070493908835,25.3924299796818,143.623989880753,40.4872795434,205.586332002091,76172.7642202063,CLEAR
3.71333561723977,1.13531788809843,18.8253110787771,0.181853091246103,0.457590484963373,-0.156605616342772,58.1493801882469,53.5763434846899,0.943780640299315,25.3853337153746,143.878271666468,40.5448756326567,204.668755329292,76146.5772026069,CLEAR
3.70598765064619,1.14246697155035,18.8252279793699,-0.148015088652192,-0.0517609060251063,0.234933128074041,45.5784198383698,54.814206432802,1.04205377382416,25.3880677332993,143.839838826723,40.4563243781317,207.182460060967,76134.9037137089,CLEAR
3.70725125387739,1.14381858752721,18.833841889579,0.337140241191302,-0.166910946736912,-0.156762787886629,42.6319402784946,64.3442080909154,0.80289742055365,25.3899509120834,143.602808094991,40.4998326634978,206.347183216592,76176.3379005312,CLEAR
3.70629669605902,1.13228171963995,18.8244279234814,0.197119530281332,0.165952906977961,-0.0783873529086017,41.5574596676166,48.9141883430727,1.00965812166927,25.3905258309107,143.886166668331,40.4958208400488,205.924726768509,76151.8576939636,CLEAR
3.70566760078616,1.13830720478758,18.826209607065,0.020084575993747,0.0976216383939372,-0.21034792215904,64.8881914211367,46.7886489558101,0.605532669681462,25.3895797819141,143.907423665373,40.5159877877329,205.903433808492,76153.7973982802,CLEAR
3.71971785480328,1.14341858069406,18.8271275570781,0.112015394257971,0.374537741142876,0.124746189982955,69.1024137398414,54.586196388499,0.891317464129595,25.3950207696536,143.923191182746,40.4548542978207,207.034366921468,76180.8985239272,CLEAR
3.70497920558985,1.14076891729155,18.8265995987898,0.0137960708398667,-0.0974612613895984,0.14000172172228,64.2047916084044,47.591592114191,1.03689904770591,25.3811496934204,143.767508771482,40.481607634629,206.101511448429,76098.5294947698,CLEAR
3.71567522945498,1.13566049650947,18.8368951025416,0.0407161778270934,0.0182867114568441,0.265359231128565,60.5820186172158,52.2757195520628,0.770973995594571,25.3952678489815,143.68377707673,40.5182294277186,207.819362242509,76173.0506533102,CLEAR
3.70397710538913,1.14031563244515,18.8287580770893,0.335469881829913,0.08450325248876,0.338125831548885,56.4846978352021,50.5039854867076,0.815297218762823,25.3915191428157,144.568235782753,40.4691070154148,208.141855062805,76161.8077040053,CLEAR
3.71081856391318,1.13189960220013,18.8337820867087,-0.219711940647765,0.290547865803528,0.046416777388619,54.3707286533049,55.7052451479323,0.694129940683641,25.3914390916278,144.10637847735,40.4733257114066,203.343518140263,76164.8256673724,CLEAR
3.71425582917023,1.14166882482781,18.8318190125808,0.27712443380063,-0.243639492156372,-0.353750299189221,54.5578022306432,51.2563766728586,0.870371118369957,25.3966365912274,143.81847016474,40.5437912988156,203.270887966823,76199.1474976146,CLEAR
3.70493042637726,1.13909553349161,18.8314894014086,-0.153330614011678,-0.203209258947319,0.32178212130356,62.94850729276,48.9102711217403,0.887610174897697,25.3867934066604,143.638988470564,40.5085239720527,205.634564010246,76133.0239545811,CLEAR
3.70840491108984,1.13762719145421,18.8360305114709,0.132185238355033,0.15379718916816,-0.14721686313908,58.4316826342593,65.5180731024339,0.696696688651867,25.3971127063749,144.082654738033,40.4734186518301,208.769193697495,76171.3700211905,CLEAR
3.71183933792766,1.14791862795982,18.8374619466804,-0.174301482131399,0.150561264247381,-0.0730155654987951,66.6574174196369,45.947238928243,1.09285568575627,25.3944509595423,144.059977395021,40.5299659107005,205.446361917609,76182.4182600569,CLEAR
3.7110954280656,1.14930661950361,18.8325666119965,-0.245525668660176,-0.157517431417454,0.0902821939741769,43.5489785808469,47.3991522707498,0.63545172302328,25.3955554989919,144.171776602932,40.5585881330623,205.218800025475,76195.1905188443,CLEAR
3.70805953104714,1.14381138709336,18.8347795839345,-0.121623556163961,0.195110894557103,0.267770399777245,65.8283036483993,54.3478040717683,1.18519328088871,25.3903600806456,143.858494079447,40.4450608500059,205.084635919425,76138.4912208757,CLEAR
3.71168330018016,1.14197075577784,18.8286980684516,-0.258303183206465,-0.0813159584519079,0.106604446972372,50.7059463791392,62.7198257040875,0.717037345864244,25.3874639340354,143.724616761246,40.5249960004186,205.07698217604,76129.3130910303,CLEAR
3.71301448469304,1.14429614463344,18.8315029895266,-0.00987958958019104,0.1208381931579,-0.323967599888724,61.9328801022961,44.702396008066,1.17638081232647,25.3936617391674,143.589465295875,40.4567137788891,204.635525937396,76163.7740636161,CLEAR
3.70626591410712,1.14020679766583,18.8310885490827,-0.18974969528854,-0.185813039742785,-0.128816299648912,54.3811650022446,44.9266618243572,0.917151757361906,25.3918520125922,143.577916050084,40.5067213606103,203.40439768099,76167.8023254897,CLEAR
3.70859025006751,1.14166414085548,18.8349064190046,0.181913494790127,-0.126181868921841,0.191061315404572,67.8062196189236,53.0520078710841,0.742371469472578,25.4039614116764,143.737721071377,40.5242282160551,207.342719130657,76214.6040376449,CLEAR
3.70401100704178,1.13926786431955,18.8266654918262,-0.17638443101875,0.138469537453838,-0.142677183400083,46.8234145042948,53.1940458780106,0.861488885065904,25.3892719777662,143.467816665868,40.5283587723327,208.005767560328,76147.1178921825,CLEAR
3.71544495351335,1.13781865342069,18.8353046387702,0.0326646331756442,0.43442335405577,0.0268280133194044,66.9678436358072,59.7017749632074,1.02978294525456,25.4006277823747,143.792309372425,40.5090494642174,210.204433630803,76192.9792210188,CLEAR
3.72154058873518,1.15399207171763,18.8328923337776,0.164873572689523,-0.2187550468691,0.0586346037527261,47.3113975330437,61.215645264542,0.88872926086201,25.3954674314412,143.923313364595,40.4938832689461,205.650932567025,76192.2393121496,CLEAR
3.70505562678594,1.14281671685899,18.8377147490302,-0.186725183716756,-0.437579325764859,-0.0871400777100846,48.9235310888687,59.2437533248155,1.08307793040244,25.3986548093972,143.920077369038,40.4897726456837,205.564392350221,76205.5937572797,CLEAR
3.71291420381773,1.13258546219971,18.8358722697809,-0.162394456900627,0.247795514108351,-0.0166825163253858,58.7226423305561,69.5752091025444,0.963009348659014,25.3981172320618,143.959011762627,40.5535952842441,206.808107926606,76179.0738748821,CLEAR
3.71155901252311,1.13272201443825,18.8292573125416,0.23279920896867,-0.140697013785651,0.04634238431923,43.1589886969567,61.3945591064308,0.769537656898426,25.386813180032,143.692041366106,40.5272590687337,205.660145146663,76136.342669725,CLEAR
3.7099796551873,1.14710813877956,18.8284342561525,-0.15234134466671,0.0424369969937253,0.154795624349431,51.9893598298256,67.1758482367389,0.947952227194205,25.3955108522693,143.927490133705,40.4594914164072,206.130751165817,76185.2844433283,CLEAR
3.70646225602453,1.1398640023192,18.8314714096839,-0.154373843561902,-0.166341544508151,0.00342625497137272,58.1176550313534,48.040476189397,0.748339705712728,25.3923361704745,143.561906219085,40.5088469407069,204.777778136765,76165.6213649248,CLEAR
3.71038724921368,1.14208540109409,18.8313358011824,0.281465469762713,0.0889214155040661,-0.0900986930204762,47.8988077997759,48.9480054071085,1.02526149984926,25.3943214448865,143.747967248243,40.4818071634323,203.824843496336,76166.5751951763,CLEAR
3.71340546739082,1.13480231121156,18.8421603890244,0.080640730899512,-0.165306134093173,-0.220396721890678,50.3631620031972,56.4296370031123,1.18349047940655,25.4000583892877,143.750909364812,40.4359421728622,206.441177861245,76193.5358424802,CLEAR
3.71038812441348,1.14597865451195,18.8337716329955,-0.227136205910097,-0.226780520175576,0.104669385697549,66.1952634674334,61.8461282156284,0.747585840177808,25.3906169215464,143.808186200483,40.5211903126806,209.12935204932,76155.8810156586,CLEAR
3.70613986205883,1.1431386023457,18.8245491328774,-0.0189903121869041,0.244544672171048,0.129788208647889,63.9420449185154,41.6713843973547,0.851904602528624,25.387086846431,143.684315266473,40.5249011642844,207.828680809029,76145.4166336956,CLEAR
3.71344304783645,1.13932628947488,18.8309462282965,0.11486419227385,0.453495249892261,-0.231477776359162,56.3664899590785,53.3454773860224,1.08629581329017,25.3982232272126,143.990396119417,40.4872472733694,205.779872265657,76208.1698727058,CLEAR
3.71023491398913,1.13942004206865,18.8378573302005,-0.0374860443689654,0.0377877634482509,-0.104118473759586,61.2159652281951,51.1631666521114,1.07956588300193,25.3956962198665,144.003719121439,40.6192498780543,206.693064635766,76180.4618507204,CLEAR
3.7066531410495,1.13802451522992,18.8268149252944,0.139156668900659,-0.125375521223338,0.0131534339994879,40.9929001017478,62.4583967022828,1.07977753929662,25.3912356246584,143.528165837739,40.4655949091479,205.336695608043,76181.5991112955,CLEAR
3.71073006277869,1.1462108554633,18.8335424172564,-0.0492412715472136,0.307117345076893,-0.287972473063202,51.4393242963254,48.0378083694239,0.810612485439486,25.3952474631487,144.07953945898,40.4788213045423,210.360818640185,76183.6305089379,CLEAR
3.71087908307987,1.14361763582879,18.8391678577258,0.0829953717057892,-0.297104372494349,-0.235884149722308,59.5639032955885,47.5739657026429,1.14547677501309,25.4031909177436,143.393298337408,40.5110254582805,204.859687819295,76227.7165809895,CLEAR
3.70614777753844,1.14677288982302,18.8387029775309,-0.236072515615334,-0.14766430754266,0.250482104717015,61.0863353024525,52.3941694769484,1.1452271249829,25.3996469169947,143.960181945044,40.4503875967963,203.556398476598,76206.5168834821,CLEAR
3.7076826650246,1.14790419089989,18.8289643341816,-0.168086886749478,-0.43096640106281,0.364217193006665,60.5513772655855,40.0297860762359,1.04237591540523,25.388663039017,143.339309739656,40.4529090210057,202.750075362778,76142.5766171706,CLEAR
3.70881301396624,1.14329129902021,18.8323541765225,0.290086004648748,0.0239889073022437,-0.0951731048616502,47.475345717599,66.5509984814644,1.15461646570103,25.3955166002285,143.805021082265,40.5585159335582,207.140249046775,76182.7926733517,CLEAR
3.71128188953916,1.14306589749992,18.8205453228672,0.0627011315609364,-0.0308286222075463,0.218184386419697,40.3891145303128,69.5669751876246,1.06265169203813,25.3867974035339,143.574350112287,40.4576659224231,205.639498402169,76129.288858032,CLEAR
3.70755269864776,1.1436970577887,18.8303325794848,0.027762738061997,0.237864583392538,-0.165744883106278,43.4138470814662,44.3560951372567,0.668570975240153,25.3935578976422,143.768715578237,40.4555009848734,204.565625004579,76165.9666125025,CLEAR
3.71395008051048,1.14271871228933,18.8354065920782,0.391856604577064,0.0138561016407277,0.127109135060352,68.7337520605718,66.499523407874,0.700181915824162,25.3952716209913,143.47307723636,40.5367483577809,205.952744893895,76183.2056544718,CLEAR
3.7092102975645,1.14604827291076,18.833423718605,-0.0923833856691176,0.183225141807365,0.00921332213537942,42.6163475955014,60.2383810755914,0.712783699768573,25.3953553482354,143.868194608597,40.5123776433649,206.996727786888,76181.5804277769,CLEAR
3.71614274314285,1.14184019111647,18.8347380260024,-0.0966528204795252,-0.151746832987976,-0.280101951365251,67.8460097851197,50.4093426776851,0.820495404598864,25.3937707928557,143.6330329583,40.5042976272458,205.018704644706,76181.4284244234,CLEAR
3.7095922428504,1.14442474450014,18.83383831665,-0.170185356028044,-0.00067211366329218,-0.0878250366320112,59.369290881134,64.1739114213202,0.800524572662736,25.3990285285201,143.935155184045,40.4598924743345,205.893233168435,76195.8208378239,CLEAR
3.70793677388654,1.14196188581696,18.8357271507165,0.0381915933818724,-0.172161230192927,-0.0164845905385854,43.2348581280211,43.708798170961,0.681769695329971,25.3968316328991,143.666497683959,40.5419996514876,208.121865939607,76193.3912556523,CLEAR
3.70696930781686,1.12683137176627,18.8294064671714,-0.0117542215272245,0.0353100612296367,-0.199107893010291,54.1695802406126,42.6139179171619,1.04725147284217,25.395829789336,143.309864369139,40.4817317627792,204.706662833639,76166.279814795,CLEAR
3.71280807816455,1.14220215167606,18.8305925723303,-0.524215291310449,0.233327782056499,0.147413390273451,67.8251400000236,60.246020040966,1.1139613617829,25.3977482144051,143.923791252887,40.5210944879655,205.741289111029,76190.5773855959,CLEAR
3.70888645167704,1.15185257180431,18.8263741060801,-0.0742616403837508,0.200041549771337,0.0412359406464415,68.8762564307319,45.9255373885905,1.13567822715045,25.3882162594299,143.918883139882,40.4790257627307,204.627353014153,76150.0331139093,CLEAR
3.71334005124255,1.13681497789093,18.8265736322434,0.186854783692814,0.214030988881679,-0.101739945955365,46.3495072423706,49.177779959131,0.86061420843565,25.393245970726,143.58245843336,40.4681926721968,204.26798559942,76166.101978142,CLEAR
3.7151922775379,1.14699704749872,18.8339224695296,-0.183076710021329,0.00327140477796306,-0.775033967707664,55.0707373105413,51.0639214294472,1.1475674946066,25.3953865810265,143.54976242315,40.4725152086716,204.247267548931,76188.2934926267,CLEAR
3.71579540107386,1.14361002315356,18.8246458868695,0.11442194693121,0.00771806545447802,0.00529593804527903,44.2492640878867,59.7263801173552,0.916253379722334,25.3855491355755,143.855856507885,40.5896743004379,206.184311014448,76152.8339687567,CLEAR
3.70620962743918,1.14144385368711,18.8288925079994,-0.58661640405531,-0.0110224233130906,0.21595235795319,42.4016956340808,49.9089755318383,0.861775964447745,25.39256521953,143.888291643436,40.5202728727339,204.350787296145,76157.9350224684,CLEAR
3.70351365719205,1.1451860175484,18.8340983244064,0.0407468480969873,-0.236251508520229,0.376235956297659,50.4286736928778,61.6041256121643,0.710192878414609,25.3989111995579,143.700773988825,40.5418715181126,203.671800599267,76200.7107089214,CLEAR
3.70772505262956,1.14316789478328,18.8334226994197,0.0959628111204157,0.262433620117483,0.265324195475626,67.0741773176641,46.2445833106856,0.734418180645616,25.3933866255716,144.128003586259,40.5396385884912,206.091656382647,76176.5137285512,CLEAR
3.71902233286373,1.145812137178,18.8260691560568,-0.275197344531069,0.277874442084791,-0.000987501939729967,60.3449599872855,42.4023148149461,0.667415266429895,25.3888740579054,143.843524890933,40.45805086975,205.737826636475,76163.413457073,CLEAR
3.70753304972956,1.13654775135751,18.825975039114,0.0680107380192504,-0.0963209175700203,0.167534209909466,44.6897375446379,67.8285381248464,0.716831285310484,25.393513866873,143.850944644914,40.4732109211265,206.278648677642,76175.8815164918,CLEAR
3.72043668539564,1.14145245382046,18.8362509399602,-0.263070241807793,-0.177137441950901,-0.375375632212063,47.4991971224268,42.3150270311323,0.631782475069241,25.3979966940726,143.418234763571,40.4479840988404,204.99623677925,76208.6158595189,CLEAR
3.71388488529457,1.13251216430956,18.8238847953287,0.111691118415985,0.0926434215966917,0.113665397598831,64.6740054280348,58.1595013532875,0.726264661875056,25.3856626755253,143.377803770685,40.4653791636393,205.071578573271,76134.9631396374,CLEAR
3.70974997707418,1.14497287443421,18.8280753950641,-0.107067202705932,-0.039192052297127,-0.0516827227576468,49.3640990609474,42.4310406941049,0.718850644083241,25.3940644403165,143.71670690497,40.5460152600618,205.302912349303,76175.6541230404,CLEAR
3.70822054727343,1.14854521544081,18.8296577528225,-0.0273800533795649,0.108759797128658,0.210377398164042,58.291109191737,65.6420513188883,0.881894039303765,25.392881211886,143.943636627264,40.537073526895,208.807967703196,76170.9948591017,CLEAR
3.70548450352948,1.1412226185202,18.8423061276038,-0.204005335916579,-0.152073012794886,0.0588286454870027,46.7943577648044,59.4068374365625,1.03451077268726,25.4029939503478,143.636958061693,40.5758034144671,208.437845903994,76210.5220999224,CLEAR
3.70989590702689,1.150429460867,18.8291362809736,-0.374484632661616,0.0585352489307981,-0.10357701842994,63.3820700310051,52.6045485210451,0.946211067914074,25.3848665613133,143.876467209597,40.508064943333,204.750071575811,76145.2486529224,CLEAR
3.7075901485472,1.14767199460848,18.8322057201076,0.685302071361741,-0.102045470833871,0.360401730220565,52.3445075242449,48.3894441368419,0.694026162262236,25.3950720793969,143.870713984858,40.5020482818002,203.245208261428,76183.2371617922,CLEAR
3.70484015306493,1.14421607572128,18.8331346318009,0.29396488713785,0.162095645351014,-0.105019721098941,42.7779727257287,49.5922378279029,0.707248699612363,25.399499948832,143.754065871394,40.5102861104322,209.183311763816,76204.9277670558,CLEAR
3.71758175912301,1.14176974173174,18.8318524002914,-0.129043778855128,0.223809648025592,-0.0612791065055506,44.6986828522141,60.9089208919614,1.14396495711213,25.3886194053251,144.14236386262,40.50527228697,204.970693295186,76149.644527497,CLEAR
3.70651158858457,1.13808990045137,18.8355295586739,0.221978776528568,0.1237266509334,0.190265455815948,63.0395742006859,57.4475791937281,1.17777839578238,25.3999034171391,143.75440926761,40.4748871051566,205.118757998539,76191.5861868616,CLEAR
3.70238697011991,1.14257532822482,18.845812893266,-0.210341965871197,-0.298752887484328,-0.166477280435011,67.577864859973,55.5680408221959,1.11026001980619,25.4066838727029,143.666683993109,40.4734126942409,207.153295626548,76231.0002555376,CLEAR
3.71247884236084,1.1507406445746,18.8238131414104,0.312758184585377,0.18826567651247,0.165989143048787,48.1388604194673,53.2004290710525,1.17676775509624,25.3898015606273,143.817416346106,40.5037608891965,204.702350867829,76152.9000933948,CLEAR
3.70720320262963,1.13946764620255,18.8231210808844,-0.468127090939204,0.26643086696961,0.0929519159531933,45.232295639912,61.7851112306808,0.613352807316924,25.3877354120708,144.023214922538,40.450500505177,206.225703511485,76155.7636696169,CLEAR
3.70415214590785,1.13640642009654,18.8249210890541,0.139636502629372,-0.280333442529651,0.264917821168824,48.194707279946,55.7757095857995,1.04448199683342,25.3926019446794,143.762925030731,40.5790099318383,207.402873149297,76172.8527253612,CLEAR
3.71747685879038,1.12985157914055,18.8316321107596,-0.0863326296890593,-0.181782464173215,0.339694408754299,66.3401131661508,57.1897458973099,1.11500447858816,25.3879816411249,143.571673637671,40.486435997271,205.173584407457,76140.7527283472,CLEAR
3.70998258829888,1.14545372424687,18.8332819462151,0.337881064033469,0.0650438611169082,0.00991855841800625,60.6779816807155,49.1701942086528,1.18690267739613,25.3948492416657,143.608436046641,40.4814022424405,205.621122184698,76172.1571584296,CLEAR
3.70900159117443,1.1412454081765,18.8365372538609,0.379810922889325,-0.269307423774734,0.0757163185110129,66.876301404295,48.7496748201242,1.16531920522372,25.3952341315457,143.747670243059,40.493278983685,203.746565468079,76180.1108931585,CLEAR
3.7129160258435,1.15280169456691,18.8338285058702,0.183667911515391,0.0549959370064232,-0.282925896063801,59.9116338605474,64.7141970672736,1.05852008023589,25.3945080992118,143.882531665465,40.4703795994029,205.478090174208,76182.2645588057,CLEAR
3.70441280716491,1.13555654285552,18.8346410841338,-0.229208909329366,0.0426977387642043,0.0889717995931966,66.5542284744497,61.6201796018973,0.752880710422333,25.3931915739897,143.766167320673,40.4658223491092,204.975180460276,76161.2185258755,CLEAR
3.71325252018015,1.1464065719073,18.8300102392016,-0.424534678770846,-0.0919062596532729,0.442786164763134,62.5997304746465,48.0445075826123,0.782061576972916,25.3939883678253,143.517653709399,40.5369327906459,203.202274564208,76187.3489199316,CLEAR
3.70638690217459,1.14118878331833,18.8297426202761,-0.141469968792446,-0.419955500276444,0.192427493830365,51.7027349928298,42.7505496431097,0.668317471094946,25.3892113571187,143.547079539102,40.5165815546642,200.763708004707,76145.5152610245,CLEAR
3.70488209350911,1.14090625263291,18.8321557299265,0.0576491125883913,0.0371719081948532,-0.249263794209292,58.244124101102,46.9588498741461,0.833057599841757,25.390631181485,143.638703593994,40.594500687905,204.36560187929,76156.264101766,CLEAR
3.70474361353731,1.14676629941648,18.8276961167658,0.19338803531862,0.113249395240757,0.0212347385283127,65.9115375919341,66.8405539828721,0.991253661356516,25.3912343739192,143.783021736883,40.5003258843978,204.289790804612,76152.3017165571,CLEAR
3.70868759039613,1.13921984534798,18.8301539738464,-0.0816495936191145,-0.0711623555702245,0.0497330092653046,53.9214914417061,58.9402049652907,1.11143855523037,25.3940171592141,143.615772303247,40.5514072411201,205.02451399979,76177.7461096151,CLEAR
3.71439868005593,1.14092281690285,18.8343092288526,0.207235072353711,-0.0473614909804321,0.280245508570711,64.8289237640372,61.7814603015586,1.08637579569024,25.3968587052238,143.676928139801,40.503732412071,205.485112718399,76199.7921019949,CLEAR
3.69745405823892,1.14368410976142,18.834085204877,-0.0282902832861449,-0.271085222583356,0.253314759168317,54.3821601393832,52.2089842201449,0.928552757739969,25.3908242945843,143.873617909984,40.4579849758904,207.297431883802,76149.2859984829,CLEAR
3.70220392000328,1.1402214975686,18.8441489376426,0.00683729335557771,-0.0393564261595741,0.283394603731363,62.2867337690411,50.3019206017085,1.12105385326268,25.4023001129084,143.883121479586,40.4804092845135,204.961669591195,76217.380085114,CLEAR
3.71498913496113,1.13905439414444,18.8403152934345,-0.180531389792182,-0.580663673279228,0.171394514601674,46.5341684810831,68.6413589614921,0.867966038582344,25.3984715784494,143.602679171525,40.5318223850148,209.266414281391,76194.9321773384,CLEAR
3.70594383121301,1.14451889281836,18.8308601404976,0.172514506523613,0.276110882950731,-0.167917392243701,40.3193290088783,52.2766890608417,1.13327516838659,25.3929256410919,143.985971301318,40.5157517670273,205.692107246498,76166.1824548979,CLEAR
3.70484616280043,1.14984239807573,18.830765564017,-0.128808331810132,-0.1760746823382,0.0795240743313996,47.5925926104864,44.7826715110903,0.713790618922938,25.3871727055579,144.114213984095,40.5032633077819,205.196447056166,76144.4116267601,CLEAR
3.71483183395857,1.1413993109711,18.8299604002788,0.0784208868005089,-0.116536704822751,0.0216750018021472,40.6844008305256,46.1793316074506,1.09607267292692,25.3919934628094,143.994342093334,40.5434268919426,204.688977241589,76158.1099201096,CLEAR
3.70507391281041,1.14729951095481,18.837971162355,0.287141990185933,-0.12125941934392,-0.0923817279760774,58.0717732647695,69.9145235880293,1.1383910411949,25.4009786927909,143.707217614351,40.4820918984198,205.364606348694,76223.5541122579,CLEAR
3.71038594230903,1.1406125568481,18.8399217405227,-0.0491901202132174,-0.286840409610571,-0.223792146847877,41.1099388937248,68.6741525100069,0.701246885869808,25.3960386766352,143.420495876795,40.5169950890935,208.130781335828,76184.9808423003,CLEAR
3.88857387327685,0.99943467455016,4.19740403476654,0.053263346431671,1.74281476790571,0.384970099549888,70.3551694753629,53.725799336257,0.350711644338546,31.3064262444643,194.026079170091,90.0545142684085,278.645878655215,139106.807118333,DRIVE
3.87508984726061,1.00388074037349,4.20130234628402,0.154091419662482,1.57438452824468,0.356392054529209,89.1838898810374,76.4066402744609,0.511261731312977,31.3161382972593,194.435452190138,90.1030223917051,278.744760026948,139124.952742276,DRIVE
3.88016507600591,1.00164451803713,4.19538965600189,-0.132668368767631,1.71127040536374,0.113246724662035,82.9672838492597,56.1525318558767,0.313125697071246,31.3082646861661,194.459186338204,89.9514980905073,276.118701192148,139125.436675792,DRIVE
3.8757856655621,1.00518797365243,4.19414432136004,-0.16525528173817,1.68940126904767,0.0993027626654523,84.7296858658809,66.9908872842391,0.483476981973445,31.3060654139856,194.823092138381,89.9966099430146,277.134275891903,139080.45468733,DRIVE
3.88654437364551,0.991227971446138,4.19237745058846,-0.319091717492501,1.5441952361056,0.209412820719034,50.5379806531069,78.6197833194489,0.533202073506745,31.3093314485382,194.389328142937,90.1204902166559,276.782679252447,139064.963386728,DRIVE
3.8834813690452,0.999981027562423,4.20022435393501,-0.237974974846937,1.44727810632366,-0.265919070803196,76.1002883113096,82.2818124247315,0.452835320188064,31.3026638231738,194.626761761463,89.9528595174465,278.164178449828,139061.975155885,DRIVE
3.88843666389066,0.988503834348929,4.19722472594052,-0.140329933113127,1.67026824685429,-0.112718527644287,75.1396648008945,67.2473265071431,0.516286901172134,31.3118370280039,194.683450622167,90.0520588219272,277.225557415342,139093.341600239,DRIVE
3.88305580338794,1.00699749950872,4.19830005274073,0.414954780176969,1.5612563974244,0.0415519044694724,67.3054360753788,78.8325007992627,0.480097910338005,31.3181508347175,194.189937197009,90.0337453016707,275.526774672703,139150.525528015,DRIVE
3.88400670618346,0.997047882973727,4.20446921381921,0.0127355196383731,1.78000187663592,-0.413096062145888,75.478993534563,59.120885607113,0.323302396015734,31.3065738010369,194.698196972654,90.0182482160893,276.293050903678,139055.664075626,DRIVE
3.8831637862956,1.00828633435761,4.18960509469679,0.122643340973517,1.53166477166182,-0.0892176417876363,62.1848625758159,68.2724876218197,0.30628851094337,31.3076226143687,194.355784444119,90.0180271484624,279.2054722867,139085.378780966,DRIVE
3.87980867466699,0.996376705119071,4.20068017944013,-0.239542861864204,1.69181400992222,0.262010731739112,72.179756033262,53.7315751759044,0.381090532508233,31.3085043307857,194.303948396723,89.9176661151834,276.490355440054,139078.778425189,DRIVE
3.88409838786071,1.00399291370041,4.19649449712956,-0.0570495906735689,1.58813347431817,-0.138459646062878,50.2846500242104,63.4622266914206,0.327402211872032,31.3055073028814,194.530154642515,90.042409628343,276.149371294863,139074.740078683,DRIVE
3.87559206398776,0.998566103281043,4.1964253840775,0.344267683191417,1.8833453174379,-0.0593707848960169,76.9227458975212,71.7817854679419,0.57241109771537,31.3131101459416,194.677826112678,89.9709248949378,277.479321680877,139102.958454992,DRIVE
3.87588531423172,0.998117501297631,4.19889369153641,0.0468583920921893,1.78380315900197,-0.0478128701123483,54.7983517945442,63.9168533715142,0.461686044760615,31.3088935059434,194.391558170957,90.0181084999572,276.92852193652,139085.809792864,DRIVE
3.88123324968359,0.993390249680159,4.20120444738001,-0.0117236770674505,1.64319562696856,-0.123139110346965,83.6013383129671,57.0445851131367,0.591129073558651,31.3050674472763,194.480861336255,90.0545258860613,275.208298546934,139105.709869591,DRIVE
3.8777627168264,0.998481508178832,4.20111423443619,0.17105992952046,1.61194023878138,0.0751804212736649,68.0152538652461,52.8686654925829,0.556501664607576,31.3049573685253,194.527416802737,89.9635326477029,276.3859862245,139098.766015627,DRIVE
3.87261346236594,0.998884006662133,4.20186101952449,0.0258410491782767,1.62031029302832,0.0781724342808506,68.9757947327725,61.1061545585252,0.568164665557779,31.3061801762132,194.493198870195,89.977917557743,277.680324233756,139068.460899199,DRIVE
3.88294119473231,0.993553031662958,4.19690926811311,0.126524887849806,1.71585553055591,0.688747884390378,85.1000617048704,55.8497182077254,0.483287013932846,31.2998398790183,194.534947146514,89.9992711153482,278.686745915274,139035.895650806,DRIVE
3.87975182223447,1.0103636922669,4.19473442330807,0.148836791456813,1.65544734352232,-0.0332205308434836,70.3854021234295,77.8775565032135,0.386386267340084,31.3055213105241,194.175989130445,90.031272941066,275.377438954636,139049.973061243,DRIVE
3.87966616028821,0.992720365400772,4.19655712431378,0.110086093338313,1.69041841987355,0.175039264885161,62.8466817930984,81.0521598446823,0.539888512046326,31.3009761254052,194.18299995397,89.9798956077508,277.062962687016,139030.049604756,DRIVE
3.87876219955452,0.995590780549775,4.19380454777188,0.0611953790758086,1.33244984352192,-0.0225649331145423,64.2350793373424,55.9722467534103,0.341481705091475,31.3056266054323,194.131509626027,89.9931813703676,272.934692657434,139092.638228264,DRIVE
3.87842864105702,0.996168288546669,4.20382531512375,0.491553201305776,1.86564737782171,0.12358969499207,80.4436302277607,78.7221978674711,0.403962745829321,31.3121810593179,194.596646686168,90.100969760908,276.310238492294,139119.291473843,DRIVE
3.8795798922227,0.989771488826572,4.20521599412997,0.149412867656218,1.4103798557557,0.169405217766659,83.5689597750867,68.367996627841,0.413499233120819,31.3068024973443,194.356467195515,90.0224769397405,276.933931292247,139089.254081536,DRIVE
3.88009886478266,1.00152118009121,4.20129913187369,0.0572441046384423,1.83904372946922,-0.149089401337826,67.1821298422825,84.492401286472,0.33637437983568,31.3100133747593,194.496431078915,89.9499282306519,274.690432031356,139072.377231852,DRIVE
3.88428833533879,1.00060337479322,4.20274429550511,0.157803330208843,1.7022039852162,-0.32927798647993,77.6890016017645,50.7719024727778,0.570042251984817,31.3092285857619,194.281008189811,89.9678307210029,276.182178812834,139106.032437206,DRIVE
3.89066494638225,0.993663081650215,4.19681992976547,-0.107634447505483,1.61893989174351,-0.098113971750202,88.9872123297493,55.2412792441788,0.339694844135535,31.3086037755445,194.007059568776,89.991032870444,275.332927127526,139100.64839409,DRIVE
3.87071981725556,1.00181101832623,4.20976507333454,-0.09899712467283,1.46697275522145,-0.0749507124049827,57.7852524437323,82.7275540308247,0.393939134484621,31.3086542782338,194.17281773263,89.9373518394926,276.937573628984,139086.935751043,DRIVE
3.88042875468595,0.99930366336197,4.19531247380081,-0.00520752232381479,1.72892677193897,0.0182158527869423,67.5095919857492,70.2477605650243,0.524645393788937,31.3113034339047,194.53439807259,90.0349733024695,276.679801335237,139116.662094269,DRIVE
3.88457426149837,1.00570577520574,4.19528540368853,-0.0796042658216041,1.39522549433654,0.00945335024671692,72.6337804943946,84.6143348358802,0.549001363159024,31.3035054082629,194.087981407329,89.9856151562646,273.772088704533,139067.281039269,DRIVE
3.88047774666294,1.00023265309801,4.19946479911317,0.120289650777425,1.51878565335278,-0.382086923865611,71.4284799239501,59.4834845497447,0.424218339527433,31.3074264293097,194.530615095951,89.9660214588819,277.329794229468,139097.67162851,DRIVE
3.88323344288018,1.00094229926214,4.20427910241458,0.187087940851886,1.32434478374393,-0.0721333381332714,75.0708592462235,65.6353994267824,0.51798428050484,31.3112609711179,194.575716574069,90.0063136806046,277.025425896532,139113.685533206,DRIVE
3.87993267917799,0.996888986734896,4.20110295630408,0.181659776437772,1.60844879412611,-0.2142778324236,74.1490779929901,74.6878493568674,0.364166185260504,31.3115718110441,194.584423767202,90.0010565066852,275.095914340896,139087.429475893,DRIVE
3.88690965015439,0.997771521831645,4.19206883041836,0.24612573590865,1.34805854821711,0.0205788423361864,79.8212575839825,51.4508519410171,0.446741706372434,31.311132920459,195.043624794478,90.0123532646525,274.766249778765,139090.192097647,DRIVE
3.88045886289865,0.998138072474967,4.19573420031283,0.0100060180569498,1.65038586958153,0.0211975395144347,75.8134075684676,74.8350984217413,0.360733441435112,31.3187879879564,194.530983454887,90.0081364157909,278.881155340028,139142.996757859,DRIVE
3.88584514070898,1.00240070966652,4.19863270176574,0.263528561024455,1.75023087999252,0.149487881051739,65.8773343296783,62.8826738016431,0.497983633872237,31.3155800228185,194.708768459236,89.9778089902645,274.959981833443,139134.741329054,DRIVE
3.88388219859143,0.996670411274817,4.19720687004416,0.0992268901923234,1.69258368671578,0.318386300748636,54.8635962848779,51.6163631671995,0.425585222698376,31.3101002933988,194.39305526474,89.9258904911807,276.233600056116,139077.812761656,DRIVE
3.88230428608015,1.01589865581628,4.20111023026967,0.036278626899634,1.45116832605152,0.212310412860867,55.9426836481146,51.6711552766879,0.552056670479262,31.3026297264496,194.635341033079,89.9936714205912,276.279729810894,139066.288354997,DRIVE
3.87619746640318,0.999674436232604,4.20131901108494,0.128718826554134,1.62924857372736,-0.403283297502984,58.0488565271007,81.0986019090796,0.538327007588757,31.3140526548016,194.541504614776,89.9215312424134,275.383401211973,139089.281565863,DRIVE
3.87421247978251,1.01028545854726,4.20168233441504,0.0567599190873311,1.76174486050163,-0.0646493801559365,71.1146453989702,72.2214038782344,0.404254103960601,31.3078133912067,194.248696608876,89.9443905133537,274.805599711367,139068.731867631,DRIVE
3.87385081916911,1.00648552489841,4.18492187527132,0.146285645980144,1.68055472282814,0.0294346047640651,54.2735800470098,80.2982575831205,0.359275812078272,31.2996545503332,194.424200458691,90.0131022588807,278.403344265807,139020.293439995,DRIVE
3.87875810218872,1.0000915095679,4.19992711168481,0.26553250327891,1.6846457560614,0.116249268924181,74.6084056808768,58.0178102267158,0.496081031371087,31.3065351239071,194.494147505116,89.9548290857976,274.994717798275,139091.454923629,DRIVE
3.88393727864268,1.00358858747012,4.20394361896412,0.129963379168126,1.67343051430723,-0.111809808171885,76.5499623292296,80.5022207084504,0.471054262510565,31.3111686456049,194.531486708273,90.0411994553924,277.18933079876,139100.988208808,DRIVE
3.87786650871335,0.993588787418643,4.19756374746893,-0.0899920310792352,1.49537422629534,-0.0981800542067462,77.6152298265838,65.1461111445012,0.53406173218344,31.3119103436605,194.340512096177,90.0747631867438,275.591297749028,139158.507144543,DRIVE
3.87992702792944,0.995802636934307,4.191784291273,-0.211226356320718,1.77877339797533,-0.636571130606405,87.1189331246008,69.9669511307912,0.418355663447399,31.3102415715689,194.957443977849,90.0053958471864,275.188730651478,139085.345554776,DRIVE
3.88102179306264,0.996039636578049,4.20076607360537,-0.0724849127489053,1.60656970651565,-0.0214237714456526,58.7956287215768,82.2275312693668,0.325475607562091,31.3246707329527,194.421247421493,89.9252898510587,278.017934677147,139148.382478167,DRIVE
3.88459246082901,1.00841135362162,4.19529964261581,-0.371504684850669,1.63026974136628,0.156136860254983,55.7789547339875,57.1800645791811,0.540922389092113,31.3051424076845,194.272435806122,89.9460480324752,279.527120340646,139059.382495406,DRIVE
3.8811514889118,1.00013686091896,4.20435228620388,-0.248040749606643,1.84618336361766,-0.160860858265794,62.4860035185068,52.9250079209988,0.44462969848187,31.3083612152802,194.903203176037,89.9764587257775,277.098348715995,139070.899851117,DRIVE
3.88128665926727,1.00082000061682,4.19079891578799,0.014205753581627,1.38337748733948,0.327804101240814,86.7660328285543,73.6218328206309,0.418800025823952,31.3137234093121,194.330479960344,89.9723068107422,276.37578482998,139105.682392699,DRIVE
3.8814809130596,0.993454869379639,4.20008176690887,0.0746963111133395,1.93006824364164,-0.199252137210304,79.8026599710272,70.7049133640596,0.467486060905608,31.3115845234309,194.31382581594,89.9390881870441,276.494383117145,139097.828452367,DRIVE
3.87815492743766,1.00699383495594,4.20355422895165,0.0727111734317605,1.939073143025,0.214326563649392,64.2345948688923,66.2300385096289,0.347735847881697,31.3073246880823,194.724361730453,90.0020679605094,274.481759631836,139062.548346327,DRIVE
3.88843569622792,0.992539171378691,4.1909354479449,0.316851473638589,1.24188995221542,-0.335407052423881,79.8929984574238,58.4553222722747,0.579254980641787,31.3052824870466,194.775045640345,89.9573187729894,277.493198681617,139068.661561969,DRIVE
3.87726767586296,0.993950187481639,4.1950654728491,-0.245707625775728,1.57657422607108,-0.0959215230155693,51.5451516655907,82.9340473589719,0.339553619209074,31.3081806029016,194.569186732072,90.0260251387285,276.272216804535,139103.383894129,DRIVE
3.88380259148125,0.987797462322334,4.19976769348146,-0.104910153970446,1.45611123175383,0.015817482691139,68.9944289317285,71.9292412905069,0.310471716641855,31.3048923834241,194.554562941494,89.9538871873918,277.206270208282,139082.884594019,DRIVE
3.88470079358343,0.9980416582773,4.19256104389222,0.133484679844992,1.30479671732317,-0.0354174985687101,68.1065097793312,59.4567374158286,0.574500353832082,31.2993105846001,194.572454990992,90.0724593677813,277.364933717893,139054.505986269,DRIVE
3.89188409879248,1.00123192360026,4.19918426940737,0.388061663047758,1.70678652032923,-0.409353621447028,86.8887119510528,63.2480145825355,0.472263003163377,31.3089853949694,194.697971780703,90.053347379192,276.859520533314,139114.944632443,DRIVE
3.88450903910771,0.999090924162846,4.20042424881941,0.416400006178881,1.75367106049208,-0.0289399264890963,73.8010286560177,70.274852287972,0.370811447208303,31.3070329976201,194.360215181776,90.0644929377825,275.057465225671,139068.54566473,DRIVE
3.8804153666659,1.0020682484561,4.20176689396077,-0.442216220804813,1.44391950965501,-0.344104390227873,51.6190827051522,70.6287151808644,0.410284502949981,31.3038539409859,194.384790561017,89.958149247842,276.502009247709,139056.990648051,DRIVE
3.89025411675141,0.997368425264935,4.19853617940475,0.201059328912252,1.43041651078904,-0.37976556437722,80.6050726243043,79.9430501170192,0.389094743127615,31.3022890240461,194.388452593374,90.0207110831032,273.01780623514,139060.923843858,DRIVE
3.88159700514772,1.00238655790166,4.19553767763124,-0.283726757471483,1.68918359751353,0.0530076048458197,79.9780852952959,58.4083486175657,0.405599188814008,31.3136835325022,194.396941417744,90.0189158189087,275.194974997557,139149.177294972,DRIVE
3.88273378797696,1.00220917501564,4.20623592090678,0.162420301549668,1.59081871394582,0.227262623266257,88.7017909136639,80.5443589807175,0.584915478601213,31.3155841193933,194.430766092259,90.0368789226022,275.310992085655,139135.772389941,DRIVE
3.88354216348126,1.00113884169556,4.20510089621982,-0.216114256725959,1.41537217059899,0.0265816760304261,79.1180021704616,61.260497548582,0.325812246254654,31.3172539230661,194.304165796779,89.9828026712442,278.835958444797,139150.530180102,DRIVE
3.87800994844967,0.993896700110022,4.19863833009667,-0.00997213884321258,1.71783704344237,0.182662395156253,61.5851646587299,81.7908024646156,0.44107469220646,31.3049306766131,194.414426011999,90.012132709589,275.861721145468,139050.032132026,DRIVE
3.89157521311504,0.999920314427285,4.19070591752699,0.102816663260571,1.54497706574395,-0.374715179410392,78.3745444129734,71.6338296385866,0.311983646926791,31.3026651812473,194.585866139887,89.9574691258678,277.986056944274,139071.305216558,DRIVE
3.8790490266908,0.988648411842506,4.19343958505058,-0.452012697311764,1.23762806112789,-0.1273661729978,52.1750537269146,66.6968966073587,0.509360690892852,31.3018647351317,194.07645818069,89.9790840945785,275.852324700115,139053.520289889,DRIVE
3.88228946414958,1.00180994002582,4.19754155526506,0.24677559035119,1.80778572431376,-0.176891237867565,59.5858062624623,70.521892308673,0.542614922425434,31.3164072921597,194.252571812402,90.0385752702118,275.920867544654,139142.133091426,DRIVE
3.88284450025568,1.00077756932473,4.20437562405674,-0.0599013465499348,1.40281235858139,-0.107513684700237,85.5220821614558,58.9331069305477,0.44613518340597,31.3045653170186,194.336221445668,90.0471908868944,275.763026623588,139036.408755447,DRIVE
3.88308941588202,1.00646368832601,4.19705719496167,-0.184680459959488,1.87425142452963,0.212720497546034,73.6329430681371,79.366988116066,0.574440058003103,31.3028326627634,194.303515377018,90.0490281799668,278.527507224382,139032.099973388,DRIVE
3.8821844029378,1.00778327077486,4.19968060656386,0.159354655323903,1.69354903334489,0.155681503390133,67.1184164859317,84.9973819415416,0.517094933626583,31.3132063608607,194.383706394052,90.0692090475657,277.249122272617,139097.756690053,DRIVE
3.88264283048465,0.988155631787369,4.19348418977572,-0.0996464791703243,1.7045203101816,0.134569991652829,72.3980508213258,61.4126586198525,0.479417921925333,31.3022077842682,194.393620246117,89.9442260371414,273.895979234123,139057.626887927,DRIVE
3.8799389561592,0.999174107421114,4.20247996618342,-0.00153459359729361,1.66651257326406,-0.211172174291191,78.66329328795,84.5004582492085,0.522999004453416,31.3022817175173,194.510517849557,90.0735892050339,276.756442653263,139084.554013732,DRIVE
3.88258166456939,1.00076673933324,4.19675830585113,-0.125493611644628,1.59937310019544,-0.163493451678984,75.6228186349066,78.2909033716146,0.501256003921952,31.3095171387433,194.735710676815,90.0450261179885,277.433269580611,139052.925726109,DRIVE
3.88401852194673,1.00531325020791,4.19959998358552,0.0414081605957919,1.49733203576371,0.118448579719485,64.4792041933574,63.1253129245598,0.590443883646233,31.2982053433806,194.944399531635,90.0357585166497,275.934138577878,139058.763013867,DRIVE
3.8802012990582,1.01367247478305,4.20171037775438,0.082193300540079,1.79281942376982,-0.0525083301158232,57.7413821963001,62.0173013624837,0.475340463743545,31.3046176641437,194.60782518155,89.9278543638333,274.531988693182,139078.440561419,DRIVE
3.88269868692355,0.994458367192148,4.19878360394422,0.177308284633632,1.61201241468732,-0.113969491318458,58.9471806117468,77.0380029116871,0.476996445726472,31.3066472907473,194.39158360471,90.0440155493729,278.212864993925,139095.777035679,DRIVE
3.88185292740094,1.00705931053977,4.2022124640683,0.0551938312238198,1.29224503395817,-0.250664432084409,58.2908994731984,64.8949479191825,0.340569835327339,31.313395389859,194.578451648432,89.996282617218,276.789512185674,139127.995759519,DRIVE
3.88391645611242,1.00359955443007,4.20134371967177,-0.133942470742541,1.60837661360551,0.143943164944252,57.7731930202549,71.9741232243334,0.491057528652515,31.3042752582895,194.954262534603,90.0242081009284,276.14127104902,139049.951762975,DRIVE
3.88423999718774,0.995376269192584,4.20253206329707,-0.052437143606017,1.69376629690587,-0.0369035017441151,54.0878061258823,61.0510786603231,0.563655257731011,31.3092473644279,194.589455211773,89.9571294825997,278.457444728423,139063.413750179,DRIVE
3.87394983190703,1.00216556840419,4.19951816760908,-0.418780851270902,1.51026634257507,-0.207150968148509,79.4349748003699,70.4560749255177,0.513120628012537,31.3097817321851,194.373769098334,90.0360182261039,276.783949703585,139099.36161285,DRIVE
3.88385856428126,0.99121963914281,4.1972883117795,0.0921913822210594,1.60181152112368,-0.0487973159541186,89.7095276997691,73.6158438005898,0.358727982073843,31.3031491958596,195.025574540031,90.0945833944081,276.408441917401,139024.822308085,DRIVE
3.88411548944364,0.9941501834188,4.19800817123937,-0.439692709497263,1.68343609624966,-0.212517640230011,56.2145822802846,59.3091416802504,0.351976867180122,31.3073217015303,194.437688194185,89.9857728827422,275.310211973839,139119.808550366,DRIVE
3.88396871634216,1.00079283072729,4.19444369941556,0.00273760471063685,1.90323348283475,-0.126476662163969,66.4351189789612,78.8555586021375,0.477470780728269,31.3039232378712,194.366947021087,90.0511473432427,274.719199979961,139087.597258716,DRIVE
3.88348620460226,1.00052499763241,4.19920286749485,0.0338908898355994,1.51337302331312,-0.180501324543843,52.6008331308819,52.2461230590888,0.474709204519965,31.3112285006369,194.272427431516,89.9812621791581,275.106377840076,139114.007230276,DRIVE
3.88402155762455,1.00170835088898,4.1930888699305,0.306193854112909,1.55460791657625,-0.112631994334093,85.9551391914164,82.6455827151224,0.40988942661324,31.3091500705293,194.604592799533,90.0863000169686,276.416448129655,139097.310988205,DRIVE
3.88772387118647,0.997501595986267,4.20495249229018,-0.0669292227358165,1.57593626719025,0.0266640012906322,57.8607964324938,73.0840825586595,0.457643376692852,31.3062002680703,194.485139972487,89.9895241398091,275.151121720831,139092.666171498,DRIVE
3.87864018469052,0.992027517807808,4.19973202569881,-0.0115838353481296,2.06290642257319,-0.0747941055493832,85.6721306996798,82.6217975880093,0.46434209184445,31.3075581358327,194.207511285482,89.9778376217994,276.356780374921,139101.849001431,DRIVE
3.88509062252145,1.00205336180478,4.19598332442997,-0.192117264201419,1.74372134094456,-0.12484687263288,76.5460928856114,74.4870205492581,0.409734243057403,31.306608236344,194.634138595892,89.9404980428452,277.901423573572,139090.398230135,DRIVE
3.8883311181468,0.996032636563345,4.19619882059162,0.0196183921626163,1.91249696072685,0.154940315653583,61.9552242609947,65.9030258653233,0.453202922384437,31.3091716636867,194.177382165787,89.9673625906529,275.656029685226,139114.787344094,DRIVE
3.88295958040664,1.00449408656962,4.20456309920972,-0.320231218809193,1.86593771617348,-0.0579726014124148,89.6727645908553,64.6992694448605,0.542375088026799,31.3022149834455,194.709201264152,89.9546237995927,276.995853637951,139043.993692186,DRIVE
3.88380643714631,1.0024350618291,4.20639981333347,-0.194407434959326,1.73689789527471,0.0621831739949306,88.7942980098837,52.7854173494638,0.546107648639932,31.3161622014727,194.466184181445,90.0400438583194,275.22053577154,139131.545018939,DRIVE
3.88380533934555,1.00228699239435,4.20261892707068,0.571852161714357,1.4429109662055,0.0793577248689576,55.5430343879414,61.6206824445901,0.539400441550396,31.3026990874295,193.982394535699,89.9963123541368,276.015632045034,139035.281200773,DRIVE
3.88339069175566,0.999164270803019,4.20290163034014,-0.105109371425674,1.45912519497544,-0.465331996578381,80.2859766027193,50.9434911957251,0.53003716211198,31.3093987272613,194.483825341492,90.0966859949772,278.544439152459,139124.653093954,DRIVE
3.88264244201097,0.998972550504316,4.20246355342628,0.27447965545606,1.73956765492132,0.0171910727450218,80.5265819855377,70.8616378736682,0.462167412725967,31.3125329420268,194.174716677216,89.9630009469803,278.373283041377,139146.789663109,DRIVE
3.87371054815904,0.989280867657286,4.19278203213689,0.184498157089754,1.46343193223406,0.185371562196427,53.9631543205731,82.9983308816818,0.482161359711981,31.3114661761502,194.474577894592,89.9879356232612,277.335363917349,139131.296837212,DRIVE
3.88484805710262,1.00456437184799,4.20033156889399,0.119176588079087,1.45903561780129,-0.0808733563546151,78.8335226670304,74.9155405345332,0.401286189101985,31.3042660390945,194.485672009222,89.8949071112602,274.673253003944,139042.460705794,DRIVE
3.88644794446536,0.991119938905491,4.20032942365,-0.135603692503086,1.46819818864994,-0.179565484036296,75.3147029552741,61.0487267949428,0.357500101093804,31.307724546155,194.219223845698,90.0640656998215,276.459416202903,139090.711974187,DRIVE
3.88117204995905,0.996453489776545,4.19236204316418,-0.1067714023455,1.79048829744327,-0.00112163301276681,74.0458924526962,56.105392269703,0.351444769381502,31.2999142861085,194.638983749395,89.9282643469049,275.183703461338,139056.34167919,DRIVE
3.87996764734169,1.00122425372695,4.19688750365257,0.225080215378907,1.75173960902905,0.0639059965168028,52.6195953991649,61.2276136902407,0.394182183793133,31.2970511249018,195.079325048089,90.0388758078613,276.766903627817,138990.085005777,DRIVE
3.88374129434157,0.995451393029104,4.20449482817584,0.0199286693370376,1.69173783990101,0.1680283612912,54.2106015249216,52.6473648408555,0.57707821054026,31.3116664118979,194.414604764883,89.90919921967,276.109569620911,139123.020781048,DRIVE
3.88371037273641,0.994502607784526,4.2003715363495,0.194671452234617,1.57044693652857,0.0537803524517513,63.6817729611699,75.7048927853674,0.541389906366456,31.3131700031793,194.617106813253,89.9158775308487,274.203485037444,139061.592942761,DRIVE
3.87652542815993,1.00194123719785,4.20639517947755,-0.188719094577314,1.36137207639634,-0.071782185813486,77.3597056380879,69.7933961091688,0.597590319084931,31.3093861355778,193.690337622058,90.0038346655245,273.988201521775,139082.953324205,DRIVE
3.88074876682253,0.998204395472908,4.20408909544227,0.279983571415714,1.74884509789176,-0.0252780649134903,84.7784427298566,61.8011716562043,0.320650557664462,31.3087809134918,194.374286798267,90.0231032514037,279.034524157095,139136.77266085,DRIVE
3.8788844176524,0.999266750321981,4.19931365799784,0.0620405967698515,1.46088337948707,0.260551609683423,61.3428903789112,78.9155959530855,0.405931825149808,31.3048909391601,194.57863071045,90.0023096989082,276.672863626627,139082.992025463,DRIVE
3.87623539575165,1.00180057327747,4.19316004421466,0.0944620629023382,1.79654956815232,0.323516595712214,77.1867412128719,55.745964334436,0.338829582507922,31.3038546160534,194.410257628337,89.9617596260314,276.470470020249,139055.334002111,DRIVE
3.88399189001415,0.995136241935688,4.19284261625696,0.0294273347537014,1.87904194563981,-0.263604150864587,52.8983181651994,84.9796345368837,0.426448204097012,31.3023775161581,194.293231232712,89.9951811081291,277.138226217147,139051.218027777,DRIVE
3.88331910340387,0.992369236699694,4.19412673784496,-0.143066036715473,1.7533993520063,0.36857902533519,85.4097034124886,78.6831559664167,0.50024810491359,31.3062367560349,194.625522032095,89.9697006688626,275.759286067003,139092.66574203,DRIVE
3.88035105008204,1.00555564609131,4.20040635477881,0.152807996784708,1.4398152173561,-0.0846947882648006,73.4415322473454,62.3209782967017,0.571673317843842,31.3074582145375,194.357979309571,90.0273901511294,274.783690961757,139061.746477973,DRIVE
3.89422029259752,1.01158930513899,4.19490583814554,0.31467250935959,1.68090954479587,-0.0338785462228853,55.1757056148994,81.5176414289598,0.564622608204259,31.3017626683485,194.414565220399,90.0655259188418,277.750200850951,139073.528828125,DRIVE
3.88154069230295,0.998763162610253,4.19417430381649,-0.0252919494775924,1.61686605455046,0.339949121167346,60.5914644200259,66.3405414313246,0.395765107762937,31.3050373404564,194.412957109702,90.0127101820508,275.90505028981,139047.987739221,DRIVE
3.88302365191432,1.00625606893547,4.19574647258078,-0.150129242266435,1.75514106106473,0.0387663013549468,58.8728729406005,53.9504837897705,0.380194518480412,31.312546247607,194.481940048017,90.0038619437774,277.266417829994,139108.094341072,DRIVE
3.88445796706363,1.00097457873675,4.19332644291031,-0.0563062374551908,1.63315505290806,-0.0390889034149651,77.0876866364351,81.202799758312,0.429376231603619,31.3078828249326,194.511063341704,89.9839669666446,273.599575710853,139091.315026374,DRIVE
3.88789178372641,1.00433240008327,4.18789413583398,0.0475836046296856,1.2214635980643,0.0600371359355156,89.7684595189991,51.145925191854,0.435802298968733,31.308713306986,194.616528665871,90.0295496031812,276.18416907677,139081.905815705,DRIVE
3.87843665882559,1.0050883613227,4.20112657380927,-0.113305787761524,1.95362178995305,0.0996696336653648,62.4325521845819,70.8469440731321,0.413326614874432,31.3107260622015,194.365593403126,89.9779406960963,273.406777507501,139115.167040377,DRIVE
3.87644067189014,1.00143926213077,4.19176839458743,0.0408782491158195,1.82709008759212,0.0825724316927487,80.945178722228,76.1058697109474,0.37820655982951,31.3143865500957,194.577786265151,90.057865079152,275.899643549282,139112.245167247,DRIVE
3.88242074079269,0.990467097180056,4.19370725291377,-0.127967228631453,1.39969462116373,0.17109255633927,66.4436804959718,73.5025132972431,0.598594668025853,31.3087958476337,194.264217913806,90.0284773661966,277.021809444488,139064.684848235,DRIVE
3.88207892048996,1.00120650698644,4.19842231173611,-0.163065518016031,1.85946941714102,0.0050983514159687,63.0137889045354,61.3910978677935,0.403983942466906,31.3097677265265,194.446728501075,90.030148508211,274.045917365696,139102.611895301,DRIVE
3.88177563083769,0.997720725216644,4.19456132218787,-0.0196126739274432,1.67209662142278,-0.238555277729856,53.8051079703782,57.1984059514718,0.370678808861712,31.3076996406089,194.688252207098,90.0329632902183,275.780980046264,139084.520346454,DRIVE
3.88432035401184,0.993771204640545,4.20404854952523,-0.0335574777136977,1.63297591988167,-0.182487374867098,57.7868424360144,79.1044602041401,0.315983158272199,31.3167022638116,194.547776269066,90.0257265818976,274.675163758843,139107.398169656,DRIVE
3.87507618967647,1.00016420526169,4.19573262619637,-0.0181798327238455,1.75460008600144,0.142324486202129,67.605323393252,71.0974912084336,0.57185610509385,31.3091514462324,194.50189073988,89.9477631609276,277.018431651763,139070.22786045,DRIVE
3.88099322747602,1.0023033264627,4.19723504441577,0.0911766438280341,1.8280397183337,-0.223196443862996,84.6035539690413,73.1436296880118,0.383248640724665,31.2959096281853,194.473869560583,89.9739278862695,276.115695272264,139004.924638828,DRIVE
3.88247172165777,1.00184807493224,4.2018835119965,-0.185598093910535,1.68927696832553,-0.0278668688862076,50.15138560214,56.5115272069102,0.585966602977145,31.3112674016885,194.312495479375,89.9989737238144,276.47190753718,139099.15311127,DRIVE
3.880745166893,1.00168592438192,4.19781176790764,-0.103555890790736,1.72043083054976,0.125998229852717,71.5900902224342,73.96650958615,0.582265016683602,31.30960342778,194.218761732673,90.0390094993641,277.043618811974,139083.771902497,DRIVE
3.87920268180863,1.00713792929173,4.20585162823712,-0.0120387549198771,1.37738401799824,-0.102487197315283,74.9824791712209,57.4784051258119,0.34626337195725,31.3096344145508,194.571194222738,90.003433593932,274.83904281738,139087.465131375,DRIVE
3.88787768362576,0.999026653149459,4.20529073102072,-0.119631547883772,1.60299049209057,0.0762013920692182,65.0972917297061,75.0915911587451,0.573795139963452,31.310428852595,194.435882215118,90.0060342680084,275.72465950574,139090.817832607,DRIVE
3.88525933620377,0.988438326117421,4.20528881969377,0.197228300357109,1.57919645211066,0.110423044699166,76.7694522473404,55.3659803081456,0.418302464665612,31.3057805683499,194.496649033375,89.9328956777478,275.973068226172,139054.380494708,DRIVE
3.88279262632202,1.00264402543692,4.2015147932786,0.00607350135235755,1.49948953648813,-0.0933873060532857,83.3831621255363,71.7826563429774,0.405958841798628,31.3124514992,194.785385104557,90.0386778721541,274.78093387229,139092.490637846,DRIVE
3.87667829690352,1.00290274301935,4.19898887726253,-0.00136892618788782,1.29690984687697,0.202671823614087,78.8272156314773,81.3205904989616,0.413662303011997,31.315740251359,194.349268200357,90.0189864601559,275.144142515383,139118.428516671,DRIVE
3.88137618625127,0.996416916428035,4.20075298011884,-0.10133140678081,1.46123503844178,-0.116558424519516,58.7591682901182,54.5577865605676,0.587795450410547,31.3017973555284,194.2372403586,90.0879152091548,273.766893739081,139032.253729149,DRIVE
3.88379653274119,1.00383985945228,4.19512273245649,-0.143302715774079,1.85318504933267,0.0597435642119409,77.671788939759,84.1643929717554,0.451931318205986,31.2994461687721,194.335850707209,89.9820339379153,274.169485116023,139013.138986506,DRIVE
3.88561235046504,0.993379943916569,4.19872062398486,0.23065763127061,1.48857248438686,0.0930728471221325,83.1914669545762,72.1704033330444,0.339235106755338,31.3096517090897,194.360123232414,90.025208563147,276.549274700286,139095.419795759,DRIVE
3.88733943506416,1.00315313482846,4.20849565103112,-0.104040788319257,1.86324571986605,0.139797608910479,70.1211341089129,64.5209028562241,0.448071966055013,31.3094282179376,194.409391850242,90.0525911158857,277.851266306858,139092.479463101,DRIVE
3.87873656783643,0.989135040845097,4.18880303066584,-0.368112653274787,1.61086261764459,0.402235255632638,52.6749646619942,51.4260956689576,0.439068337943008,31.3111921277369,194.586443930802,90.0224307389231,279.574690035772,139071.927602703,DRIVE
3.87918338953418,0.998551210209089,4.19989676691596,-0.284091025060901,1.70169387865663,0.229243620593822,81.2513283665983,84.3772252248878,0.509572057420876,31.3108341922787,194.736328404294,90.038701302918,276.288897546864,139085.805768196,DRIVE
3.88368096251297,1.00358339166942,4.19934398509149,0.034691128618908,1.70154649531285,-0.0698946342491055,77.2089300152118,82.7981543622827,0.407773007287408,31.3044658283808,194.649676288642,89.9868497123172,278.17161187288,139076.653667678,DRIVE
3.88673655538485,1.00386465514396,4.20509798905637,0.281312615381386,1.7798892669997,0.0646815533472808,68.2022333960739,59.6227421439605,0.407120655611833,31.3065020448924,194.237839321421,89.994795763623,276.131549744292,139084.800374835,DRIVE
3.87879775084962,1.0010724231988,4.19605335299719,0.144952776116719,1.93635901434087,0.15064899203326,73.955079938779,77.516005071389,0.572521941409174,31.3093549248743,194.978405827412,90.0649769449429,276.534399006032,139097.96766583,DRIVE
3.8932502685301,1.01169281894734,4.20060444993238,-0.0283468688973198,1.57687051081741,0.00727146412141721,58.7825856390904,52.7784855530816,0.487726508766278,31.3061495306943,194.64752366309,90.0021689663091,276.982896651134,139055.415655572,DRIVE
3.89069189618807,1.00192750079679,4.19725569418236,-0.231860174835588,1.8605467122717,0.524844735390068,76.0062240216592,72.2451719880512,0.420043525784227,31.3090336431551,194.776949084253,90.0780298955013,276.576926774487,139141.111604209,DRIVE
3.87983797195469,0.990794706686779,4.19361638499714,-0.0432103604793561,1.76311582093121,-0.00889989320928947,87.6322576076046,70.9530214787972,0.560220528302039,31.3016310433793,194.592379577528,90.0349559714867,276.442617485496,139047.108198582,DRIVE
3.88622448198914,1.003582958886,4.19626527628524,-0.240060963858166,1.56299272669049,-0.0678944120164648,59.1173050377725,60.0744864001646,0.367884391119545,31.3083585123344,194.736790307181,89.976716126312,275.407160245547,139094.353367923,DRIVE
3.8724509715285,0.997111109647673,4.20742351116574,0.127122812995388,1.53274530483618,0.0589201554863868,73.6984112141335,72.8894537153627,0.476187415901406,31.306000090486,194.680199825137,89.9796271643067,276.593432682541,139063.469759382,DRIVE
3.8889884051537,1.00177535763438,4.19943887737957,0.246330901306596,1.54491584443444,0.0571367403792698,65.6699333998776,70.1799916252351,0.51790670924139,31.314758580986,194.739101808692,89.9938549492744,277.391363042105,139150.24323939,DRIVE
3.88116378440479,0.997087950829278,4.19927607407718,0.259998434283122,1.91472331947082,-0.232814818176721,78.1701995727219,69.0153032317305,0.336920336913093,31.3017988973131,194.609733320699,89.9123314738399,275.431135068057,139040.145255706,DRIVE
3.88498137003172,0.985359684877034,4.20155909488146,0.0245925612949709,1.60082084443807,-0.351761671544305,89.3030328181131,60.0852178948588,0.44605139262609,31.3079141581828,194.61808292217,90.0181604539234,274.756431570229,139060.75193116,DRIVE
3.87367681915598,1.00528120809456,4.21111859739254,0.057055548632969,1.41840896097688,-0.114390060218487,87.1103191881606,55.4485733726548,0.387208638286674,31.3089073765545,194.470907967768,89.9962029147028,274.421210041785,139011.996196637,DRIVE
3.8809657653252,0.999015561381694,4.19841604250854,0.0261666819487698,1.37379641132836,0.325294298432107,78.3429964355099,71.254218484438,0.489190357095183,31.3094599942438,194.677284191599,89.9538736943713,278.86144795741,139066.224362402,DRIVE
3.875714690237,0.991356241275375,4.19738979031417,0.526191438351827,1.34955729187084,0.057044164397158,51.3048501056919,51.7729221888079,0.461923834704775,31.3119405829668,194.348143239165,90.0753682590386,275.042978623146,139088.189333087,DRIVE
3.88549762453649,1.0028464402753,4.20564196726216,0.033275711089897,1.40793957158507,0.0993915450823307,83.9277297839961,83.9583683374453,0.541589044935377,31.3176946196704,194.513059997938,90.0008484081364,275.980140083725,139132.748425893,DRIVE
3.87982008839409,0.995580551471173,4.19933228680209,-0.115600110389006,1.69211559807836,0.0394287851524253,58.0144122283345,77.3399339906433,0.550522794003354,31.3005866688029,194.607257819418,89.9570119661953,275.488633528302,139012.700053019,DRIVE
3.88285745838388,0.995771199091868,4.20027950647417,0.107081287814654,1.55641050516831,0.323521185696774,81.0966616579161,71.0243638589938,0.367969638148108,31.3131412331033,194.306749925481,90.0319263706116,276.41191534124,139066.510223015,DRIVE
3.88498711665732,1.00701137962787,4.19333724936679,0.00658256578659653,1.7326410834622,-0.0100283009511566,77.2681117239609,64.4311867610628,0.415799293387448,31.30531958863,194.550505094693,89.9887581149605,276.054327419125,139037.163593688,DRIVE
3.87953706050861,1.00237821771764,4.20029060259669,0.279480649457342,1.52720015652842,-0.135850618144193,60.4515859885034,78.1213060814343,0.488322541819086,31.3009941103637,194.458792251181,89.9274100365718,274.187632631758,139034.630270957,DRIVE
3.8821961762634,1.00703204082692,4.1931888538325,-0.287339706004536,1.54062465652508,-0.107810907591467,52.3118630136204,64.2863141475272,0.337559144673034,31.3060552104587,194.728103571398,90.0530366940673,274.472704534372,139050.219588332,DRIVE
3.87955291243177,0.994201506568193,4.19687341214647,0.224807580468448,1.52786225499108,-0.249425632103632,65.7024057407083,77.2162744723779,0.432898393833194,31.3089425418641,194.428834910403,89.99057245429,276.538873556674,139073.487900556,DRIVE
3.89106586979294,1.00108292222919,4.20143099468839,0.0553006322043506,1.49421784509557,-0.0404018483051499,79.4531007037027,60.4437117106693,0.554627172795912,31.3037503428253,194.683276356098,90.0611578622177,273.088941776998,139093.364090732,DRIVE
3.88016199256458,1.01550618074762,4.20502872457081,0.0123000976277257,1.39171360088956,-0.114551005398563,70.249485620146,71.3346784405773,0.408179873054878,31.3059124562402,194.498437529723,90.1371614026707,278.261233023854,139074.683671476,DRIVE
3.8797481256912,0.99801601808247,4.20276767431686,-0.346291456729421,1.89224022857554,-0.0752225155307853,61.9424680535566,66.6121859478461,0.441500671128715,31.3070567434077,194.570025043386,90.0185960791709,277.745378392696,139051.595553423,DRIVE
3.87624709899232,0.995135642508148,4.19648491148792,0.162831079024735,1.62526657638878,0.14126753394111,84.9517718273432,56.1934590323588,0.434397929630413,31.3098899527859,194.427246231626,89.8782099906697,276.211472161649,139093.276705589,DRIVE
3.87382151397321,0.994957519254469,4.19635605050418,-0.278235725987934,1.35223160325704,0.126918486543642,70.213352970941,52.4898383176598,0.479315387676531,31.3119839795698,194.54028674564,89.9918366650626,277.750776140997,139075.056939896,DRIVE
3.87978223886601,1.00342251162203,4.20093695195725,0.0136990377298087,1.5965994935021,-0.284484997375021,84.4601561046903,64.6402821399399,0.448496311008756,31.3147480177145,194.372500610774,89.9942103348934,276.948851234921,139117.112759416,DRIVE
3.87823740891915,1.00885802537668,4.196868930114,-0.332498270454395,1.69275962636178,0.0445695496462867,50.5952354624492,58.7645906935297,0.465686211895022,31.3105806218551,194.104021290136,90.0233433216943,275.832410999248,139104.932519712,DRIVE
3.87830583864658,0.990133934065248,4.19510823270044,0.0964038545267917,1.29307137306573,-0.3265751231705,68.2393246331491,76.7580816986839,0.53004418942187,31.3092071833601,194.456212332257,89.9083343156526,274.952129786017,139070.736454249,DRIVE
3.88352740611543,1.00773793610105,4.20336523566337,0.00538921979539445,1.62059415024493,-0.154644622751076,81.6258987198319,50.0847036780241,0.397552588604658,31.3040204614933,194.586651364219,90.0145845966065,277.843312833939,139072.216430759,DRIVE
3.87513605471313,1.00526843375877,4.19981027383852,0.263505939756844,1.67718078679618,-0.183643085946914,55.9857925199318,83.8331418723134,0.389400176438905,31.3053470786061,194.628173941079,89.986500526012,278.566355037533,139071.684209177,DRIVE
3.88081611052846,1.00100182694161,4.18908739172166,-0.0885781149679187,1.83762510337733,-0.112668357376373,68.3793822971366,77.4342242834044,0.543877068770648,31.3172952886079,194.846431554724,89.9027615463251,275.519001146793,139137.750846302,DRIVE
3.88651632469593,0.99666145155598,4.20656652668882,0.118095286254209,1.74835930117807,-0.120179502551929,68.815400853486,66.3709534250392,0.39570157198725,31.3001716741866,194.419904392889,89.9922426195807,273.618173794436,139010.733322458,DRIVE
3.88183296979804,0.998217819687257,4.20891442568776,0.0391551865469728,1.34210447546434,0.176510278455263,74.7443208034907,63.2391193390478,0.376578984462891,31.3106110787547,194.518008416077,89.9266269461589,275.400942103397,139114.901428354,DRIVE
3.87364455219642,0.995984922972508,4.19879920382377,0.116969746434813,1.82783176864548,0.061175230334995,56.2372360032294,82.1101622380776,0.517888913062238,31.3068171158038,194.290911017879,90.0157244087886,276.262700023201,139085.000598526,DRIVE
3.88163716357816,1.00392662793751,4.19747523391688,-0.205671478193647,1.41339533197266,0.259798091609051,86.1882719452656,79.767387353167,0.389209823868209,31.3157853356048,194.205639563417,89.9699977092823,275.822846424565,139108.729601803,DRIVE
3.88645145862337,1.00323362864926,4.19435748839996,0.228888528136688,1.89388255846296,0.0431564402935843,78.4104101529679,81.075552869496,0.392345377179322,31.2988601595634,194.375832945769,90.0414764209967,277.229935313495,139045.0060406,DRIVE
3.88642483590527,1.0028758659185,4.20400992367499,0.299539109175317,1.72842941610167,-0.394080172483444,74.238867269821,59.9473475814604,0.43343554186318,31.3109351588394,194.44576377779,90.0616244121845,278.46798117132,139137.802390412,DRIVE
3.88702707840676,1.00213764006011,4.19537071817809,-0.105781898461861,1.49523977847395,-0.177099360719632,76.2889283169631,62.6759945187364,0.577825252663902,31.3040759327159,194.477964259357,89.9593888049811,275.229590611766,139088.488008656,DRIVE
3.88283420848623,0.991198746880958,4.18674266639653,0.499140422269942,1.59179838028035,-0.0066085506355499,71.258286263602,80.1155183763054,0.562783062528787,31.3027582113515,194.681027829007,90.0244274605003,275.881179490694,139034.478302025,DRIVE
3.88085114287995,0.995884093423994,4.20982165255805,0.319230226190094,1.47510887449942,-0.332227761187454,52.4961007916714,81.948278378663,0.364752462157845,31.3163903767851,194.171978681437,89.9306749967644,277.773060374189,139147.905951051,DRIVE
3.88627789350775,0.985558767990219,4.19813439874806,0.0421994162357236,1.11246651909575,-0.183519964928494,80.1783996922038,67.134902785134,0.497975889152364,31.307730296783,194.727648512142,89.9789978493266,278.214314240522,139071.028102834,DRIVE
3.88938683659673,1.0028332348978,4.2012969321875,-0.307685606678337,1.12570333496311,0.0699353881152094,53.0044291464616,58.040670321161,0.397729977236731,31.3024164316866,194.294195655021,89.9776904379326,275.474059079953,139068.644737058,DRIVE
3.87579025290352,1.00256894311822,4.20099040554187,-0.168196865455552,1.38539100521346,0.177473939597995,82.0415278208431,64.8927977786729,0.362425806972287,31.3079603733777,194.516033090382,90.0047459534228,278.067344898699,139088.128924179,DRIVE
3.8813173571423,1.00044712792984,4.19344643552107,-0.0862104953247989,1.85564717111145,-0.0760368956575582,52.5148083037334,81.7091504964873,0.407199563733417,31.3084151226664,194.139247399391,89.9749094808579,277.655635092075,139069.160861606,DRIVE
3.87999821551275,1.00529407153496,4.19256549350914,-0.0227758402373143,1.89938228462781,0.0244592265602559,59.3351012707655,60.1099237961923,0.357332818050792,31.2996487935166,194.28684526792,90.0499514077671,276.68689468923,139007.214997569,DRIVE
3.88388992115725,1.00398935966213,4.20365104803737,-0.106816176882353,1.54578322344388,-0.0546741411538067,53.3852679952372,63.9956153782557,0.367690507996342,31.3145537488383,194.735013293903,90.0530007082888,279.21375079183,139146.950984996,DRIVE
3.8804364910765,1.00847092312813,4.20748458887563,-0.511473716060157,1.50994667450276,0.389865634837312,60.7037092642058,65.1414083778322,0.533682798605115,31.3147403624715,194.187157500246,89.9922966037672,277.424922979894,139101.188812659,DRIVE
3.88057198061315,1.00280726267577,4.20721022138367,-0.0554910491266353,1.48778140842379,0.118461152372554,58.803197056635,76.6379365247492,0.392985715403279,31.3102691769657,194.257493884452,90.0095807589248,276.591885423787,139114.296898739,DRIVE
3.88371423015414,0.996975526367856,4.19154417869933,-0.0670756742076187,1.50036123044745,-0.259816637216708,81.927753423407,57.5576386440812,0.540074879581319,31.310297735627,194.434663455441,89.9550238765914,275.516931608868,139097.083451636,DRIVE
3.87780332840813,0.999208713197303,4.20659692128788,0.079993485105319,1.09564873659593,-0.146205683145662,74.4704621363175,73.2808995685588,0.522595498817375,31.3116335631589,194.573049189211,90.0027101074961,276.172413088115,139104.00288941,DRIVE
3.87867384858132,0.999902233449766,4.19207232120129,-0.137395996622826,1.77221165135506,-0.181597232528258,67.9332930398881,68.4068442766543,0.321065062296791,31.2976105023451,194.261452197015,89.9374178970091,279.162787915504,138991.70265687,DRIVE
3.88133024689046,1.00373290178279,4.19729985872121,-0.134978856643605,1.71342962497382,0.0465241910288748,89.3661874398971,80.4459183767007,0.594483578757167,31.3159108084168,194.343226982821,90.0488930720359,275.353571142716,139148.666442918,DRIVE
3.8749961682236,1.00689885400745,4.19212120374338,-0.0777279968051155,1.35575244999381,0.196560915229082,87.6325408822906,79.5247100013042,0.441906489778647,31.3025378372911,194.246743215663,90.058089670107,275.263027516616,139061.709218359,DRIVE
3.88792181223383,1.00130856590817,4.20572792908386,0.119988174175775,1.55704664964178,-0.248411791493805,57.5832353163477,65.5546189247641,0.321593094488449,31.3084374748095,194.105785999837,90.0355652303894,279.150071488267,139111.991866895,DRIVE
3.88521223752792,0.997626117336585,4.1981650965329,0.00550828694105423,1.47471069379443,-0.0730544488620517,57.1567862187277,62.0579563277877,0.47862684742362,31.3113432115174,194.415857282972,90.0651909013673,276.460680389586,139127.338534296,DRIVE
3.88206937095973,1.00702218291652,4.20510572937949,0.332676124578845,1.84950244307716,0.419349809468091,74.6016350720133,65.9323271767445,0.578666914566552,31.3178643369729,194.220411022639,90.0521273950815,276.058428834726,139179.358314305,DRIVE
3.88771410116746,1.00009000352651,4.20286324038299,-0.185802325575316,1.6775958026888,0.0999147776089378,51.7356723329442,68.4755500465517,0.316010866510986,31.3059099070857,194.743843721032,90.0871452075548,278.590241435198,139074.094049439,DRIVE
3.88314091908286,0.992823335586801,4.19926357083425,-0.0199316308457217,1.70001905384116,0.227753686529462,77.9305064453298,64.9185418013191,0.525556692521312,31.3185322650126,194.512875553489,89.9541150400207,276.088290987069,139110.528638369,DRIVE
3.87696872532093,0.996000090419919,4.19698961843548,0.360704744538217,1.37410625003414,-0.0317548161456497,61.5191287035258,80.5108587760795,0.592843868440993,31.3135171932698,194.381323481295,90.0558940493409,274.702171260464,139131.77083727,DRIVE
3.88670966445189,1.00187535877452,4.20412024493877,-0.101257631592795,1.61977142369899,0.468111794453322,64.6657399640224,72.8603086556648,0.47897724909851,31.3100796539036,194.456222230657,90.0475480497121,276.390874653037,139085.100213081,DRIVE
3.88778414164022,0.996308681712526,4.20484485143962,0.0613749371240371,1.95671632009919,0.0415750625218828,63.0014371249815,60.6280776725543,0.429290579098947,31.3157858602022,194.703362620295,90.0050788809193,275.424685084476,139153.203731755,DRIVE
3.88291098451007,1.00340421956338,4.19552935006064,-0.387983988450593,1.46997115698532,0.116708792761987,74.4159791423196,78.4411225647916,0.420949694590506,31.310255583387,194.369147691976,90.0558148459987,274.700106559124,139125.068198445,DRIVE
3.89195300932989,1.00094107866225,4.19536402278438,0.163915237262093,1.6439521326753,0.0484254761240433,69.4208327974488,74.9805413684735,0.422692658707178,31.3163763224747,194.483690050313,90.0440539181889,277.411532133049,139169.15401336,DRIVE
3.8834060361757,0.996321275600137,4.19774972300925,0.17037914401569,1.65079269333322,-0.0717795589051521,59.5110034095798,74.2103719597897,0.515432372280282,31.3083775132536,194.605253541007,89.9856195935907,272.351744450157,139101.313647695,DRIVE
3.88945660743772,1.00331878474651,4.19645299108614,0.152979238347291,1.44569476177418,0.509701199362487,79.7037806060027,54.960414397268,0.408751079058279,31.3103714911672,194.397425676328,90.0703717051815,275.934028548994,139066.858651043,DRIVE
3.88362172329495,0.995367803862321,4.19699437497741,-0.292567243840345,1.68123813784479,0.0775997770296463,50.9066499847466,65.1972578498866,0.406779026864306,31.3099853761751,194.311960816061,89.967756487356,275.786334357324,139074.333414427,DRIVE
3.87541236920739,1.00078918823586,4.20002370979864,-0.125588813368674,1.80590783984947,-0.204667164732643,61.0951277296404,81.5774452626758,0.308311435207017,31.3092757146321,194.490124471415,89.9234938580887,277.326982585417,139069.244830901,DRIVE
3.88248602104663,0.99156306471089,4.19711570300657,0.358657318494878,1.46000533199227,-0.180520609211366,57.3572207005533,83.3685188086233,0.423459532659135,31.3176145617716,194.338452552691,89.9685485416778,275.215817340292,139114.902327688,DRIVE
3.88833192067642,1.0021908923394,4.20374222967701,-0.0741516493050733,2.06382819944758,0.152752843963003,67.6013018340459,61.6754968126898,0.335750184374375,31.3116771976321,194.376652030213,90.0212702737831,275.385663924838,139111.052609527,DRIVE
3.89056830764218,0.998926460097077,4.20835374086133,0.0226154986423703,1.87811180559709,0.253985991085622,78.124461161219,50.3830327019153,0.351401489882578,31.308518290215,194.718487165779,90.0022804571728,278.155284187539,139106.251086663,DRIVE
3.87262498652281,0.989988724024506,4.19483586180684,0.0991520760670029,1.74650109922638,0.0334769171129783,73.6388141795516,51.791558978329,0.408892036131827,31.310195094459,194.253480830371,89.9890510375946,276.597390919214,139100.700274997,DRIVE
3.89310108080111,1.00696793302045,4.20283477145874,-0.132614616539391,1.98969174935147,0.445031640947961,78.1904682756138,70.8789839144911,0.355954254984814,31.3051213123629,194.427646046607,90.0534847860137,278.297467280244,139107.580467828,DRIVE
3.88465376585348,0.998024367143968,4.20274333580501,-0.0816852171873373,1.68984541702216,0.0772574300505909,59.15691609287,70.654378710151,0.34270197312493,31.3058280779265,194.568821620166,89.9871776179369,275.455507779031,139079.15441339,DRIVE
3.87380129072391,0.992754797540332,4.19960441471971,-0.385591799135905,1.32938743143918,0.236220470534688,83.8431267604684,57.1038871738173,0.559145894587521,31.3088666399691,194.220791510415,89.9213248805277,276.017242506817,139058.750143371,DRIVE
3.87690853172161,1.00600510416592,4.1995129397167,0.0303286528867142,1.27555621156674,0.00627391374227586,80.3663945523665,71.0696481196171,0.467340516944373,31.3022543453207,194.522789767727,89.9969192859654,276.515560158848,139052.822318802,DRIVE
3.8806540752863,0.992102240267685,4.19174394197385,-0.145323604213694,1.54987401231243,-0.042982602950667,68.8172737343611,58.216562491641,0.512756359439826,31.3066147360349,194.508919092052,89.9101485147469,275.673010536207,139083.610074413,DRIVE
3.8777058424411,1.00610401616421,4.19560680107391,-0.140035319666975,1.41827874235581,-0.288019996485545,74.6013323503972,77.1660126063827,0.412011831483265,31.304262162036,194.380558142313,89.9439175697947,273.865159713451,139044.958402811,DRIVE
3.88691399321797,0.988748595830091,4.1937429112078,0.072282304648386,1.49210111560012,-0.0391743099834836,58.3385918152842,71.1258778121892,0.51547061130836,31.3060019450661,194.502790582324,89.9822770473104,276.724123252289,139067.626947887,DRIVE
3.88389862559227,0.991333704972817,4.20537821208522,0.0291279494215569,1.43257490612726,0.0591751227518136,84.7963810892234,50.3910989123315,0.374319396723876,31.3033721446894,194.356923338404,89.9703382876937,278.921808701092,139040.508828981,DRIVE
3.88179676717769,1.00049944731604,4.19007079101385,0.0923457181667208,1.86025362892436,0.298798659119564,63.0173171401085,57.6902881154972,0.333262477738811,31.307360067608,194.534209722146,90.0213709531955,274.035572073278,139064.913373836,DRIVE
3.87898730283724,0.997773150687916,4.19478885755606,0.123392871898244,1.71755860588409,0.330390593756146,50.3735358887443,81.8976135568617,0.599627880919213,31.3128724113059,194.591399762573,89.9976110852019,278.024289370002,139090.000170752,DRIVE
3.8826531910509,1.00864711794439,4.20028410967733,0.23509438376712,1.21521210150758,-0.0868792537291862,57.9900103378337,71.0688728164065,0.373919043395929,31.3053980205154,194.326422766066,89.9946825674716,274.683305470188,139086.479476274,DRIVE
3.87306510869934,0.997254293713519,4.19885200261767,-0.0428337600183229,1.58552489271909,0.161827000900196,87.3843370987307,69.3165646407384,0.58923418740288,31.3089442857212,194.372580066773,89.9732456959934,273.661093191747,139080.707525667,DRIVE
3.87712420175212,0.991481520565942,4.19686883316366,-0.123522848021669,1.70667059373173,-0.248047497620718,78.1167030277787,62.0091288011993,0.497271305300121,31.3125008072684,194.670043961081,90.0271817243273,275.129322188033,139137.412538567,DRIVE
3.87922361030655,0.990686133870546,4.20064028565466,-0.00898827933330244,1.57489347219194,0.0295890190451205,72.3784791815702,65.154908210054,0.53517118371546,31.3012740583379,194.535766737159,89.9548875071289,276.452040275639,139016.383801752,DRIVE
3.8805815637968,1.00076385719832,4.20368860455283,-0.348022923042068,1.94095115187004,-0.249303226759143,66.1321359247399,67.778633123296,0.336987179989436,31.3135039479556,194.551945121089,89.9687898581859,276.330088104793,139116.904093987,DRIVE
3.88564776533316,1.00117081254625,4.19769023149316,-0.0376259143736852,1.79062544704837,-0.0411776911332426,86.9476380199329,69.463471942042,0.428454883744805,31.3083318481384,194.509907937155,89.9693575013201,277.696620053633,139061.388696733,DRIVE
3.88536295433142,0.997670391835051,4.19448316779784,-0.277133488676339,1.50942694634074,-0.0713711807907495,70.1796147337043,52.098492106465,0.397684267258681,31.3118105690367,194.307368790952,89.8907067808416,277.451540688706,139075.134862575,DRIVE
3.87892689280112,1.00206577896509,4.19192995186974,-0.305688787239906,1.51999175414811,0.205582140996911,50.4468558198549,69.2165802327051,0.575108235664619,31.3075304762608,194.531056337558,89.9299446737169,277.555712810319,139072.895115134,DRIVE
3.8787765368788,0.997277758581647,4.20887654102926,0.0157633407799334,1.46771734353599,-0.190505830112539,78.7121945930144,78.6314948421891,0.375796706240355,31.3091273119349,194.249608963648,90.0110005378434,276.835575337345,139080.965396698,DRIVE
3.88121366148387,0.997103909452043,4.19823626870075,-0.271103138337824,1.56972930109031,-0.13019769153228,89.8737747807704,57.0340250072707,0.451052660815135,31.3055729503744,194.450362842042,89.9798011638728,276.032032548402,139068.416212151,DRIVE
3.87781068168662,1.00783106097437,4.20504384821856,0.103486502083215,1.51770763594459,-0.20829279041163,55.6333983978134,76.2552772774057,0.586533661410717,31.3098611797484,194.5844141657,89.9967904738636,274.430915763939,139090.124584125,DRIVE
3.87416060026354,1.00629659298207,4.2018996861432,-0.415085841998383,1.55464367543517,0.199632124900962,76.9908823213259,58.2336412430317,0.598606467993743,31.316407063553,194.288524015781,90.0142933418399,282.000925310089,139171.419595228,DRIVE
3.87654453215203,1.00050432623506,4.20143245516578,-0.140757078123628,1.88346650846938,0.313403156564547,85.580263853681,81.5808738634056,0.343017835062643,31.3043299706858,194.811468001301,89.9353243646727,277.65811589646,139051.772098669,DRIVE
3.87438668731083,0.999127855362212,4.19787207197403,0.198752945127378,1.78975319337078,0.0382105206772598,81.7076073461009,70.0652319916799,0.54542922568446,31.3135343607505,194.377816273273,89.9840332062532,278.274409980609,139102.287889704,DRIVE
3.88315480671642,1.00371834083175,4.19580707899957,-0.127831657856724,1.94393230899283,0.0458572981252179,67.5774009764267,84.5220662570931,0.542605536507061,31.3109160656686,194.757485146025,90.0022730485414,277.133333396982,139057.305080976,DRIVE
3.89009645829501,1.00410475363667,4.19614444658859,0.0428442288369789,1.6971920511678,-0.190179595793577,76.5051014007038,61.0061006472375,0.361053832867873,31.3085521635524,194.360167784846,89.9924038699189,276.456491365005,139133.195569285,DRIVE
3.87211195933017,1.0010983642936,4.19475822695465,-0.0789840871443727,1.63419225215337,-0.0126378069140572,74.0289612104862,73.9699220514363,0.484640946914984,31.3037783391864,194.819257948519,90.0399216112005,277.812805301112,139075.275679856,DRIVE
3.88452144660602,1.00765787756894,4.19204456796541,0.144911313909942,1.51068064121643,-0.133183770847074,81.2214784419367,84.9018922361064,0.334052917748383,31.3118720888649,194.796463521445,90.042219351953,277.102601706884,139167.712291679,DRIVE
3.87817092408335,0.999873787813127,4.19355480099876,-0.00797058707509791,1.58528731111093,0.150780452425751,57.689276084237,64.1351051915777,0.471316117373846,31.3056485123748,194.273996536821,90.0268527793335,277.409225779569,139067.16878406,DRIVE
3.88718487972418,1.00515781414789,4.19313178427937,-0.0753093260784709,1.56885447305949,-0.255163336881569,53.5574086989946,76.4281490597329,0.408633626113563,31.3089774097487,194.501756233377,89.9720456308136,276.822542165416,139070.335156202,DRIVE
3.88264358826762,1.00072233098758,4.21048881323398,0.16800783443928,1.17309375690627,-0.324410726237323,61.6320232584851,71.2476564502241,0.340211598534288,31.31821120674,194.598636397529,90.053673845187,278.677831473342,139138.929129576,DRIVE
3.8784072564619,0.997419586532382,4.19980588423417,-0.103553446454104,1.87929921727682,0.0863294226037501,84.7321166916272,54.8862313537536,0.438968782465518,31.3122661736849,194.455939235924,89.9640395987557,276.314669538169,139093.06343788,DRIVE
3.88352340693815,1.00544181230375,4.20162964823587,-0.205969844333519,1.55577706105545,0.280844420903776,83.0736067216665,64.2426352527411,0.377066298089269,31.3143696971434,194.498816754078,90.0145005777978,277.85621156478,139113.980838421,DRIVE
3.88066950068374,1.00197791398921,4.206635252387,0.0087339624656029,1.31554452020842,0.188758772070101,52.3392509919567,83.2324822347051,0.386011440665418,31.3179713473175,194.562565973058,89.9881289716395,277.320728294249,139180.74717182,DRIVE
3.88295434326762,0.996962753871625,4.19496341808606,0.18469721535011,1.7059860700256,0.0536199714600462,59.1282613904226,60.1213948884245,0.441828090288744,31.309849397762,194.804107960165,89.9715674049541,279.029394497932,139113.937005246,DRIVE
3.88351478126557,0.998577800716996,4.20700063569485,-0.0159894859163419,1.78630492694456,0.403953213435527,80.2341424814305,84.6976178969155,0.342202839182841,31.3054355323071,194.638937050568,90.0092803778005,279.592951840988,139052.219081415,DRIVE
3.88040973596828,0.999174529262831,4.20265674624271,0.0704572023895795,2.1183027728407,0.00626447043186959,60.7550744611499,63.0877916675128,0.477357085181613,31.2972948866507,194.509128573074,89.9510065322764,279.038593378309,139040.935859207,DRIVE
3.88759273187726,1.00349355641362,4.19822564728697,0.190220602179038,1.32626383436331,-0.00253962420904434,74.6899467872474,72.3940003724781,0.400737899939783,31.3072543317274,194.978361596357,90.0710531777102,278.007646441243,139094.615822056,DRIVE
3.88359585910052,0.996323180520412,4.19638254266643,0.0217415414533825,1.57862035475867,0.0660340380434552,68.261444499798,79.0485317129461,0.357167479197287,31.3053430116779,194.475658656388,89.9946940612114,276.812541254147,139071.359080102,DRIVE
3.87718079301275,0.996760802303942,4.20469146531923,-0.255724524749918,1.32368222220069,-0.230342066752293,68.0146647181562,82.1185634157097,0.584557738730921,31.311920984204,194.501125582988,90.023901835715,274.482864119245,139073.629300308,DRIVE
3.88272443892761,0.996583393633046,4.20131098454914,-0.167193424136877,1.60355123916787,-0.0185075950122492,59.0906290722285,58.7345605742492,0.312906344371711,31.3180819201708,194.948884109963,89.9499381075361,277.268717227299,139140.481842367,DRIVE
3.88405344447687,0.997022045661747,4.19505349496168,0.0146553766389804,1.54527186652278,0.148758329774252,60.5502961727981,64.3553794759497,0.595359601906714,31.299641264285,194.709272246754,90.022828963321,275.426306254898,139037.574942375,DRIVE
3.87576976434623,1.00093786179633,4.19050608379266,-0.117853864058689,1.45863719260475,0.477513667990445,83.5616023037682,60.6330820348824,0.49509499486942,31.3046689816218,194.291583940434,90.0361450784219,277.771364902629,139071.957659119,DRIVE
3.87821774418676,1.00134426948727,4.19338003528502,-0.318960399303376,1.19433717268467,-0.303582384388239,61.0089525488101,72.2103215135833,0.426632026231171,31.3140392086089,194.495615842249,90.0219776782469,275.956342512663,139192.605935509,DRIVE
3.88200805695141,0.994087190303705,4.20323643678093,-0.197671296442555,1.61190095764944,0.185797670396017,88.4575313181501,79.3875361154296,0.329584433656958,31.3091294971773,194.566880363798,90.0693198023907,276.323687107236,139124.087924655,DRIVE
3.88985049167783,1.00450337781284,4.20414906728809,-0.223279598625016,1.4055070467298,0.357174678957594,52.5106880602338,72.6739298040491,0.304700494568898,31.3137683602808,194.173149497224,89.9691542888485,276.139173055889,139099.804698711,DRIVE
3.87579760274051,0.997224240750474,4.19339062082818,-0.0508839137952099,1.65254908932784,-0.184521518104435,52.007157645359,70.9504458799464,0.589770572270773,31.3018230548189,194.721859700398,89.8898311781463,278.724988669694,139038.329538653,DRIVE
3.87376294667273,1.00378100259836,4.19765979862199,0.231980045151181,1.7668203322068,-0.0734613741693307,53.1066272838033,58.78560537103,0.585516509572514,31.3114886780551,194.366028678169,90.0297468699566,275.68369681102,139094.774698856,DRIVE
3.88876607588133,0.995379286371537,4.20319523717604,0.0416855597323393,1.3872709390266,-0.420405573692999,65.229911976836,56.3638688880005,0.597229758433567,31.303685182536,194.510118316825,89.9081066602244,275.148726259786,139094.305110492,DRIVE
3.88014465910658,0.998338286068083,4.20485992103363,-0.330504692742177,1.48238558248684,-0.125397730468072,55.1432700671825,84.872728151143,0.580903969978902,31.3047117189093,194.860170466866,89.9505344776295,276.058576158468,138989.533483289,DRIVE
3.89554733806078,1.00699107978455,4.19545633845907,0.0624054492832474,1.86224395160563,0.170023783963389,72.9131260224527,73.0089820132391,0.449444341559667,31.3034457167302,194.252874360183,90.0525545331751,274.668708953961,139030.73814905,DRIVE
3.88106834821087,1.00115389026595,4.19632500129594,-0.0401356619428313,1.3031827200502,-0.310271466835164,71.5006587684678,83.352675963736,0.306359692590426,31.3085239093263,194.449451366277,89.9302164985622,274.992783117754,139063.606826183,DRIVE
3.8808518841133,0.997230848172916,4.20145419972939,-0.0207049132100518,1.74194977844046,-0.0267305305770729,86.6021796349593,56.5560899549062,0.486711176534048,31.2978903902398,194.280281436138,89.9082656103248,277.199609320777,139033.68310585,DRIVE
3.87899075752027,1.00663818593589,4.2025211385289,0.194768328971949,1.7524790313623,-0.0499824282402432,74.0662572680918,72.5878544656183,0.384173093700382,31.3110199304738,194.793845614488,89.9618015128967,276.567809880638,139104.210288042,DRIVE
3.88489580332758,0.997170911723761,4.1969405155123,0.0119102529544836,1.40936414770489,0.035288133897129,51.3521123651528,51.8871992033609,0.515881655258509,31.3054105558105,194.295007629909,89.9931975795952,276.346656168227,139063.494931313,DRIVE
3.885238553568,0.997504566080205,4.18930221472766,-0.242231219476361,1.48830050707527,-0.199831802033989,63.3450193393058,77.3680629648285,0.569226924992021,31.3069967251138,194.210545173837,90.003062094487,276.053297293625,139049.295231604,DRIVE
3.88503448457531,1.00434190744165,4.19912953382512,-0.0504742532390885,1.94411163067208,-0.144741871711625,86.898614026201,53.930774938078,0.449244439336665,31.3076030954725,194.493419495253,89.9176825855239,276.386262125786,139078.793134551,DRIVE
3.89171932116514,0.998860375824729,4.20170102727339,0.397663175521591,1.42042168708939,0.0804810797686557,57.5327903683565,71.4140428099326,0.31480270482807,31.3099471694911,194.23620429019,89.9672174456783,279.834549358026,139112.462024442,DRIVE
3.880042833794,1.0022903647584,4.20634497505421,-0.227071740672646,1.57423386257337,0.306206507760193,60.156019491488,67.0170953912873,0.392030971516181,31.3204035581416,194.504566327539,90.0688974079137,273.772225444807,139170.94166948,DRIVE
3.89111581398708,0.999321051822101,4.196229177125,-0.130658790810251,1.799759280222,0.179936118353868,76.3961820462664,69.3795002673215,0.482254810772029,31.3023122657789,194.60498013463,89.9604449629276,277.094428157579,139049.181846342,DRIVE
3.87393194715704,0.995172418293506,4.19618532045101,0.0148539996843563,2.03033457745924,0.118263864070166,72.6648670636676,58.4344915953318,0.392798174738702,31.3113203430208,194.495728967412,90.0388684708975,277.258441020125,139109.823413275,DRIVE
3.88195318048589,0.997932648748869,4.20279964857681,-0.176819751616892,1.45254150664393,0.0438518958873113,77.8465329425162,73.1150471499188,0.339811637145968,31.3054770634694,194.44329506068,90.0282071674018,273.537179922542,139075.749733851,DRIVE
3.88317042101785,1.00235097411023,4.20024059792647,-0.022660827532679,1.65699087527695,0.0263431876691908,52.766303342441,79.0557625321366,0.551221685958566,31.3136244178442,194.170636675618,90.0357583249213,274.988572327075,139140.177876682,DRIVE
3.8868564771668,0.999812602437893,4.19894274461458,0.133925070713628,1.53296424949017,0.111232639031681,62.7051859588283,70.530506315174,0.579102357140425,31.3144708288318,194.65037670717,90.0577746092467,277.38117045053,139152.023325131,DRIVE
3.86818991333807,1.00073564354604,4.19911405628093,-0.101979234840133,1.39004301635418,-0.00752402590085906,50.8766420040833,76.9764662408823,0.336808861902426,31.3011145477208,194.327510274254,90.1028291183035,276.002441775932,139051.704116798,DRIVE
3.88273438487855,1.00278427311923,4.19071430285531,0.182336503740013,1.39727460248849,0.449522882747334,79.7585957347942,83.6909252628989,0.496318773689562,31.3030182502339,194.39080474452,90.0029212976259,279.12311875184,139045.010706903,DRIVE
3.8832188153499,1.00768292994086,4.19700913229729,-0.311770016398717,1.56653600811354,0.266330193919806,50.9278990078996,82.5607078731026,0.489922709619389,31.3042610365718,194.740095719388,89.9843786284874,276.522921192654,139055.606072146,DRIVE
3.88907508605365,0.988719561349099,4.19784090705685,0.216429397042158,1.45772138912091,0.174470085571681,63.9885547576417,52.3349848877113,0.463516438815165,31.3109387535628,194.406018937844,90.0575284834518,278.014695189479,139111.724881951,DRIVE
3.87587643421734,0.999539475378187,4.19696923313111,0.00595172930394039,1.67064259322506,-0.0520964935776825,85.7006942744265,81.9947571702607,0.558170801634386,31.3116655041912,194.780766118546,90.0079526927512,277.960783933468,139134.836779136,DRIVE
3.88171180423772,0.998780904683188,4.20099243072772,0.178709080717668,1.49628911950557,-0.00569513140489288,62.4390251052502,70.5199881502674,0.558271105783337,31.3053575348576,194.356646645059,89.9369274518453,278.476011400512,139113.598770566,DRIVE
3.88443976755654,1.00376608162965,4.1920395038966,0.0589817084711301,1.5647075819203,-0.0811263565030717,76.3588397946968,50.6696711326423,0.38183648994553,31.3099029912959,194.496876541131,90.0518798004771,276.305608434015,139106.600292573,DRIVE
3.87333942498106,0.993783266025199,4.20246309483311,0.0933505957565715,1.68109729185692,-0.126818609438264,56.307685429705,83.1784375556849,0.423785788669979,31.3016462386693,194.37498207333,89.9620367438959,279.252548684315,139076.308807919,DRIVE
3.88157043264554,0.990001075473985,4.20427308969001,-0.139910361978965,1.39013760637243,0.0696740290023384,74.294544626681,72.3779093677953,0.376450485028782,31.3104667762648,194.630132658244,89.9561650165059,274.403506391977,139065.776974702,DRIVE
3.88402781678849,1.0042014472069,4.19491111230033,-0.0919721086666826,1.69824173543538,0.18793576173032,59.9258377023298,58.2658219039669,0.515262619022104,31.3066495328133,194.144240034233,90.0096985132285,277.128925690706,139095.282700415,DRIVE
3.88759584608306,1.00478810850782,4.20041348372903,-0.266382326848695,1.74025548643356,0.465149053278858,71.5424742608131,51.4094100444837,0.315221956953682,31.3076014138777,194.649806386324,89.9945355099783,278.667431730408,139087.576855129,DRIVE
3.88626519252678,1.00145578313455,4.19928438624492,-0.00421046800437541,1.67805216222511,-0.203360677868995,75.4294349912659,71.8564307604316,0.345782187361695,31.3056554408491,194.587000402829,89.931392838488,277.225367722016,139081.46975952,DRIVE
3.87263685330293,1.01210084494642,4.19112554049758,-0.110582467244259,1.62622780505238,-0.285497260593333,64.2177673546711,65.6365348567338,0.332450930329605,31.3123817291264,194.373032364646,90.0545315053696,277.805467796249,139093.022983136,DRIVE
3.88434876869301,0.99395338346472,4.19857350510426,-0.219309461628028,1.69469092661028,0.0201368240514595,64.1513546123506,61.3059307681604,0.506223586037041,31.3056650893767,194.169645357649,90.035179272033,277.905685605571,139054.276040287,DRIVE
3.88328387220415,1.00584860835932,4.19212694629079,0.237823506275891,1.44040007175161,-0.195601797882364,78.4360346233276,76.3557245742249,0.59745600019931,31.3084650815221,194.489837519256,89.9627885985785,276.677241985244,139074.351115766,DRIVE
3.879485495332,1.00817534585939,4.19689629370376,0.283089293596294,1.46017585533472,0.437490240960898,85.9900279782211,57.334746054633,0.32101891102593,31.3155478659166,194.257180079485,90.1009365839315,275.619577842652,139137.691259168,DRIVE
3.89828644887801,1.00054504079168,4.19837821762315,-0.0608395273978509,1.50455672255197,0.219279912040497,78.4055453495742,60.9296636793949,0.490768239314226,31.3137865435142,194.188367641036,90.0210547696699,275.396584268835,139114.375416813,DRIVE
3.87952969906423,1.00258503905482,4.19479550699924,0.378835683324066,1.579285557874,-0.309667650424655,85.238751842345,81.4315891895069,0.314930131099534,31.311424963377,194.422585887448,89.9517695819038,276.919611067563,139121.49596946,DRIVE
3.88718556932079,0.997313949390337,4.21183482921057,-0.218340392997567,1.86403995157825,-0.0390605606118457,70.8694430237633,65.8475892358782,0.502847555264252,31.31242278649,194.348265246939,90.0754454140046,276.570932892788,139131.451593168,DRIVE
3.87525730940974,1.00428775509344,4.20843959355358,-0.230806181300776,1.46207248242634,0.046432710319465,63.9794390603278,54.9897767642367,0.463042006753651,31.3047967891001,194.43460524458,90.1496611719388,276.045833921024,139078.967912889,DRIVE
3.87937521841271,1.00029209854542,4.19273585793016,0.125427562126786,1.47319160058077,0.487817457424036,51.8325957255309,56.2541069730722,0.308091563192374,31.3035371873781,194.26808919123,90.0212510117521,274.045093298894,139055.087517447,DRIVE
3.88943292665299,0.998470217745706,4.20495974752951,-0.147804407058693,1.63059711669032,0.0165500814435936,58.3470469993569,74.9459436909449,0.359654675461065,31.3092040850807,194.408954044358,90.0105635531994,277.500771593851,139111.86014618,DRIVE
3.88831960655457,0.997642140519626,4.1917590950738,-0.217988999004032,1.3573451262689,-0.065550429125536,82.1543052705255,58.1154680532986,0.401485643570996,31.3107380511885,194.611296550088,90.0061250136673,274.713526737034,139103.407912958,DRIVE
3.87506213257853,0.998833729759188,4.19915747676329,-0.0930519021596258,1.28189494030534,-0.111968205932125,81.0023894806522,62.1842851605349,0.595107920797284,31.3002545319425,194.517073553469,89.9117370167704,274.483302981425,139066.853466322,DRIVE
3.88248821690542,0.997117133969336,4.20393084627567,0.15919946726931,1.43452174589546,-0.105893781753042,67.2022568647071,62.955944744133,0.389929534672561,31.3088497543689,194.277749736333,90.0469630368793,277.287336640042,139077.106961659,DRIVE
3.88938325019022,0.999851673858927,4.19565628877294,0.205604037564334,1.56630449968633,-0.0734960855517157,72.0472433204375,77.1884757597203,0.5464747199602,31.3122114659565,194.514815507231,89.962031236497,275.499263690881,139104.583333459,DRIVE
3.88925389999404,0.99490307551873,4.19391360404865,-0.235238587650924,1.73246077204722,0.240215647379551,53.5457873833137,77.1635800836067,0.528866090483597,31.3040414656943,194.606261666627,89.9520449099275,275.884193524022,139025.396820034,DRIVE
3.87618534525378,0.998482310402333,4.19497792491616,0.213667804278626,1.34367508787624,0.11610331723233,54.5375732436212,74.0717629640073,0.58676114705621,31.2982180710306,194.41581959785,90.0437649272924,275.468558413508,139057.335490272,DRIVE
3.87678249265511,0.997645475163676,4.19958302986884,0.0651984354302699,1.93027958545791,-0.026165606029865,55.6026036694645,56.5669209848549,0.445295359995501,31.3071859513936,194.184933826346,89.9998153633191,275.576794116819,139073.420233584,DRIVE
3.88287759849458,0.997455826386306,4.19823340703446,-0.0282400662475303,1.64162023306666,0.0249136076489951,87.2136793993047,75.8204540236736,0.350492299175143,31.3156075942506,194.56711684041,90.0224532631445,275.415262793881,139143.453584284,DRIVE
3.88164401567902,1.00077658872735,4.1907587358833,0.0109984492755971,1.59717408297911,-0.21350969183003,60.4613686474687,65.655423309212,0.431355515332838,31.3078283484042,194.577525120165,89.9428414383935,279.659707660685,139062.41271089,DRIVE
3.87781522024873,1.00252324944634,4.20412734214204,0.0347541119067369,1.57771986288917,-0.0936270746997435,75.9121665607404,65.724405257999,0.510870267257643,31.3084912028376,194.39504434726,89.967452491233,276.069913428134,139081.841979172,DRIVE
