ax,ay,az,gx,gy,gz,speed,impact,duration,acc_mag,gyro_mag,peak_acc,peak_gyro,power,efficiency,energy,stroke
-0.0451001754978417,0.677717303397048,-1.38214675595277,285.923934284498,-48.5316854927531,55.3130619792095,51.3350447563261,39.7444931823147,0.596847543783372,1.54002091678798,295.241181949621,1.58495497597192,295.554861254223,2040.28533633162,66.5905841545289,1.41552208622904,SMASH
0.00219232956175921,0.399901331820166,-2.06015902914912,193.610705257407,110.789513455432,6.61221673184233,48.3822545131858,45.1881234608567,0.672887035195769,2.09861409193903,223.166177751179,2.18017574718618,232.803968981035,2186.30329025643,67.1554866445347,2.96351636747712,SMASH
-0.0900522080535239,0.411412777712427,-1.79810346410713,248.857333862317,126.489554044113,83.665756569497,50.8876740483506,39.9548381117773,0.501528316006059,1.84676634728772,291.42672959371,2.17455955665719,294.248074351115,2033.20877848674,79.6660072235831,1.71048536268896,SMASH
-0.0363853165396779,0.306163707292924,-1.50724328222312,224.616676727576,-21.6459695704807,-50.5494137442018,46.4999436202482,40.6635622644196,0.572327348149157,1.53845455530209,231.249740956977,1.91123311642548,237.175983579881,1890.85335269396,71.0493589840882,1.35460864499854,SMASH
-0.258975295669242,0.414074761058283,-1.25888114471631,221.716188117736,28.6049350415338,28.8034930134226,47.1513480092966,45.4212579557846,0.52597414610423,1.3502991698267,225.401755964686,1.4575542274721,232.312174628887,2141.67354089323,86.3562818361453,0.959012788455183,SMASH
-0.0675151982902535,0.45703218457975,-1.77018651488668,259.805224839404,-75.757315312951,-56.9172480815069,53.5347344695389,45.0178374444665,0.633824256659324,1.82947998546815,276.545654108776,2.1185484801197,285.513764998768,2410.01797398238,71.025628864555,2.12140789648587,SMASH
-0.298970174301876,0.325600356611522,-1.76212642766326,238.302793954744,-34.1209418818367,-103.252443534475,49.3980901943421,48.4685452811227,0.634529073401998,1.81672460885434,261.941839684653,2.03152344244847,264.127374349188,2394.25357138545,76.3849458249649,2.09425578557581,SMASH
-0.0662662549815572,0.403647381696047,-1.15771453719772,218.009687766235,149.160142992319,-87.947676107525,49.5079673716594,45.0701083955443,0.748265811319349,1.22785397134117,278.409349609768,1.2527771843731,283.618909262832,2231.32945588376,60.2326706379992,1.12810452434383,SMASH
0.06009482796599,0.632559762253932,-1.53030831178612,183.164903262107,-34.3698055284911,-91.0408225586749,44.7402573929086,42.455029831353,0.555144202606924,1.65698122207003,207.410454633423,1.73803031857546,212.729943354804,1899.44896227835,76.4755412313519,1.52419657828226,SMASH
-0.00701839263716738,0.125836345842172,-1.95057914862734,186.198928351373,-44.3021913155453,-9.50751150508814,50.4836882644619,47.2719552414632,0.523675549791158,1.95464653040643,191.632768204131,2.14939226039801,198.263176904751,2386.46265206162,90.2693757440833,2.00077735438851,SMASH
0.14153016480814,0.630832889527701,-1.58494515697144,242.376015040355,52.4149082486332,-49.4670643180326,50.4597227339091,44.015599493185,0.373929079891138,1.711733645363,252.86448094938,2.18075791716692,260.558356775255,2221.0149463929,117.710774982315,1.09562419698416,SMASH
-0.000199656639426476,0.609452017949526,-1.81411781581094,213.070996632433,-62.1134101916712,-7.97964369902411,47.7373156433248,43.6063708544696,0.582090612132958,1.91375422969831,222.083317800191,2.27003802715992,225.802058951084,2081.65108953969,74.9132438014058,2.13188081936473,SMASH
0.119724268986568,0.31761978982757,-1.467721576684,183.32935804936,147.819421157421,-85.9311437783864,47.3688992797042,44.8756810638346,0.519003953413506,1.50646037390243,250.687846265365,1.66800701348011,259.420970374193,2125.71161642091,86.4648415563018,1.17783943534073,SMASH
0.0685407999550044,0.476905107893194,-1.30933157806318,252.721031504376,-54.8745721241564,-51.3232647415006,49.426870077866,47.746580937802,0.5746439038327,1.39516504561522,263.653590785658,1.79786421874489,265.34163195593,2359.96405267506,83.0888442920966,1.11853602906338,SMASH
-0.0560777905187833,0.33634108069275,-1.40197703443688,282.339562720372,-66.0992841878677,-40.7028945904769,48.5848812914985,41.2283237646932,0.588346840132,1.44284775573844,292.816443655958,1.77304065938262,294.997446689329,2003.07321595508,70.0747431238013,1.2248261271213,SMASH
-0.0564700823949622,0.772127573723899,-2.01666443896005,269.879862239637,-10.9423877422887,-20.5563365881667,49.1790123776428,48.6638319072063,0.549833944888964,2.16016326227359,270.882703150116,2.54252087433152,273.910508449175,2393.23919170803,88.5062551217686,2.56569306197408,SMASH
0.0828428461894104,0.463881889545297,-1.50468984516976,198.786508385505,20.8146091330828,49.2336675800431,52.7562072079823,40.1849022811796,0.517593022784851,1.57675009902326,205.847705580717,1.57964072889305,211.488674765309,2120.00303137843,77.6378793266771,1.28680917044111,SMASH
-0.144706051016295,0.578925589227381,-1.96608588265627,193.167332291174,3.01529346409567,-59.8087343291212,48.5879399379253,48.95430265038,0.546556336938104,2.05465042696885,202.23697723516,2.32397986212518,209.086142590921,2378.58871687968,89.5684667314675,2.30733587941725,SMASH
-0.0539766511713308,0.469910198684323,-1.37769062709811,261.844880660038,17.7434773224888,-93.7495346839228,43.2976144149338,46.5269797010118,0.417336272574709,1.45662642351881,278.687186230036,1.85137061287004,282.920917627701,2014.50722698586,111.485320766989,0.885487634096989,SMASH
0.059934116417109,0.52026082703987,-1.64531763327343,220.098028727757,121.920853025269,37.2912602634023,48.1343881455154,46.2829658081846,0.542143229690975,1.72665385669027,254.358948622388,2.12454308882143,260.175414609815,2227.80224073678,85.3702082830728,1.61630979460803,SMASH
-0.118717553827489,0.230852808084538,-1.62699367901773,293.62016435838,50.1798985649982,19.3654751354482,46.8560892102517,40.5670103559436,0.634358550625179,1.64757255019345,298.506021321274,1.90522466800515,301.243923685602,1900.8114562313,63.949554028096,1.72196330935748,SMASH
-0.137681193033074,0.579440489391418,-1.18107243701682,221.701128675514,200.491507124325,22.2034579533392,47.4266169079485,43.7184432500052,0.519348961488517,1.32273938972953,299.735263908113,1.32933324420066,306.265729117616,2073.41785982988,84.1791595106758,0.908673453742612,SMASH
-0.108546725072993,0.512813833429358,-1.83007463084389,281.075866154305,-96.3078419164996,44.6742356108114,52.0319963668849,40.9621825055637,0.763365207446067,1.90366319860919,300.457368484144,1.96196237248073,309.380249610419,2131.34413130916,53.6599368769644,2.76638480428803,SMASH
0.0896475224323313,0.41626440617347,-1.76426300405334,235.177992085992,-15.5369936424097,-120.777999352153,49.9846731234188,40.9236422125617,0.570145598529485,1.8149205717046,264.834686664251,2.17830443520401,265.386542362709,2045.55487901464,71.777403071616,1.87802350084708,SMASH
0.0915153647647909,0.705637702541946,-1.46436739576626,181.676569237334,13.4745297141511,-69.6173749552388,50.1806698535466,39.1751679588325,0.607836733556453,1.62808829583041,195.024402720592,2.10152566695631,196.185767168343,1965.83616979941,64.4500428257702,1.61117550569548,SMASH
-0.210082873375662,0.53221409369714,-1.36651334333029,292.962537964305,90.7228763682575,-27.1077768819932,53.7212736096531,44.4007920758558,0.591769297534238,1.48146730396434,307.883940007434,1.55332332509914,316.548600354715,2385.26709959237,75.0304506002803,1.29878292747829,SMASH
-0.0669381999639492,0.56688235079972,-1.55777605497642,221.900376680458,157.72317904073,12.6604760177821,50.5497982172422,42.0919832012441,0.445681614680551,1.65906677373773,272.537458032176,1.81555515575335,281.32727613444,2127.74125738644,94.4438526762236,1.2267397852286,SMASH
-0.211757150068632,0.53039146796342,-1.94453667590214,259.30321597359,8.00377784116565,-33.7924402076754,53.1034947884259,42.138206021077,0.613299007777515,2.02666698888153,261.618323687708,2.35371181871815,269.603854528636,2237.68600383388,68.7073299962574,2.51905151667423,SMASH
-0.0662172467556074,0.35146412212981,-1.96446644221762,300.157652595111,129.299920136807,53.3385373298867,48.1945366595042,41.4191790096225,0.720623164486668,1.99675741028086,331.146622092516,2.07397495601553,333.077738680592,1996.17814118582,57.4768111462474,2.87315349380013,SMASH
-0.0152577341555225,0.453685984063061,-1.42998757413984,183.204281996503,-90.5014915302339,-40.5909915682398,49.6744324194216,46.4674058000107,0.628264465369473,1.50030937902194,208.331364675471,1.75883450444893,212.653411601075,2308.24200911847,73.9614197522125,1.41417822275332,SMASH
-0.118269578576086,0.366361488459166,-1.59919457207231,226.468704822121,57.2354067704312,50.2274491762818,45.4587714018422,37.0980660570849,0.48446905549726,1.64488045547028,238.928363119035,2.09005837010267,240.505917046909,1686.43250433946,76.5745284690658,1.31079484041789,SMASH
0.00260731740750358,0.308006567076906,-1.80988913081023,255.964836586139,144.553580057639,-99.2079575256505,47.1682224732706,40.688027130869,0.44075050302962,1.83591217363238,310.251436600155,1.98776864197678,316.921915606208,1919.1819157073,92.3151182722901,1.48558196971858,SMASH
-0.0332972960363492,0.594345583464011,-1.93693983308573,232.721375801326,-102.583153353401,-101.50953089,51.903225032493,44.9045301452607,0.689919537896241,2.02634925407756,273.837044550765,2.48082577835045,276.927278145017,2330.68993310783,65.0865247209294,2.83287261191129,SMASH
-0.0325838198084368,0.238206799014104,-1.7670560618921,153.286292217066,29.3554771931196,-22.6243992103303,45.0205788891718,48.5254878110006,0.647723886606301,1.78333712748865,157.703185961856,2.03080407376838,161.568083408181,2184.6455521307,74.9168185666691,2.05995064803446,SMASH
-0.201032988067563,0.428944394460316,-1.57633162789225,224.259306636589,70.440319861285,47.2530514641898,44.1970470899796,46.3574268044198,0.60853637902799,1.64597355899897,239.764313749901,2.12590505372791,247.781972944825,2048.86137544522,76.1784376803048,1.64866437940415,SMASH
-0.0831695493880353,0.548857639992622,-1.32036415126646,298.367138343635,103.421062062821,-47.1035503616574,47.2873769530907,46.6855544570961,0.63893461372638,1.43231399311508,319.27669783159,1.88412122385915,327.13310374935,2207.63741187675,73.0676979873107,1.3107892950753,SMASH
0.000308994094916661,0.509346513498138,-1.54802522130511,254.817763467894,84.3600756291473,-4.48732862406887,50.7157913630333,42.5720866324711,0.541310874806955,1.62966746672037,268.456423013337,1.7972441788472,274.208409803193,2159.07706354139,78.6461347216027,1.43762211048145,SMASH
-0.260609904922179,0.410996359082147,-1.64723679888475,202.6749257194,-77.662470652262,-0.148853497334008,52.2761731405,47.9049166517345,0.489428574689472,1.7176217864601,217.045172764891,1.84171384318282,218.398415403711,2504.28571716729,97.8790803194282,1.44392422163904,SMASH
-0.0368530165376724,0.215422937977033,-1.52031058138173,211.554134839181,96.5329065967129,-114.975582446056,44.4246551481863,45.3990169175231,0.428036735267703,1.53593927317972,259.409210673742,1.63027169473935,264.429624361985,2016.83567062764,106.063118218139,1.00978550750064,SMASH
-0.0885953967259069,0.462502459052179,-1.37752508544868,193.119073562408,36.8981415079119,49.6209182783856,47.6931505680005,45.1533098723025,0.699501632284301,1.45579292139738,202.777427124251,1.54459643867871,207.371873084559,2153.50360638331,64.5505932191414,1.48247691383254,SMASH
-0.0152595726319931,0.496203309609857,-1.38565786007555,183.069464546938,45.3403712551385,18.4607346605585,46.3234539174529,41.0455629500218,0.52059900685617,1.47190294660139,189.501917771995,1.54337671513048,197.621035680203,1901.37224383125,78.8428014011951,1.12787685511732,SMASH
-0.176150221049023,0.42887331392419,-2.00962718662715,298.514448512381,31.4953729983626,37.1971915650278,51.8308843673607,43.1007334023419,0.71556449689641,2.06241670110647,302.467296664089,2.51185550122213,305.977760119236,2233.94912912522,60.2331073665245,3.04369841695111,SMASH
0.137887555328201,0.477539633590819,-1.22246295884106,223.563398136724,-101.570590093381,20.9434530012091,48.4297964514392,42.9136446895593,0.493427066442196,1.31964872799653,246.446355180942,1.51297505368124,252.693579043027,2078.29907730474,86.9704169829313,0.859289797872373,SMASH
0.1571908470205,0.546768352756411,-2.10041134086288,203.494580063794,-69.2981910063364,-4.7783407243159,44.2675767351651,39.3935142490213,0.37963560443635,2.17609567684612,215.023524136705,2.66753272910794,217.174138026912,1743.85541488637,103.766374971953,1.79772355403878,SMASH
-0.149492318335924,0.498087646178378,-1.31525458280029,268.475243430489,-72.0369094553585,-105.025526761131,47.3634031902761,44.4848324200906,0.491138421642768,1.41433159976511,297.150860558055,1.76122066559726,302.9151945862,2106.95305376461,90.5747542547028,0.982440821681157,SMASH
-0.0418736090782665,0.363264003486262,-1.85526350493935,221.494891972361,17.5460033312343,-2.37627002438629,53.8517215453127,42.3955031765249,0.642624475038896,1.8909565854683,222.201476282172,2.08291449462483,231.20401385017,2283.07083183564,65.9723350898264,2.2978431367097,SMASH
-0.251660689558286,0.360525235948733,-1.60494954705441,271.128860644046,119.912408480938,-9.8348530976424,51.1637215036642,39.3947084545514,0.50203893516632,1.66408371093975,296.625300871807,1.95277766130188,304.792307877131,2015.57989208671,78.4692724524004,1.39023346597504,SMASH
-0.197630748550885,0.417530404654639,-1.8322540945668,229.826090770708,-67.4552405737263,-124.156196958217,46.0019318325513,40.6354290104945,0.66410482010789,1.88958847864837,269.786958029725,2.09164140579133,273.621227415546,1869.30823532725,61.1881838407814,2.37121589164955,SMASH
-0.0646127489177188,0.459984741551737,-1.15228323462771,281.945343552538,23.5050626965127,-23.691215663588,45.1772485755404,44.08345580601,0.651006095763931,1.24238376622814,283.91361084482,1.44857823324766,292.789453411922,1991.56924101696,67.715783887547,1.00483925102212,SMASH
-0.0445636676710945,0.552282047595643,-1.42933701290865,272.880408098665,-79.8490546592878,5.89952356563039,51.8418899480822,36.7494493585912,0.647822398320285,1.53297282332185,284.384234852035,1.60532603922959,290.562536501272,1905.16090930071,56.7275733693432,1.52238631376852,SMASH
-0.041768548247067,0.537751523110118,-1.81361747310302,182.661661043236,176.816627971661,48.1053917189009,48.1296932426667,45.8155408473148,0.682856344754782,1.89212305386687,258.734479833616,2.02104530746451,260.273199236665,2205.08792672813,67.0938684327507,2.44471424721266,SMASH
-0.247486440981753,0.46015695149442,-1.94725528348672,189.149158899341,-105.02008595451,-47.8231162599016,49.5620064257752,38.8196900813363,0.637735615167778,2.01613419631368,221.570921411247,2.48400995306933,221.632944722547,1923.98172925779,60.8710385417082,2.59226587753532,SMASH
-0.0750119668869583,0.292651250573181,-1.52176479465097,203.802674464318,-106.297618110397,-34.1145159129084,48.061064779676,44.0583753216388,0.644734441137055,1.55146370884962,232.375803238471,1.56949456856939,236.057225754906,2117.49243042056,68.3355877628465,1.5519013570111,SMASH
-0.114994557125043,0.412836300518376,-1.37424761308682,234.655639122852,-5.01750324300034,-19.008125932948,49.2264701057139,47.3293310669907,0.533921674681054,1.43951869083694,235.477712666041,1.78549011902213,244.230206938294,2329.85590089265,88.6445421994177,1.10640000189032,SMASH
0.0333285360638282,0.565421309700712,-1.17874964551611,275.259415005594,-33.2481561105066,42.6420988126398,48.0610289307052,44.1180889851971,0.693162050019475,1.30777015395832,280.520113405648,1.57387265028579,283.771992146094,2120.36075108499,63.6474909964655,1.18548925159593,SMASH
-0.0203568009738467,0.316195765875585,-1.31206204030793,276.454082960463,117.621144572271,-32.5064686778107,46.5267196514948,46.7424139600575,0.483710421240861,1.34977811484723,302.189119827143,1.71660679789287,305.352560156477,2174.77119015372,96.6328515463819,0.881272480492075,SMASH
-0.132584537930066,0.342620292381246,-1.79686589006953,298.30133687343,20.3520152794224,-69.5445071991762,48.2778645645763,46.0302459261872,0.592023314581341,1.83403771808132,306.976107519764,2.22113389015671,314.244148590273,2222.24197869861,77.7506004271771,1.99138547912175,SMASH
-0.0595747931037207,0.370864946862247,-1.50367664441721,268.126482803033,37.3525115730548,-75.0952108482784,50.0915691214839,45.3278410533914,0.674513088506518,1.54988174250498,280.938270076342,2.04234086984273,286.126404049484,2270.54268325359,67.2007328323631,1.62027042926243,SMASH
-0.0568491963312286,0.825198317303457,-1.44633466759492,206.923073585563,0.27358332146434,35.9159055508118,47.3723031353184,43.2208262084484,0.477987222283747,1.66615367379209,210.017107639985,1.89122271016104,210.194966125235,2047.47008090553,90.422366479966,1.32692506311221,SMASH
0.0472034553152382,0.274705440643062,-1.88317355524802,184.886568346927,61.6309097722542,-49.8763007217997,48.9440248548102,40.880140701749,0.510685666876423,1.9036895451985,201.169226195633,2.05143142031906,203.660228932571,2000.83862257454,80.0493597214693,1.85074216108765,SMASH
-0.0295869075782441,0.433892714930011,-1.71297700237883,225.785502449181,121.307350125418,-133.293122761761,45.8033885589736,45.3855867122706,0.526255862150804,1.76732240517913,288.897253164964,2.24790765498436,297.328054131675,2078.81366315912,86.242270602953,1.64372254963389,SMASH
-0.00197611602228126,0.492544820379551,-1.58341844728332,241.268877192217,103.805774982489,-105.364012786014,50.8458753816897,46.0566983786234,0.6640159944045,1.65825760493187,282.998030402474,1.69105316936619,291.471495097488,2341.79314625156,69.3607223410415,1.82592332249068,SMASH
-0.194998069424386,0.473226116845764,-1.39746224468609,256.977584989051,-16.4493538914721,-120.482310462554,50.5874184789034,47.6440993147454,0.769518527122195,1.48824323619066,284.295704442834,1.58781747548066,292.998255437088,2410.19199008546,61.9140874734161,1.70438190731553,SMASH
-0.0376934854918001,0.385256597235062,-1.76698295427131,269.521194470723,97.7840856640637,-130.964603952176,53.7254285415168,45.3708309242973,0.465088844568919,1.80888700731887,315.206486555135,2.02458532133992,321.181426478472,2437.56733469258,97.5528308220758,1.52180428128441,SMASH
0.0012841303772269,0.41243317751034,-1.27819583380772,246.764195800598,-79.4815455102342,-60.407458856514,46.3451075907832,39.3320200662518,0.606830353837863,1.34308874035394,266.193436228831,1.71660291269047,266.808992921281,1822.84670173328,64.8154051657008,1.09465360766226,SMASH
-0.0487130653738589,0.409361366053398,-1.42507592702554,291.032950540119,156.411825362506,-24.4303832863805,52.7424717877265,43.8676393785567,0.534678407011871,1.48350634934365,331.303004877465,1.882981108222,333.894319650503,2313.68773231769,82.0447520575311,1.17671547338805,SMASH
-0.180380471507274,0.399242256070224,-1.37741765595902,222.523291134355,47.669057364807,-93.6980553867164,53.8822601486168,44.3987152012204,0.364622474246662,1.44541028517195,246.106236634845,1.86896703127042,255.144910103223,2392.30312273651,121.765926598531,0.761773244839447,SMASH
-0.179730888520095,0.387721993612702,-1.49456842176515,201.427578851649,6.35223087776786,-22.4766495104041,49.3392203127034,46.1374348541715,0.599961259062415,1.55446656572497,202.777267296843,1.65424013212282,211.779705167384,2276.38506293297,76.9005619224654,1.44972617007791,SMASH
-0.221311761572898,0.683400481971703,-1.12426111335983,261.796877758875,4.09803502284538,-14.0631727906709,51.1891179637796,39.1483073386304,0.439240379144658,1.33415822359372,262.206353706931,1.42980470819289,272.158488382944,2003.96732243945,89.1270932052544,0.781838284319777,SMASH
-0.222873601863572,0.435146200807846,-1.52750128032692,248.481226426311,77.5842964148365,-120.215063793213,44.1836181531224,39.4856298369595,0.570111052999977,1.60383447396716,286.729671466549,2.00315467621096,293.092772418034,1744.61799125175,69.2594194933834,1.466488121303,SMASH
-0.083403892316053,0.25773877710718,-1.80502757568987,175.678361291806,19.8607983221968,-11.5033392682404,50.3061259787293,49.3977505865128,0.529169487658792,1.8252424593678,177.171286472977,1.96295535612024,184.957640374122,2485.00946407096,93.3494057937039,1.76293345860456,SMASH
-0.0085125703230655,0.491443071358984,-1.50823633358121,318.9296128505,44.5577998706508,-131.072910829445,51.10956154382,47.6490050763196,0.600339880479407,1.58630564336598,347.680317872016,2.06730828843402,351.264363395007,2435.31975744995,79.3699157023408,1.51067462004936,SMASH
0.0874560342656033,0.293906162204913,-1.28003966587572,222.249805561777,99.1688818690865,57.7763076815886,50.0890451095598,46.9300230072326,0.600115463869355,1.31625640979511,250.135053386625,1.71404195124733,250.216478315762,2350.68003940196,78.2015255916213,1.03971860652171,SMASH
-0.181199158612782,0.362491019849392,-1.47611921551326,194.482679636065,-123.465799764977,-74.6293923753738,49.9118249388138,38.5950068980214,0.617950299309304,1.53073864946336,242.150495759037,1.95378085576098,250.137915655392,1926.34722780636,62.4563892675035,1.44795692569902,SMASH
0.114755455840538,0.43388120414051,-1.86489126130386,309.061000569197,-20.2124486300874,-28.2762849213004,44.7556609047112,38.152742894654,0.690088111079474,1.91813480507473,311.009314075009,1.9312549200432,317.267943146788,1707.55122357776,55.2866902000141,2.53900056191061,SMASH
0.0083878524366228,0.363556092007055,-1.18899615713106,245.014533520994,16.9070877490993,-21.1421489271386,46.515824929303,41.0668079012956,0.707511590130007,1.24336448790223,246.505500372554,1.36293510916563,251.248225582121,1910.25644674198,58.043925258983,1.09378125703912,SMASH
-0.264778656283385,0.325559460805539,-2.1331361986031,280.333159319136,113.738519444338,31.4984152049405,45.71004618242,43.4390905060234,0.56243401211525,2.17402086952589,304.163247582052,2.34766810914302,309.331643844003,1985.60283315265,77.2339729396543,2.65826940894413,SMASH
-0.107333460214534,0.301996192467922,-1.46421486787391,197.302559037834,-39.8774291871861,-66.9941157938375,51.0019086180963,46.4791707263908,0.521790357848173,1.49888203380044,212.147874635725,1.92085641186749,213.970133216251,2370.52641803228,89.0761604754578,1.17227892536726,SMASH
-0.137113175183377,0.457479103754095,-1.61256685339619,244.455196963146,16.8413142690275,-81.3286590773297,47.2369636958801,42.618336534794,0.642064858669681,1.68180230997957,258.178860435775,1.81411408996995,266.063296802745,2013.16081567287,66.3768925871506,1.81605413441401,SMASH
-0.237810829352122,0.400168798968413,-1.4753495159819,201.288856757604,-119.348872452829,40.315018035644,45.6812899118057,45.9542325048795,0.597449541449378,1.5470440370374,237.458749869865,1.58177641818932,237.858430486381,2099.24861772993,76.9172162659647,1.42990302365588,SMASH
0.00548245290295989,0.542163214538803,-1.75830698163617,228.118009289421,23.5409690457573,19.1264501664076,44.3553938527229,37.7876591199934,0.497669137209485,1.84000392666956,230.12567106203,1.858273065954,231.778742160888,1676.08650303974,75.9291271360479,1.68491582233478,SMASH
-0.111132810967132,0.453896852936934,-1.4153473895046,272.031294743346,-23.2911010844552,-44.4430909794123,50.1949013614644,48.1025795755448,0.622126465737128,1.49049692645004,276.620116848489,1.72586425564181,283.030140164511,2414.50423702646,77.3194919445494,1.38210439047471,SMASH
0.215464012420472,0.359144871975514,-1.76568631915353,176.886904876387,61.1906093654913,52.3207789674056,48.3340671201623,40.187300994245,0.632544455436221,1.81467847217091,194.346936438484,1.82747631310109,203.404468785453,1942.41570363401,63.5326689155181,2.08300555235855,SMASH
-0.227855421010232,0.423796928975312,-1.36402368093606,191.102472573937,-90.6030024116635,-11.8177160199249,49.2782645887479,40.9704952917725,0.627429001695176,1.44640330891734,211.822372477054,1.74463628895571,216.995874315761,2018.95490732001,65.2989101271525,1.31263325454618,SMASH
-0.111395411290252,0.454115943612823,-1.59998537815325,274.698952307834,52.4639509527043,-43.562895542712,49.1169784312036,47.3985728256914,0.638339638844086,1.66690834727171,283.036581410698,1.70970970280872,287.982302962755,2328.07467914932,74.2527890931732,1.77367994844136,SMASH
-0.110964306521029,0.642950803623316,-1.39625354887086,216.310248193285,-63.255736971058,4.1221041446872,52.0697365459133,41.6750813282311,0.480860106714492,1.54117578034955,225.407194818115,1.90401357748486,232.840538533446,2170.0105052905,86.6676068126577,1.1421498823159,SMASH
-0.235929132985517,0.418255953318477,-1.20057140170181,212.637621127909,49.681288294591,75.5191523478362,46.2086818468368,42.0082370283755,0.62537201948446,1.29304767462839,231.054389044835,1.5406604727237,232.841490303696,1941.14525979072,67.1730882522018,1.04560468680761,SMASH
0.0614770287084919,0.35791243489238,-1.77198630196162,271.732182682205,162.343897121847,-74.1492382222094,52.7029514175332,42.9200761375724,0.640832524696539,1.80881624009987,325.103106055414,2.05632923130915,332.621061249229,2262.0146875153,66.9753913980963,2.09668622966848,SMASH
-0.0870897989947728,0.596980983270147,-1.63489887677825,255.864697362766,90.1540365043732,17.526551584657,54.6845159163811,45.6618513123174,0.538046235985826,1.74266039857625,271.848622702086,2.04640458777399,271.976050716279,2496.99623485985,84.8658784180062,1.63397392490341,SMASH
0.172583643150656,0.464594724572652,-1.36386910458762,211.089366945501,-43.5722762534077,-31.4300649963505,46.8616459228918,48.9177158510876,0.603078016489167,1.45112794281984,217.818991552689,1.66132292697706,223.708818294834,2292.3646795703,81.1132778849824,1.26994498574115,SMASH
0.0581692049712566,0.536630122205925,-2.05349743553223,263.478744510561,31.5927483111917,-87.0335614447392,46.9809313969232,46.0274015939405,0.516085064587627,2.12325393257688,279.274043499339,2.35642910499838,288.346828334752,2162.41019666355,89.1855152700513,2.32661843608853,SMASH
-0.0711143427237406,0.412997013282897,-1.97850162262535,289.201633989418,-59.7471186987384,14.4127192305272,47.0154921910902,48.2163896667213,0.466505784077357,2.02239769913159,295.660328367822,2.26400124329017,303.547544825349,2266.9172918583,103.356245423273,1.90805178694686,SMASH
0.0829295352802996,0.468214444269962,-1.74037684713409,187.30355296103,47.1237495787939,35.2621004296158,47.2130920317565,39.1731800404693,0.478740184031644,1.80416563643287,196.333095663718,2.0904360095824,201.62893720594,1849.48695442724,81.8253815361747,1.55830583080338,SMASH
-0.150631057184354,0.353426565501001,-1.89132659430888,264.511454512221,105.666708561429,71.1239031703191,49.427528214326,41.752031054384,0.498443848507778,1.92995241882548,293.581968909124,2.41510291208684,294.877633796987,2063.69969294598,83.7645953797685,1.85656194657623,SMASH
-0.214017244485349,0.464937764495919,-1.40252300505131,209.810177217169,-67.4012905512103,-74.4800628357992,48.9656602207698,43.7726567380077,0.515316644747913,1.49299741643772,232.616689409623,1.52893476802972,233.673549204299,2143.35703679367,84.9430582945024,1.14866207624313,SMASH
0.115776246837577,0.3663836862517,-1.87403578132017,186.858910684095,-83.8840245426669,-114.213904230234,47.588524326199,43.007570861708,0.562491094266184,1.91302149871648,234.515666843463,2.09064773026594,236.603924627215,2046.66683216312,76.4589783574023,2.05852123880527,SMASH
-0.213102909187166,0.298543714411435,-1.82240872209587,222.518887890477,157.604210614171,-110.944147448557,49.8560702200764,47.6115537776241,0.534195716838741,1.85895528447828,294.384691389376,2.15006511062047,297.137777122656,2373.72496842417,89.1273800022187,1.84602801790072,SMASH
-0.0213223865405774,0.383484650731866,-1.78127914217358,277.374267320739,-22.9106013031978,-47.4569085551462,50.5488240177221,41.8321572755965,0.498636666103259,1.82221582252415,282.335860268231,2.27177471689397,286.864338912568,2114.5663564058,83.8928948198105,1.65570834193765,SMASH
-0.189312509580196,0.451758408347378,-1.87789082324355,197.448904096553,-27.4072142348574,-98.1101903911851,47.5154966901669,43.8533206616288,0.431126013939139,1.94072121383223,222.177484411989,2.3112563808603,224.075282258331,2083.71231275045,101.717867922374,1.62379251440466,SMASH
-0.142984695322632,0.56977946863953,-1.57644450714475,290.894490201178,-27.2323576309283,-90.4794108491863,54.2414947202304,50.1887060009726,0.435899388624223,1.6823407948708,305.855733180135,1.95403374579133,315.830776543462,2722.31043156695,115.138016186168,1.23371320242385,SMASH
-0.0552585320512586,0.627518538734352,-1.73061508687471,245.008248350847,-50.6005767715597,-67.6928785798937,47.2382184377124,43.118071229527,0.670133940125128,1.84170073593353,259.175203173446,2.28324639923801,260.736166159718,2036.82086735324,64.3423714356335,2.27300157886175,SMASH
-0.071622617298999,0.31947124023253,-1.49206414713562,243.97603476071,8.00929714623053,-32.8233445442622,50.1129093777677,43.2698855058841,0.631364944551501,1.52756246740092,246.304336797806,1.92309843462762,251.524500319581,2168.37985114276,68.5337653690229,1.47325669373575,SMASH
0.1247500950265,0.560590263001554,-1.72424629810757,312.75636742631,139.684843932748,-102.867146292143,42.6844242810002,43.7474015113102,0.619103395619382,1.81737429433756,357.645146446176,2.2315691618947,366.352994744746,1867.33264730003,70.662398491846,2.04480523277178,SMASH
0.0725398505583253,0.368168166011973,-1.72741056810409,208.328898772237,128.159865040049,-81.5161161837185,48.1750114552452,44.2499566136598,0.779727804860114,1.76769824890487,257.819235644694,1.95538567457359,263.861546540396,2131.74216675717,56.7504449468151,2.43645999366573,SMASH
-0.079661819961611,0.351901112522508,-1.64338717629366,256.544638845141,-13.9390737316501,-46.1727208693005,52.855220213472,46.5629176214722,0.653714168227026,1.68252839790615,261.039019399696,1.9857979521807,265.614371837891,2461.09326466467,71.2281432106858,1.85060062190005,SMASH
-0.168602378897801,0.411121790869093,-1.64023993670707,306.293837743391,145.715034480383,-80.9898491864049,45.432272612692,42.5015053855141,0.619078826158486,1.69936309806534,348.723589658673,1.71604941922604,357.32122162946,1930.93997912447,68.652706144932,1.78779746421658,SMASH
0.0348576101943686,0.401049590548831,-1.44950608905415,303.705330409402,-83.4595740050238,37.4057096285343,47.5637979026111,43.061018199232,0.577693866323959,1.50436821598733,317.177576958079,1.54644528808079,318.225144337513,2048.14556710893,74.5393817903243,1.30739269713317,SMASH
0.208354621021734,0.442893416086273,-1.48832397852126,201.063455578704,141.13207931658,-115.576828439574,49.9048628808789,47.31735994148,0.770743867990919,1.56674008410937,271.482559759594,2.04258799900117,277.519931125316,2361.36635976475,61.3917288412454,1.89192531197146,SMASH
-0.208276637758534,0.391102608625502,-1.64590296164055,260.30132638505,75.1507298421076,63.3457901242038,45.9038964458765,40.2896130904439,0.608731810393639,1.70450490390812,278.239288814642,2.18644492888576,286.259084226678,1849.45022714817,66.1860382790776,1.76857103199747,SMASH
-0.110946222435971,0.507032076860475,-1.86146655651393,168.334099123372,-11.280319685906,-43.7236895265363,49.7154060898274,49.1152994963236,0.516906908759085,1.93247207800219,174.285328027652,2.33930062764622,174.784684457681,2441.78705968322,95.0175044027325,1.93036214334805,SMASH
-0.233349111096395,0.593668770499052,-1.48699862964003,247.780339943896,119.103005725603,-116.803450343364,50.1347171714784,45.1902079093217,0.48249352137343,1.61804182308946,298.703312415012,2.11390225744226,301.852470917891,2265.59829245415,93.6595254609044,1.26319667073236,SMASH
-0.137408154853869,0.478958726370551,-1.29016679008318,222.031672757346,23.4115434585843,-106.312234074725,51.9014013136278,44.1357882293024,0.5056807944867,1.38304476023749,247.282136816426,1.70231763951932,254.659352614022,2290.70925718231,87.2797650825121,0.967272700868626,SMASH
-0.119212038748099,0.371705812727109,-2.15387858165604,161.844912109525,144.292949838321,-47.3759587113085,49.4206958394861,46.0830041406249,0.694087418214809,2.18896543278194,221.943038666681,2.64562809202079,225.192378261978,2277.4541310036,66.393564467118,3.32576821861082,SMASH
0.0502690548615951,0.542765545631036,-1.92677707913857,234.281549726576,111.503698614604,-76.94829255232,47.884655985816,42.5951693317478,0.493517022166348,2.00239639634478,270.632516660027,2.11734413141936,275.39033601104,2039.65503010832,86.3092479273035,1.97880157234525,SMASH
-0.134975810349595,0.452989273857298,-1.57939405205662,218.056012273167,-19.2811233642396,4.20918891294552,47.0345074936297,47.1005375565342,0.498447181726607,1.64860647920634,218.947261864513,1.97810760407366,220.119119172893,2215.3505866568,94.4943512350262,1.35473125169486,SMASH
-0.107799674679765,0.602346453271441,-1.28595098917528,205.233749013815,73.0810394291953,-26.7091346612501,46.1995226895432,46.8824665416922,0.677972355635955,1.42411796077103,219.488286550034,1.4381297563342,225.910751918516,2165.94757673466,69.1508982646011,1.37500384721173,SMASH
-0.0559008710774332,0.343034467968382,-1.98468323437989,217.580501425257,-102.176035120681,-93.2417247984777,50.2735173488677,41.2896068818441,0.430998436180584,2.01488587627939,257.827919350958,2.1935325670206,265.517590492633,2075.77376790231,95.7996772518843,1.74975240695993,SMASH
0.0110143333181764,0.514583697285465,-1.5891764313314,203.975713767045,53.6922626617301,5.72056640767934,49.904398147493,40.0344031755748,0.654155934392521,1.67044886989983,211.001601312731,1.95282597800317,212.81033438517,1997.89279567114,61.1999981514413,1.82535634446459,SMASH
-0.000668978690819694,0.473255233248263,-1.46345700846094,269.460247301256,-62.6764959705085,-5.53776101013423,46.9601760036928,42.3141306469214,0.451012349597415,1.53807586904639,276.708935200511,2.00850880463401,281.929734228848,1987.07902262268,93.8201290154536,1.06694971306645,SMASH
-0.145482547607064,0.385318249594558,-1.5051051497813,219.054433186004,-84.6630929402441,47.327478591789,48.4994396684633,39.6038429535609,0.66535035908329,1.5604412315198,239.567473239808,1.70251569872756,241.794815038451,1920.76419196553,59.5232014076389,1.62011271287543,SMASH
-0.119114478832379,0.418196112711132,-1.85262411457823,276.105348486889,-24.4542816015102,-104.24175287662,51.8945839024989,44.8933972066774,0.409804004909315,1.90296935279342,296.139356375513,1.92046088011913,300.93935731102,2329.72416801013,109.54819162497,1.48402011112107,SMASH
-0.083362902754138,0.572695739897719,-1.37240809032579,227.169943145223,-66.6973244471756,-10.6680342872615,51.3459349086919,41.2208020368561,0.690986567978956,1.48944075090091,236.99899390624,1.65231651460487,245.593149550053,2116.52061826849,59.6549112416325,1.53290792350817,SMASH
0.148263293556748,0.452807502746621,-1.50181441461885,184.095449565475,96.6773914687087,-81.1893385940491,51.3712660436998,42.7259754411665,0.544847532929191,1.57558343946517,223.224911856288,1.72254472239403,224.503902840732,2194.88745136475,78.4180792622585,1.35256393633206,SMASH
-0.267435110132137,0.209316989144729,-1.65659878918653,253.488483697184,-95.8196533205715,-4.30982122423604,53.2145974577775,41.7942569304715,0.490727339112852,1.6910513559352,271.028396830585,1.82746360180229,280.595489716882,2224.06455860197,85.1678079281664,1.40331073602517,SMASH
-0.0629095727034683,0.478959344286268,-1.22645510539706,232.01901301212,18.9861896874716,-69.5925674915733,46.8483818926947,36.4450072305975,0.50986720292145,1.31816227884558,242.974120531459,1.59235485524266,247.112432143023,1707.38961682105,71.4792705679121,0.885920672817417,SMASH
-0.167497568427878,0.62979428808078,-1.89159116356199,170.503850563677,-12.3360291451197,34.7489899528198,43.4512446009795,37.9532923708168,0.49475101813883,2.00070322906577,174.4455014463,2.3228265124674,182.536946411648,1649.11779021685,76.7117484706588,1.9803960104102,SMASH
-0.0138620007367961,0.419788768293283,-1.53409076137209,271.877698653102,44.8473802815972,-133.608870828431,51.8121276740589,42.5082354360129,0.576855315722817,1.59054997695037,306.235368478361,1.92307768491354,312.664198945647,2202.44212160965,73.6894687245452,1.45935697582792,SMASH
0.0260682788422639,0.277884320268779,-1.89636010353107,286.030557954253,131.741990112271,-6.17760514638849,54.3584994690333,47.153922459977,0.555790111051135,1.91678921451405,314.972371562503,2.14293313906072,315.084455770738,2563.2164690035,84.841087815884,2.04201782746318,SMASH
0.140493017443885,0.592108856921952,-1.82969374719471,203.175672076511,158.226994952663,-3.08158816496407,48.4057490020758,47.4580525299842,0.503063021061892,1.92824023267831,257.537631893109,2.42005717957047,258.753785047265,2297.24257889374,94.3379978353599,1.87044384790974,SMASH
-0.0689919545316929,0.58198173939953,-1.71191704411926,243.553620923254,112.803088274677,-108.881669116625,47.0709239874487,37.4110413288479,0.533599139997304,1.80945367465725,289.651723383022,1.89452198313298,298.989111546922,1760.9722826815,70.1106287735173,1.74706900399559,SMASH
0.1239855918668,0.563166241520237,-1.74413022449162,211.779140360566,-15.678218780939,5.99244235632007,51.0535290594416,44.1380708514659,0.488076052333814,1.83698635883988,212.443216416522,1.84069246081382,218.210520561223,2253.404282843,90.4325877244444,1.64702185472764,SMASH
-0.0317007025668363,0.603169792059849,-1.34594365032638,191.773592711232,44.9394323912641,52.5073715821008,49.6783203543331,42.6206161625008,0.43559016056358,1.47525694116336,203.84721610923,1.72134425962464,205.495662425511,2117.32062341978,97.8454569816272,0.948011038908937,SMASH
0.0209887862310105,0.31212691776113,-1.93996711445698,234.379726892384,-65.1477296549248,-13.7228354405359,45.3925301545913,44.0604125059557,0.560382116408705,1.96502828150463,243.652209655213,2.45327856312426,247.220640183342,2000.01360330032,78.6255174644145,2.16382372228465,SMASH
-0.114935111328675,0.655801076086166,-1.49316551761982,283.367948515482,107.115973067709,-50.1116609260116,47.6940939667306,47.2856111007534,0.641640002185661,1.63487870933008,307.054399891744,2.02749945919619,311.210453466898,2255.24437911362,73.6948089970584,1.71499361670972,SMASH
-0.0297921702155174,0.429374375347201,-1.83349606651379,279.864966357657,1.62208854946359,-84.3853546992676,49.0389400221273,41.4611774518102,0.733493776381504,1.88333686671623,292.314759554415,2.21995322826205,298.181750245918,2033.2121943061,56.5255251800804,2.60167143730422,SMASH
-0.0519027087348973,0.285826550935205,-1.88650414340596,285.571704072882,-71.4435837716294,-50.8467539235955,51.6396250872166,47.8021604767644,0.56349597778017,1.90874005340732,298.73194709269,2.38943932196901,300.362641808338,2468.48564537908,84.8312632750496,2.05297846719214,SMASH
0.0417400591353566,0.463636769754237,-1.71132544525749,244.92601356023,156.034386006924,-24.6186221521706,50.2506475756146,44.7458329406226,0.621798603316879,1.77350953377492,291.447350805827,2.19378001402568,292.125230512761,2248.50708157656,71.9618229119704,1.95576557304383,SMASH
-0.180099693238759,0.38741410991264,-1.52571002770409,239.917509985459,-53.5082811478566,35.4563435840689,48.0523727360946,37.4765683336006,0.488434623710817,1.58439789216627,248.355994591176,1.71220028649573,257.265700205563,1800.83803043589,76.7277539031201,1.22612558333314,SMASH
-0.00785062714980431,0.35900432566245,-1.76339611169105,310.774642747749,-43.0989304411883,37.4392725638667,48.8794850449898,49.7094092804358,0.547108269473662,1.79958650387197,315.974833666032,2.03882817504757,319.976230672064,2429.77032751834,90.8582838091154,1.77181646889496,SMASH
0.0254774474475582,0.43527039714978,-1.39721882503267,248.475880839393,-84.1390498006045,20.5105697617598,50.6202519869726,45.0574517547695,0.435142118870089,1.46366999832238,263.135566832409,1.77609912792993,271.993315411497,2280.81956171729,103.546281213794,0.932217956334864,SMASH
-0.126183826682691,0.556981547138244,-1.5666327109496,263.366160335104,39.4028329690795,-132.824278343269,48.3535084236252,39.8196364346996,0.62495882290077,1.66747979087786,297.584620861118,2.08440465895531,302.144141702863,1925.41912577094,63.715514142774,1.73769104065089,SMASH
-0.0435978173179386,0.595750686525295,-1.53904324369569,224.081378249942,119.885890028688,-54.7221544046036,49.6523119735609,42.2459536359014,0.50569501411326,1.65090089228142,259.960775674034,2.07916286884464,265.191283106106,2097.60926955037,83.5402147869009,1.37825848957431,SMASH
-0.022974453475778,0.353624740613661,-1.18119692691809,217.077682162808,-67.2287402494693,-32.676512310211,47.4090767905143,45.8124969030365,0.625016686926041,1.2332090102036,229.586972769509,1.49108835440022,232.854789336459,2171.92818364126,73.2979207810124,0.950528166831176,SMASH
-0.0761723473518808,0.60672065610282,-1.90839244852747,239.048347848022,-95.5439323880935,-39.5586237229686,52.8393844331859,41.3016095833275,0.669849442525274,2.00396455024524,260.456599716546,2.34442012133832,265.595927490355,2182.35162648279,61.6579567039237,2.69003090565254,SMASH
0.0241067345768195,0.531603327201533,-1.40373164375412,229.801184872797,137.816146942794,8.60076092214187,48.1352819710838,46.3631221957198,0.679675228636149,1.5012147613917,268.09671392156,1.56105046596897,275.223084171242,2231.70195995079,68.213540863056,1.53174719707078,SMASH
-0.124869438810089,0.517277176817358,-1.63135620413434,268.905387127446,152.350144968737,-24.4613467788012,48.5318034809554,44.8615324461186,0.399840226240407,1.71595195712831,310.030694261697,2.03674647165028,311.785013152966,2177.21107652953,112.198366506473,1.17732599525279,SMASH
0.0378597687133442,0.621244720347424,-1.5405530098207,294.599407982569,100.627238147261,12.4047793904443,47.2272070557777,46.4957693991646,0.492494682371887,1.66152999994409,311.558230179451,1.78080624392931,321.123802550444,2195.86532863204,94.4084812586343,1.35962117552185,SMASH
-0.0663229203630898,0.447454439902483,-1.27765483396779,231.574667114326,134.963097803938,-7.7422673218375,46.1777049873485,43.5539790336557,0.560720676456091,1.35536566295417,268.145122874217,1.6057565358125,274.396869475359,2011.22279484131,77.6748623469103,1.03005289921505,SMASH
-0.0554806902808886,0.511557743052016,-1.42441900266756,215.478383431304,165.859010390464,-45.0459040618041,45.7783800579391,42.3942524035493,0.680617877712433,1.51450946732959,275.625250161551,1.74838610296342,276.385646138412,1940.74019880188,62.2877998124837,1.56115972026996,SMASH
-0.0270295769047887,0.398306372775772,-1.34555809238418,247.935148307003,111.863188265843,-105.928474020894,46.4649107582875,37.8333364851013,0.665790284629957,1.40353309351864,291.900757558815,1.74762317729666,293.084435804662,1757.9226034685,56.824619604519,1.31154370691858,SMASH
0.00270327069130271,0.411502005431815,-2.00951996706231,236.542648708869,-35.5260539286012,42.166222438078,52.1613994046606,37.9896629083317,0.552871525217395,2.0512220031408,242.883748901903,2.47600185023253,247.872822140093,1981.59398020991,68.7132407120317,2.32621341435968,SMASH
-0.0135586804730557,0.345467593496379,-1.93111914976735,238.31701645037,93.4780708489857,-114.658497879725,51.2516706096194,43.000518899127,0.522992674591877,1.96182386226963,280.499057387879,2.25636819639091,285.741138580135,2203.84843066077,82.2199597971865,2.01286955553088,SMASH
-0.0496951986260571,0.428233228975449,-1.45347651810779,266.111509494345,22.9346707740389,-103.75042720639,45.8329010700537,44.2762039963524,0.539014579520938,1.51606309230717,286.540548185385,1.86857173576829,291.924012040323,2029.30687752234,82.1427166088666,1.2388966048829,SMASH
-0.110851811125144,0.510011304254074,-1.25249701301153,215.416463919754,-103.156481378633,32.356045673254,51.647741088519,46.4076512148175,0.589030470450405,1.3568892445957,241.023704787975,1.41198160404128,242.39621431156,2396.85035446919,78.7863697322178,1.08449252123828,SMASH
0.035366624341819,0.413127914977352,-2.14072253254131,288.532481223931,103.531605751732,19.4106396459682,46.5899800013907,37.4030688184013,0.507104865225878,2.18050875567629,307.158849851727,2.21639200014573,315.679142072496,1742.60822823995,73.7579100997796,2.41109013996154,SMASH
-0.0460667362273638,0.358324417777571,-1.61900072875466,208.510851752602,-76.7863008230286,-56.9845644118564,46.3777526157928,39.4607781770719,0.561442297880458,1.65881942726458,229.390827789363,1.77073110348021,234.495991004469,1830.10220832292,70.2845297575782,1.54491060463234,SMASH
-0.131137274689945,0.416611987979853,-1.7416097609433,237.762988367278,-71.6564052430826,-27.3767099451102,48.1690132735831,46.2723610794474,0.549488794517521,1.79554089141813,249.830669248429,1.90182404349104,252.781868161149,2228.89397503593,84.2096824019758,1.7715337913619,SMASH
-0.159569650249669,0.29031480879019,-1.40919237277023,239.079122349139,68.0030199397888,-89.5581691123232,54.2026956912555,48.2901500287717,0.635499400626477,1.44760778699117,264.204282930684,1.74655476727504,270.748863842213,2617.45630689459,75.9875996634577,1.33173240177231,SMASH
-0.237794585590522,0.389703044118001,-1.24502964946534,279.987484254174,95.3940002774512,-25.3936335391421,52.4177749960416,47.9537907358545,0.684955037124523,1.32608957298472,296.880183326937,1.81626386424019,305.33917380682,2513.63101299929,70.010027121108,1.20450271774545,SMASH
-0.198856662414631,0.702340899522648,-1.53532556063128,194.41236271189,-38.705124037551,-29.3693444022567,50.4125278855712,38.7797908768124,0.513036799108025,1.70001508477329,200.391646014997,1.86752532243258,206.458315269865,1954.98728897392,75.5885647105058,1.48270266228786,SMASH
0.0519653972157505,0.347741629131793,-1.49986524489966,236.448111969223,-67.8422139905385,11.9197709467888,50.9376246084873,40.9209624891309,0.402744428070143,1.54052601276218,246.276991601676,1.92497869658243,252.171730805138,2084.41662588934,101.605032949012,0.95580129107019,SMASH
-0.0174527227268779,0.538559007669907,-1.95297049017329,279.412865600528,111.779284161068,41.3611123726809,49.7503061142927,44.0715734348838,0.589237120345291,2.02594277751388,303.771130042612,2.38378752352101,305.388187463872,2192.574269324,74.794165403043,2.41849084435221,SMASH
-0.242370377526216,0.430265515799155,-1.32737709512766,249.924350652262,-74.7086165571191,-60.9520003920911,45.924872779488,45.1316207498562,0.682616910361281,1.41626331120228,267.878152876697,1.83974482686736,269.263069469136,2072.66394126924,66.1154945758307,1.36919420475305,SMASH
-0.245266669591406,0.275422490320158,-1.88729663181857,244.409766919081,-121.215515249652,-51.8436180306728,51.4197516229339,41.8157440677991,0.655444021043472,1.92299294430852,277.699650761732,2.2881106759225,283.330099023497,2150.1551738944,63.797485258532,2.42376766707278,SMASH
-0.0684651320087966,0.46159406887677,-1.07869876674469,301.656643167142,-1.97509161975046,-117.193396288199,46.2010875540857,41.70940135973,0.687640275922974,1.17530744407568,323.627754507146,1.18685023089139,329.50091529633,1927.01970404939,60.6557558717607,0.949870236626425,SMASH
-0.219469603885279,0.509967320313162,-1.81331749900903,271.171763177669,-76.4075550032238,29.3030781810512,51.5691722901947,49.4428216468959,0.584049692273199,1.89640552810556,283.250613410353,2.01868182554888,292.495993724278,2549.72538802214,84.6550176226283,2.10044940438698,SMASH
-0.0118728351023848,0.514376750078149,-1.43194297559102,198.085404567985,-10.5553223124415,-68.6571743869166,49.2906463153103,39.2572645487409,0.675642665991268,1.52157322879275,209.912005199268,1.85596305602077,210.910421587103,1935.01594217855,58.1035041468859,1.56423782686189,SMASH
-0.0882611625875748,0.454248488353827,-1.3739664117739,291.522773876721,-30.1076758601105,-58.1642665097629,50.232510432946,41.9300164161045,0.685059168154476,1.44979840759876,298.789360140374,1.66146144395152,305.011957707761,2106.24998707557,61.206326634144,1.43993643098942,SMASH
0.0688173434992725,0.63612049756894,-1.43486506855582,203.318383866037,52.1033592265907,48.9326269633952,46.020059432283,42.9170322893263,0.771267771130547,1.57105788536112,215.516883891103,1.71392245663295,219.142694704871,1975.044376612,55.6447167262034,1.90366075865956,SMASH
-0.0209336849964438,0.328450371616668,-1.76605874584955,219.839152138277,24.3517802161237,-29.5566757739301,51.144358186493,41.0907949831442,0.548349576688314,1.79646357034434,223.149857932682,1.86665053071335,225.348562086506,2101.56233678568,74.9352635522083,1.76967836737667,SMASH
-0.0146828774034733,0.2523168285866,-1.16772580837084,272.154720063575,144.403995204457,-13.8785002790364,49.467402234057,45.6138840395323,0.552876121179714,1.19476480213143,308.404471844828,1.30263235154934,310.081679779126,2256.40034924118,82.5027520440757,0.789210169199859,SMASH
-0.168857904110027,0.514189595174668,-1.66875059101654,227.086265030957,112.561398582636,-106.389881414716,50.1649266385948,46.355644662075,0.650908018602021,1.75431823412526,274.876421477045,1.87773067848738,281.062091948851,2325.42751375776,71.2167804367416,2.00325565080969,SMASH
0.0981867841727656,0.770407147803581,-1.54850361930046,269.641426782603,68.3207981318351,-50.0450945713251,49.4584794973262,42.0380761589776,0.475473845635646,1.7323484860038,282.628275275815,2.14049014093432,291.400559347812,2079.13932781583,88.4128288695868,1.42691188212887,SMASH
0.0499264792620446,0.486074290708138,-1.91904185842046,221.384567643108,-53.4515983220821,-44.470480862593,43.4008299144647,37.9370920655633,0.542952158265338,1.98027334572497,232.047029332119,2.05496501517419,240.79013908504,1646.5012801869,69.8717587107647,2.12917739989091,SMASH
0.0671273787899539,0.31767082570136,-1.63720407757216,272.028026028459,15.7429668710758,-91.2389853150415,48.7842722332809,45.6004814843916,0.533520014267181,1.66908898208091,287.352815180507,2.15656654546422,292.459458207667,2224.58630270325,85.4708254501021,1.48631101596737,SMASH
-0.312984077940521,0.316505308241236,-1.5970303871066,270.13948262649,117.356789718244,-42.9627418241406,50.7880066589917,37.4881338064587,0.722456583085884,1.65790250030906,297.647028125139,1.90054739727404,303.114392630751,1903.9475893956,51.889736759815,1.98577356863643,SMASH
-0.06556228813511,0.376346366444458,-1.94363434158907,240.915775711594,16.1474189422677,42.7747789353177,49.9083843302067,46.2809271277969,0.610220610938562,1.98082039947235,245.215888225419,2.04960564023715,246.86396975089,2309.80629825238,75.8428189008477,2.394291767518,SMASH
-0.199176749107166,0.525605747158605,-1.42460543361355,203.780425199419,144.438441683212,84.9461797183135,52.1374407782962,39.6351573831546,0.485926326460187,1.53148079332138,263.827175588616,1.79277495744476,271.717117397438,2066.47567080267,81.5660186717283,1.1397078458893,SMASH
-0.0947216473209299,0.348977915412106,-1.33814316527843,253.742224335238,-18.6432579840449,40.9391719387843,46.4029366618557,42.696380505755,0.536980403659046,1.38614029113143,257.698861615428,1.49886845439,264.668591257955,1981.23744029904,79.5118419647636,1.03174604278306,SMASH
0.0552840740681807,0.273323728023506,-1.38045780081896,181.512976045355,-33.3950755805597,-79.5070958940143,48.0642896537113,47.4754114717123,0.660128619187033,1.40834155267398,200.956636723879,1.59695529429826,208.779981209358,2281.87192840551,71.9183173907263,1.30931621976271,SMASH
0.119988472374467,0.415252486271508,-1.54631760945052,278.851444596217,-71.8741928056095,-70.505080693829,52.7916838867331,42.1548553085967,0.494417039118444,1.60559335142937,296.470899328245,2.01989503111667,304.727407376409,2225.42579574241,85.2615640476215,1.27457252267502,SMASH
-0.135870779154209,0.469449745943112,-1.1069756983912,225.386421986034,9.05706091117234,-19.508541527669,45.9170564548672,38.6977634658739,0.660871940559293,1.21005749013124,226.410363633276,1.23374377664023,231.56593247708,1776.88738973963,58.555527229068,0.967674554904435,SMASH
-0.164048248654449,0.447014358089386,-1.50131111181753,286.29529535202,79.1041023115854,-3.88152621900391,50.4315205294107,48.4955973376778,0.499944385142943,1.57501387888852,297.048011925701,1.72415933332253,302.935839336723,2445.70671272113,97.0017901531627,1.24019639730953,SMASH
-0.128743072370814,0.423013721041388,-1.39085532565061,267.802760431786,30.640301062033,-69.4756662982701,50.4331811022941,42.9529951041451,0.53492988324366,1.45944987024681,278.359506307303,1.74030806645399,280.179822463331,2166.2561809733,80.2963456581363,1.13939740094847,SMASH
0.0444124200778861,0.892103379010633,-1.62206362457118,287.875670787066,-81.8894467141651,19.5871599292306,50.2379648106568,42.6399340979244,0.478910342385787,1.85173197414106,299.936560206236,2.02421200203643,309.289130501302,2142.14350874025,89.0351309816666,1.64214108663613,SMASH
-0.00753626912540759,0.473810765143044,-1.76446758328221,290.826157641372,15.7468859597412,22.4600496671079,49.5454447478464,40.3564313535851,0.565810280013631,1.82699186888489,292.116881088584,1.83046129663056,298.512626587019,1999.47733984931,71.3248971505355,1.88861773135027,SMASH
-0.0979345616346353,0.481396843562755,-1.26291627912535,235.71607687226,-63.8961023280661,60.9537732251917,48.7812514246493,42.4597454363798,0.71865651536908,1.35509838293556,251.714408127855,1.60492797426626,258.016148012509,2071.23951755865,59.0820307703508,1.31966294217354,SMASH
-0.221320013637403,0.316134979856492,-1.42059400909681,261.647073250056,-60.862522971962,-37.1721032681644,46.818771755668,42.9704624307157,0.448865151491021,1.47207717617219,271.192188132719,1.6440412720821,272.420762128704,2011.82427277919,95.731126724478,0.972695816229621,SMASH
-0.0677415354353327,0.549402448584076,-1.34610917127782,199.872038756628,-100.480484501138,-63.0389695100573,52.2462393979305,44.2374987203603,0.593741346714612,1.45548681448221,232.420032095352,1.61801534938028,240.413710837374,2311.24294850959,74.5062213688178,1.25780652712733,SMASH
0.0709021853917441,0.368751278518463,-1.17480147509201,245.48276400254,110.4280462727,-105.830097662726,45.187883951622,42.4678008928124,0.521358692596285,1.23335442237043,289.233729701836,1.55217849460268,291.249468075575,1919.030058425,81.4558576274468,0.793071621298038,SMASH
-0.132750742858212,0.440216069173948,-1.62843117391507,184.591892314252,-0.00676171779509405,55.2456379575934,44.4290936319062,44.4580484528492,0.530431734405836,1.69209959383802,192.681725306835,2.01691939904808,196.553065224028,1975.23079740346,83.8146772797665,1.51873269119523,SMASH
-0.247236196633301,0.423181512798291,-1.5385998650552,269.107482389296,-48.5292565996271,26.0187487131339,50.9458098095015,43.0411068498108,0.502491191731086,1.61477486803821,274.683274169751,1.9752835852516,281.869933099882,2192.76404356089,85.655274963645,1.31024471436756,SMASH
0.0840422055163966,0.42050385933468,-2.0496419040905,246.621305395564,-4.29059992200903,62.5291658371598,44.5873796356402,45.5151580014389,0.552253237835675,2.09401970454605,254.46094809026,2.25603416582346,262.561433656235,2029.4016289863,82.4170370875127,2.42158545198737,SMASH
0.134319375302366,0.472611129293816,-1.27709734719388,233.239484914738,-65.3922554609173,-9.51601731804774,51.8536083013628,46.2689435535994,0.63317057159229,1.3683495928759,242.419799074159,1.58063950759636,252.119182414596,2399.21167554621,73.0748909608228,1.1855363000106,SMASH
0.0258348538970212,0.288807589261412,-2.15314960551854,285.801065412835,37.3445080102958,-107.3837314843,49.3679613548412,48.7903631052145,0.497020180526748,2.1725861287957,307.584341371818,2.48168380696366,312.674427774951,2408.6807602669,98.165561180926,2.34600010677619,SMASH
0.0668376931917867,0.629115855410575,-1.5264580089595,258.387625759927,-85.9363467031171,-20.4474444626465,53.8222422959818,44.7297649602576,0.484125956673846,1.65237044571633,273.070171962416,1.7578187054051,275.2067806893,2407.4562475333,92.3926345014328,1.32182269854507,SMASH
-0.171674713388272,0.547124803106201,-1.53241927980427,205.820217469192,-7.74663297218232,-35.5520575297304,49.9234261231499,48.6007327091278,0.519852007433729,1.63619271679921,209.011772482003,1.73287405261448,213.954204453622,2426.3150889351,93.4893749082011,1.39170964054681,SMASH
-0.0989291073319239,0.602390581368229,-1.56275746249853,242.009199447499,-35.2599633241333,58.1446450063138,49.0844719860516,47.1031169402373,0.442741092953623,1.67775810753323,251.381219214461,1.75150229287918,261.022355035907,2312.03162390879,106.389515905305,1.24625962419063,SMASH
-0.0164048058503283,0.494162391368422,-1.72769803737068,202.19242466905,6.0648537679649,-26.4362412410605,46.8781687262593,43.5611900443371,0.796429928751035,1.79705483918339,204.003514420051,1.8101073930648,207.63977348424,2042.06881681508,54.6955027382599,2.57199566617483,SMASH
-0.284653165396414,0.544084757636178,-1.47255085715583,255.086004813122,-10.1388410695466,59.458078369461,45.6195023088528,39.9197435958436,0.522808956479214,1.59545030476433,262.120066063517,1.88342377309837,268.699120432456,1821.1188351394,76.356127309964,1.33079016205025,SMASH
-0.213472838574844,0.52235761631007,-1.86875549106548,285.94291572849,-47.3420048102518,-65.2973029028707,47.3146561101233,43.0529031062938,0.607377493734735,1.95209508413748,297.099906161468,2.43031876515259,301.141217578212,2037.03330501675,70.8831536684218,2.31451836305055,SMASH
-0.0631971729802926,0.437938945133446,-1.2334536584404,248.704650575164,-12.5441920884656,-19.2288441240412,51.6627385540936,42.9227619263269,0.61239551576318,1.31041685346965,249.762103649079,1.60143000094218,253.253062658803,2217.50742741943,70.0898206006867,1.05160088250754,SMASH
-0.133238386491733,0.509814109176365,-1.52414387402229,294.42717882301,124.143930189391,-141.652336926998,46.6111812104102,38.9817547616498,0.577027509660367,1.61266160190843,349.520333585079,1.74642989507251,359.044961743359,1816.98563509503,67.5560290506168,1.50066242794288,SMASH
-0.0571778476324356,0.387289175295162,-1.30367239549329,262.629027595249,77.4070022417296,-72.2051369379523,47.8240838759465,44.3352947448084,0.672343003076887,1.36118475099153,283.15972865488,1.53603343652125,286.567308459048,2120.29485454053,65.9413849783952,1.24573320280269,SMASH
0.130913498489987,0.550754591945222,-1.81546959095697,276.640979962972,-50.7118957103793,-85.6101632883103,47.88636483026,39.6747755505421,0.605236792875382,1.9016831492983,293.991544469676,2.29709254793993,301.108020645643,1899.88077657194,65.5523763016418,2.18877761166713,SMASH
0.0782911804157769,0.450930682694059,-1.85409104413508,221.211683948099,-26.2130429643419,31.7422105014316,46.7730727660289,43.5921389277382,0.577631917084497,1.90974385441288,225.009556828418,2.07148038574132,226.13137080622,2038.93828609394,75.466853841644,2.10669383556451,SMASH
-0.21421385940231,0.323332201638522,-1.15264489811549,215.962621191026,108.021734414282,-119.619564515465,51.1652859342272,43.0150715893522,0.692798813301701,1.21615029964561,269.476138224589,1.23758492285106,276.312715534641,2200.87843735046,62.0887459313156,1.02466437560775,SMASH
-0.0380671918189332,0.341927303662909,-1.21643943062491,219.050903739844,-77.4360348025407,-64.0840184772989,44.3667675913768,42.5310891206445,0.717088836631214,1.2641551647097,241.011201688597,1.46409331499712,241.556022425751,1886.96694642377,59.3106845865359,1.14597126587063,SMASH
-0.153980151527517,0.413014609046509,-1.42883248825219,294.694814328701,115.942704517396,-53.498380989492,43.5885548274727,41.6302201654652,0.671771544464265,1.49527697562533,321.169458528566,1.54940908363973,329.379387483332,1814.60113416214,61.9707079554212,1.50198258008891,SMASH
0.025360366398505,0.512007740783465,-1.73771578454877,209.627282646766,-32.5889364759789,14.6552897753182,48.1073045258988,40.4701461474698,0.475159907088082,1.81175363189259,212.650920357522,2.07432837281736,212.837308422048,1946.90964492396,85.171455697991,1.55968921798788,SMASH
-0.162007690848254,0.338429687252562,-1.74885459989661,268.365832324018,145.869273142416,-94.8094878397559,44.8106149122625,48.017835730225,0.484646655187386,1.78865132339632,319.823238352838,1.88664519470052,325.66157786609,2151.70874582739,99.0778253361386,1.550517228278,SMASH
0.0667906666756228,0.250988419062106,-1.90937971030041,214.286519444156,70.5416065353598,-60.0364109602114,46.9338976890454,46.9048782228491,0.495346556861065,1.92696316979986,233.450639984267,2.33597195998839,234.822231996921,2201.42875562833,94.6908439804924,1.83931442404503,SMASH
0.056739325189152,0.370730345056215,-1.40125113086622,205.556889237818,126.6230446339,-89.7670678828083,52.5390634346331,36.8537976748824,0.597265003150535,1.4505740489621,257.575535759443,1.56098710178217,258.055591338252,1936.26401384778,61.7041610948577,1.256744158072,SMASH
-0.0568385291216663,0.620281339651949,-1.63241878861367,267.06221260099,68.9935434942534,-101.389591718933,50.6487801696986,40.3664397544515,0.537068485579999,1.74721797728047,293.874435349797,2.09896370337413,302.653585295286,2044.51093335659,75.160553407458,1.63954691526018,SMASH
0.0417782905770426,0.396267715477682,-1.26582566807807,218.416297664076,81.9375268873522,-48.3196162118383,51.2980662565096,42.820001745612,0.470021585393298,1.32705996468085,238.231447774128,1.38183376556757,240.378959380489,2196.58328665027,91.1020088742796,0.827749444213954,SMASH
0.16333187526478,0.561952372663061,-1.24682916986036,287.259362810773,29.5302008072405,20.4037938666257,46.5036751748576,40.1478532208619,0.715362253399422,1.37733465411781,289.4931589629,1.46675688315676,298.474721752004,1867.02272515083,56.1223308998309,1.35707849892805,SMASH
0.013317331002347,0.570986178318232,-2.09965225730253,173.406847486399,74.7421679361412,-64.2042588411473,53.9642050836547,39.2158607696731,0.443537066024099,2.17594626972522,199.445514555496,2.48496655919545,208.878535133523,2116.25275310669,88.4159980251668,2.10003364989958,SMASH
-0.0632912027288227,0.482916457862279,-1.30352490341825,213.081549595372,137.02725909117,-54.05908602996,44.1490765976075,36.6988264513355,0.494968205485341,1.39154276091274,259.041697983931,1.71484079043529,262.825960297277,1620.21930004231,74.1436558974422,0.958452104826931,SMASH
-0.0463018067739842,0.380745748311382,-1.7468280133953,175.449195669474,110.706851541011,35.2252310576308,45.7465898767782,46.4907892158453,0.636599274025045,1.78844046323894,210.426338993607,1.86390505628253,214.601278868537,2126.79506730501,73.0297976811996,2.03617505831942,SMASH
-0.263694186052922,0.590910027549966,-1.50764984341157,289.212781373387,-72.0030594697287,53.2297546646358,56.1963591013424,40.6598061480223,0.574104826614927,1.64064540189407,302.757130823353,1.89298768458157,311.080127296946,2284.93306728523,70.8228418230186,1.54532791376657,SMASH
0.00396786632693727,0.507160708383036,-1.5360475697032,244.656320539422,-26.3251580122631,-6.61507481821417,46.5225549732457,39.4219004781023,0.543961441298783,1.61761239624388,246.157446239413,1.91071315120384,248.505151915762,1834.00753214233,72.4717323938344,1.42336751088666,SMASH
-0.111723497469998,0.537314374423744,-1.273704600848,187.550968944728,-87.95109618512,50.0691957606669,46.8095651866726,43.571682131502,0.81099928517599,1.38690745440014,213.114254887819,1.44494732024661,222.502350759945,2039.57149502752,53.7258530335126,1.55996708984155,SMASH
-0.153687028906475,0.323625830806538,-1.8730573537797,239.448743896964,34.3663804390794,-12.5840375876118,51.3848576226632,42.8630388426078,0.465641937884037,1.90701264593802,242.229451265373,1.98173935606492,247.697795227772,2202.51114820209,92.0513023076975,1.69339874649775,SMASH
-0.0388594058404443,0.343182593604071,-1.80648668818429,170.868785682398,158.85188915886,58.2063986960662,48.3614581896335,43.9789635663117,0.422718225706548,1.83920594294443,240.453840599566,2.00971910083505,243.032796642629,2126.8868077356,104.038238366859,1.42991985389331,SMASH
0.0322464496781662,0.369452913551644,-1.76761395068974,258.027534173563,-62.2379422490327,50.7330243721834,52.0227436821241,41.848318124874,0.694836878374094,1.80609921308926,270.232510274082,2.05072546928764,279.147002175176,2177.06432733831,60.2274565439613,2.26655398360261,SMASH
-0.0749738879173418,0.406758405189049,-2.16432978706523,279.720602136559,15.1025443367858,-66.0667235611647,48.6625782763243,39.0440983879054,0.580193833128138,2.20349651945248,287.81333198306,2.24304867143659,293.192197571714,1899.98649402995,67.294805397349,2.81707134529038,SMASH
0.127337094071663,0.39689986267133,-1.45444935711667,225.648829053201,-30.2736208736016,-5.1015369763882,48.1451907403998,48.8221097128668,0.690872011010169,1.51299939488826,227.727714284846,1.77831893057862,227.829910681659,2350.5497844747,70.6672701564661,1.58152152553867,SMASH
0.0205120135272913,0.197428620521958,-1.28532824882177,209.89269865697,47.4817720256874,46.9256338013244,55.2687731513033,41.7118742311177,0.621558304037002,1.30056430449224,220.253215031838,1.57541499266559,223.411527042972,2305.36411459534,67.1084383424088,1.05134567692349,SMASH
-0.0311854833258956,0.492255272694691,-1.66170394322922,235.7428036428,107.693106131343,57.1305980792592,50.9150436407992,35.5994689771706,0.400531537110149,1.73336314222079,265.398530166387,2.04946173867573,268.872434940581,1812.54851656192,88.8803422414108,1.20341614176959,SMASH
-0.177493613341557,0.382194346778459,-1.22986404776855,212.546209372812,94.7475108084685,47.9108964763584,52.5983864900743,43.7285503691874,0.645540449534312,1.3000546440362,237.58879587287,1.37370782980519,238.653192830436,2300.0511929692,67.7393378856351,1.09105507647336,SMASH
0.191105003052578,0.447993449495256,-1.40271928889381,260.360875887716,78.9916405283122,-3.64515335832668,51.5163902235789,37.9156630637402,0.698313148308158,1.48487058574717,272.10430373182,1.6714292617246,278.293340674253,1953.27809397737,54.2959972321918,1.53966922030048,SMASH
-0.251181718518348,0.423924358976496,-1.74991383114136,186.883556845011,90.5413648040812,-109.076846471373,46.7745359707452,43.2796949554646,0.446532309245402,1.81796659327703,234.56547272727,1.87984778458172,241.15848842429,2024.38764849726,96.9237771502491,1.47579041369006,SMASH
-0.0556152228462365,0.269651422819122,-1.89431331183627,189.622052735404,153.821893624243,-100.847564907483,50.400272235947,37.7889583638284,0.638753066483766,1.9142172985951,264.174050938969,2.28596841467119,268.447738619339,1904.57378904982,59.1604192390513,2.34053678585653,SMASH
0.101471826364929,0.521648049859779,-1.76923171863799,282.126182792841,65.8451933237228,30.9923067713659,49.874906567843,40.246386502633,0.60226180543262,1.84732078798001,291.361108557934,2.0351290550468,296.318256185664,2007.28476651212,66.8252897897673,2.05527508008231,SMASH
0.0420939930065948,0.456495909322368,-1.90872031949203,201.241997679873,-46.9018060885213,66.7338417544292,45.0765653925555,44.1356214261194,0.545712424323589,1.96300119142018,217.144022896916,2.17400079076111,223.4657198687,1989.48222535554,80.8769208505827,2.10283389138253,SMASH
-0.0271319985839917,0.404124948327919,-1.26910135031407,207.025388553328,-2.52632564327124,-114.38663481044,48.8377966052551,44.6779669384815,0.56218352068222,1.33216791605909,236.53793786657,1.59582512975985,238.638628089449,2181.97346207787,79.4720688578619,0.997690991294467,SMASH
-0.0466552888909483,0.549113124857994,-1.79667737604541,297.674748722713,-94.9064529573963,18.7832752551419,48.743687008445,44.64290008588,0.526216053971686,1.87929548859838,313.002080295635,2.15113497066188,322.33936942757,2176.05954893542,84.8374254481727,1.85846435554905,SMASH
-0.331876150833485,0.482557112366582,-1.48123145713588,196.848848940003,-70.8888490484846,-36.2374889800468,48.9330022390465,41.4173478035979,0.625672912813311,1.59281190848025,212.339006911123,1.81650204209562,212.355965871183,2026.67517280882,66.196379544365,1.58736332317495,SMASH
-0.128614847508166,0.473936542972242,-1.60194650075631,271.596047699196,52.4863820425963,5.59822053277353,45.9855935918778,37.6396127603291,0.472927689057311,1.67552684760627,276.677743049344,1.76511221474169,284.942026739672,1730.87993535215,79.5883473158631,1.32769256763129,SMASH
0.019384029551504,0.443284453920618,-1.63966496661392,276.904915412219,71.1603608301538,17.6798017247847,52.621438787572,38.9322633474379,0.658614511204452,1.69864005911505,286.448432570251,1.87627922558884,292.081157741753,2048.67171259884,59.1122782338364,1.90035185432427,SMASH
-0.049754464714912,0.47141191004412,-1.64262781589943,294.155375811112,-61.0464627168869,-45.1527315056787,52.2558539137412,39.0363199974145,0.676920893630414,1.70965810536991,303.797341810696,1.98741858235443,310.343797724675,2039.87623511495,57.6673917105237,1.97859295437592,SMASH
-0.132788139776947,0.452717168437641,-1.80932944314514,194.218340419058,-34.598062172554,-108.737112898433,49.9699966439102,38.6423471416244,0.538817571849864,1.86982848371061,225.258849732293,2.08971454779217,232.709241698118,1930.95795697978,71.7168062877975,1.88384554704787,SMASH
-0.097558569804562,0.270092210588709,-2.05068382244916,272.040124552287,-107.699734610774,72.2712916369715,47.470876863158,37.4655474419683,0.622978000828385,2.07069351098073,301.377175307838,2.17353404992546,301.963910292648,1778.52238922848,60.1393424050405,2.67118738960459,SMASH
-0.0248599229837152,0.521728720586698,-1.69668288874011,275.737049227383,-82.6476582975459,-18.1926839999246,44.5277829582355,44.1146454549936,0.526492047382108,1.77526102266661,288.431152079337,2.1090380825399,292.71652394272,1964.32735809947,83.7896068606143,1.6592669062261,SMASH
-0.190676888359145,0.370229029697598,-1.53669244768859,172.840594419617,122.369433960258,77.3073980534035,53.5671062653417,40.3040510155783,0.462156795368595,1.59212150571755,225.443082042603,1.66763680640151,230.966051276785,2158.97138367524,87.2084197637167,1.17149856358283,SMASH
-0.218803662809274,0.665796298845554,-1.7669667949732,169.949403820913,-47.5063724411212,-100.373876081738,51.1333625368578,38.333709784678,0.537655074377313,1.90087648440214,203.013719441003,2.18157915620123,207.559147730425,1960.13147980264,71.2978270152983,1.94272596743054,SMASH
0.0960157145280508,0.509247677148659,-1.5743698506767,265.432915239572,86.5751748725241,-30.6747582650293,44.6367758769759,42.1311000458534,0.633022629351687,1.65746572840509,280.875122058547,2.02748717345318,289.062036718426,1880.59647019721,66.555335523576,1.7390351088385,SMASH
0.120146351532158,0.290958774828433,-1.85710184663054,309.259623128772,-2.6294000035497,-45.4049562366337,50.1437603025379,42.0981025083875,0.516139357914499,1.88359215946412,312.586049421562,2.22949489077551,315.403794083943,2110.95716137225,81.5632838293983,1.83122085302009,SMASH
0.108661029661497,0.38539634899946,-1.42391233880044,238.862130523492,-79.0930595066303,50.8803506760578,47.7687355685752,45.0613141188782,0.534142529374832,1.4791429659696,256.709250992751,1.77091064290254,259.145039750934,2152.5219985172,84.361808466759,1.16863116483295,SMASH
-0.242125545534363,0.517736626579608,-1.63180404770649,175.236879586448,-36.7128059286775,-82.4440900984552,48.1142596518322,49.5150571025588,0.446499120404493,1.72900562301389,197.111192169583,1.86681007742652,205.210689908569,2382.38031410781,110.895954647677,1.33479145891472,SMASH
0.0845967818539507,0.310435252541128,-1.53185510647898,240.803366283121,-60.9427186150197,-76.8418898262476,51.4412824530796,45.907812461052,0.642356321134022,1.56528167713228,260.009523282401,1.84621262380832,269.278862020372,2361.55674761198,71.4677189013835,1.57384154467586,SMASH
-0.0548624070063184,0.539255421723382,-1.58291980598386,234.165133236443,-106.86076922455,35.7741222940461,44.6577738492337,38.6764483877635,0.654395500375774,1.67315313278151,259.869816348134,2.06320042134668,268.344066359173,1727.2040853923,59.102468252129,1.83194185947965,SMASH
0.0351210165149573,0.393205759090968,-1.91285827397537,296.036497812853,93.6708941914989,-140.87119276382,54.4592125274674,44.7833947568181,0.644268195822168,1.95316948345488,340.964129208097,2.13933359050932,346.654394988679,2438.86841276302,69.5103771020262,2.45780007650066,SMASH
-0.0603381416210142,0.454785969073255,-1.56048661453474,246.537962584148,98.3258176603122,6.10710631009575,50.0735544849682,42.773445499759,0.461577612960729,1.62652680369623,265.492429574168,1.96111173745337,270.931810028297,2141.818453742,92.6677369763622,1.22114486003972,SMASH
0.0299087913022606,0.323484225206376,-1.31908062424394,233.536476274012,104.842900668361,46.1500547370727,46.5367765809552,46.0246835726127,0.5785033261659,1.35849559182587,260.117564042247,1.6564824593204,263.150141025456,2141.84041662783,79.5580629061952,1.0676338314098,SMASH
0.0650645216331528,0.594770749004566,-1.52481261592893,182.767889169304,3.03725128578537,35.2868902901798,48.465674566033,45.1785650205816,0.636636241248976,1.6379985193958,186.167910320568,1.90708176486982,193.533712211763,2189.60962964787,70.964376717813,1.70811995928879,SMASH
0.198595325330718,0.524207406777239,-1.72860173715578,219.401118032258,-31.7333141456642,-14.2596689998426,47.98830562275,45.7472602521183,0.410853241015694,1.81722246141228,222.14227868746,1.91879576007014,225.293627020107,2195.33350638213,111.346691077167,1.3567596200982,SMASH
-0.13239465435711,0.370071611117668,-1.40612116639892,246.014137912728,99.5768349769802,-4.30481417130942,52.8559140022844,38.4932827036009,0.446637260720565,1.46001988906063,265.437438094224,1.85627321745271,267.351094458213,2034.59764024715,86.1844720635875,0.952077924059671,SMASH
-0.21862260998135,0.50083051529693,-2.0220736729288,236.895076173185,-28.3433870225079,72.7684936870454,53.4352715764801,44.4053621488474,0.589495531545745,2.09461428177109,249.435118570919,2.24249450556044,254.953086955168,2372.81258587561,75.3276054609008,2.58635799431458,SMASH
0.0816783337839006,0.28986619584003,-1.28079763799632,191.801136040367,74.4480663258717,32.8525318272136,47.3241069547689,38.9733160257983,0.614133047484152,1.31572654879251,208.349416158277,1.66144963181426,209.657179042984,1844.37737598689,63.4606014524932,1.06314804297148,SMASH
-0.00188500996827064,0.615759589256233,-1.07998904157135,221.060655820696,37.2111679054431,-48.1639409650662,52.3085177091042,40.1401700863791,0.598823773651297,1.2431973917837,229.286392483395,1.41821897613906,239.251149192227,2099.67279780981,67.0315789402413,0.925505948379951,SMASH
0.0326385758247481,0.247497328806163,-1.78316986914127,227.864407648982,-68.5562256889535,41.5999725358362,54.3843640340316,45.4660201582365,0.528679911816976,1.80055963150665,241.563039534029,1.95559593527884,245.953370021602,2472.64059146415,85.9989818848924,1.71398819723101,SMASH
-0.0541193055389819,0.560582975597932,-1.75979481061762,258.48481179303,-34.0467086749468,-104.152776048281,45.765484343225,41.9869557200211,0.632381389937393,1.84771749659924,280.751450678065,2.06495393387978,284.328609196325,1921.55336462431,66.3948844688383,2.15898797476455,SMASH
-0.0125482366142153,0.264510966352694,-1.27393467270839,286.086417610032,139.891821074582,50.9991537855517,47.1950153561778,41.8318978982373,0.526325851268244,1.30116603855604,322.515230076576,1.34664891665901,329.235393472205,1974.25706368537,79.4789355653025,0.89108706647273,SMASH
-0.155975247356953,0.365191558120041,-1.46394200494115,223.885580138523,-92.0099760883016,-71.0925869389509,49.2066822495473,41.9621907443414,0.670949156169427,1.51684519504836,252.279100623506,2.00155316401581,259.401384306489,2064.8201864517,62.5414426965946,1.54373279852343,SMASH
0.0951187922580741,0.44804011325914,-1.61098714692963,289.656562606122,96.3721302004906,19.1599271726837,49.5446825005434,49.5084248435038,0.617912128946079,1.67483345897506,305.868623022102,1.78056129351997,312.992283908286,2452.87918997341,80.1219824021963,1.73328499305313,SMASH
-0.225331662646305,0.616574569308049,-1.75213544518105,197.566146950353,105.343049540539,7.77307441890835,47.373700383051,39.8721686093068,0.656834281078629,1.87107380291856,224.03116121029,2.36402635944385,225.898031236679,1888.89216931979,60.7034514708623,2.29952241639286,SMASH
-0.0646864025771913,0.606289189885044,-1.74054703800345,264.16852116139,-42.8813084447533,-79.2096574112311,47.1883827970324,42.6776868804001,0.717716844859301,1.84425456592967,279.102103205502,2.32203294457317,287.858553016261,2013.89102540421,59.4630427348041,2.44115229256387,SMASH
-0.181886469416567,0.438114192305378,-1.66510297620885,219.710285553875,-7.61661005172242,-39.1818248185004,50.8030235395044,41.9389650057532,0.638663055993035,1.73135630493431,223.306600267329,1.80287292763585,224.097417678424,2130.62622640973,65.6667063258224,1.91445296275808,SMASH
-0.0409804165582608,0.641094683905514,-1.44780284995137,248.152639685853,-36.7936496230618,-68.9421659723726,52.9493570846496,45.334910305989,0.587635154900245,1.58392388724979,260.166345795539,1.63269669501587,267.034384922202,2400.45435419237,77.1479255112968,1.47426782097771,SMASH
0.038581434165199,0.229482763278673,-1.12744227225662,227.091324725765,53.0559925931514,-37.1955087049299,48.8442452454266,41.9019723608393,0.579632969211721,1.15120673337825,236.154428253137,1.60759971489194,242.679463796282,2046.67021425992,72.2904015060129,0.768174209484677,SMASH
0.148985829435929,0.632665729630284,-1.81398386631173,198.511116090167,71.6494728115739,28.9172247856285,45.0642734099978,45.0273896598604,0.592339506383665,1.9269146763831,213.017642590567,2.00594777366963,215.416011892613,2029.12659857045,76.0160569378581,2.19935668793615,SMASH
0.0405789844214725,0.452884346420597,-1.35618566002676,238.925661718286,59.3415959969242,-47.6922931037152,50.2401317287978,36.7866008220414,0.616428813931867,1.4303812183022,250.761742824685,1.67474100458383,251.594366083386,1848.16367115406,59.6768682997338,1.26120745387848,SMASH
-0.179116888486611,0.358583179657012,-1.82854879335067,277.114284913134,-74.2942673650025,-1.97484070117535,53.1009165062689,46.1983893921818,0.501377114013346,1.87196566371775,286.90741548802,2.25029733628838,289.694107394195,2453.17681783835,92.1428121829668,1.75695348235034,SMASH
0.109610571644533,0.437470408895849,-1.16171708091299,216.042222110313,-59.8202839740216,-18.1985145120555,47.1870331893481,46.3675865418109,0.623128948028044,1.24618674850953,224.908634871007,1.26668107437753,229.393213857825,2187.9488450584,74.4107817134222,0.967707673666834,SMASH
0.136625014434307,0.463549512399411,-1.50772848220331,259.061106302637,151.534235615461,65.1889798143063,48.3209586549325,44.8787672248331,0.515087149114317,1.58328447256391,307.123565444819,1.65228186874622,308.128428569625,2168.5850555555,87.1283241557803,1.29121517085089,SMASH
-0.0167447423279544,0.383712639296924,-1.89675429570181,218.218068638835,-52.2273837591626,-16.6624084804986,52.7207979256024,42.0001578958724,0.528212451991547,1.93525001852865,224.998802110503,2.01593154321547,225.34111728439,2214.28183727168,79.5136090107461,1.97825738449945,SMASH
-0.0363914707080033,0.522107742185138,-1.14552001730409,279.540973832797,6.49584908885958,-56.7281980605131,52.133974385149,37.8625357066786,0.629568779625226,1.25941928825722,285.312881871756,1.63489847506811,291.784255554432,1973.92446668877,60.1403322269021,0.998582299922338,SMASH
-0.0820512132656979,0.481258839746312,-2.07426812431294,239.499410225998,53.5047609168774,-95.3343817645531,48.388058807003,48.0636840241032,0.666906064530916,2.13094596927587,263.270528707265,2.35642233599036,263.873344872826,2325.70836903952,72.0695379916388,3.02837423843241,SMASH
-0.199489259175317,0.428745513651619,-1.551030827065,277.033689938977,68.9409535221815,-46.8858801347562,47.0780665713353,40.5559294232416,0.68377016369049,1.62151636023465,289.307459616518,2.109272865162,296.484090516821,1909.29474524974,59.312137710445,1.79784735752533,SMASH
0.00545375302290807,0.489865577742405,-1.29957664496883,276.017484113316,-103.542318156786,-70.5749843661095,47.5703364850966,45.0695664218949,0.464612516376983,1.38884753800674,303.129496426531,1.64202404089211,307.057972222298,2143.97443992695,97.00442374846,0.896189913794265,SMASH
-0.0669362555045848,0.629289565370388,-1.64155072169141,291.901742165148,1.70040055789516,22.4276129525153,49.7225606668874,38.4335205373659,0.570924383454592,1.75931082849808,292.766999957054,2.13938325951647,293.012544615822,1911.01305656124,67.3179397013492,1.76711064520549,SMASH
-0.139466088399202,0.590365182848111,-1.38881225965827,233.18424547458,93.6376815024556,-31.2127087882882,49.4006732726127,40.794880865762,0.443849586376413,1.51551355372025,253.213627051561,1.78917740479697,258.604984642972,2015.29458084467,91.9112920381847,1.01942544398768,SMASH
-0.122966023689947,0.277373356633501,-1.52176355078586,249.724821353119,22.5479727956896,22.7603177979497,53.0771751937515,39.8148499026652,0.542000802122676,1.5517154785761,251.771582080477,1.99664847504079,253.31199214014,2113.25976359668,73.4588884146433,1.3050408735051,SMASH
0.0907966933662557,0.472222048437465,-1.7550231590715,196.943986054117,-46.3198595766107,-151.604582629443,48.6917756020629,41.4083792038099,0.576508626848097,1.81970986463063,252.816954550776,1.86552710570892,259.868007497846,2016.24750823704,71.8259978245263,1.90901837752334,SMASH
0.0283077794458673,0.614080101630386,-1.47336607411921,183.644373613229,110.157546879019,-99.5817629239539,46.773862217172,38.2193054329065,0.478175873635093,1.59646587497541,236.170422790918,1.63796284328154,243.088592878875,1787.66452635478,79.9271306083123,1.21872842231374,SMASH
-0.265354255015888,0.581056528992446,-1.20522446723815,202.741589928062,-70.2956066062329,-123.46171388661,51.2741849191338,42.7828918992848,0.523390581026388,1.36404017058489,247.564980137571,1.80176171540293,252.164520126397,2193.65791061924,81.7416508981404,0.973823439224789,SMASH
0.0633646435973974,0.453914169736163,-1.3932355209258,272.612252923398,79.4760795879954,-137.442387679884,51.4419726767012,42.4774761639174,0.610362326140726,1.46668277698856,315.474717848825,1.70462494366285,317.138386355682,2185.12516819947,69.5937556283055,1.31298602558175,SMASH
-0.155361524071857,0.61686994234592,-1.79252206369185,193.50747040107,169.002967463155,-12.1481396587861,52.4552591989092,44.1021643418285,0.5404667329952,1.90205180732646,257.205601435005,2.134049800588,263.116019673065,2313.3904617835,81.5999950587618,1.95530112912014,SMASH
-0.109105646961594,0.581358718679207,-2.05621002348662,256.989730595211,104.891739477024,-10.465773921659,53.6586860712354,39.9550221685773,0.491948882271295,2.13959848164792,277.768844663497,2.53006024002571,278.101339171568,2143.93399151294,81.2176679138697,2.25208376712081,SMASH
-0.174895506957821,0.498827987478074,-1.63655295076656,194.192713115392,-7.39247549446668,-131.029521143964,44.4257874686653,43.5019537434177,0.649207988478123,1.71980329110866,234.380446992214,1.92012861733322,238.476081469185,1932.60855147679,67.0076269975791,1.92017763309059,SMASH
-0.0429669751756067,0.367546579434383,-1.54955038408155,256.762215843934,8.00538486858884,8.00218341785672,50.5932519191865,43.8470355136983,0.540538626562247,1.59312367436334,257.011588476929,1.92762140620965,266.835426707892,2218.36411365406,81.1171528580783,1.3719102999796,SMASH
-0.0866659415928579,0.319436926571056,-1.56078656986433,285.279224165626,78.7774469923821,-89.4221723614532,44.3418558487205,45.8771297195902,0.512516363913092,1.59549542530156,309.170578815353,1.88246754313777,314.495094506869,2034.27707277912,89.5133178890104,1.30466455280074,SMASH
-0.0666573495564267,0.356250208815641,-1.46681067463096,280.638827775424,-73.1146247922398,-33.9856868289484,44.1022396160081,46.6947591142087,0.572286103088085,1.51092387920186,291.991313094944,1.91725324206301,296.718222781383,2059.34345526661,81.5932402848881,1.30646677627657,SMASH
0.00107686395170284,0.487481448252475,-1.2130735197768,202.064009594209,-12.014271124614,-17.1847317067817,45.705215026661,40.6068042124314,0.468159480694491,1.30735866785285,203.14901350432,1.76725817622209,207.70547561738,1855.9427180747,86.7369329256355,0.800171951519634,SMASH
-0.0956077187100381,0.495709984607535,-1.88153301942479,254.826096222168,19.7033390674779,22.7806580781465,47.1328877172513,40.7591237544752,0.444647605603212,1.94808514390473,256.599920632706,2.02518269544644,261.676660023656,1921.09520337323,91.665920551311,1.6874535495904,SMASH
-0.16560014087684,0.534093130670951,-0.991882496871638,273.338670824166,-98.2057959306402,17.5475950737421,50.0059154227782,40.7361070588055,0.627709197439245,1.13864382775679,290.974784844261,1.53558949095901,291.22617862349,2037.04632423587,64.8963601754268,0.813831104994728,SMASH
-0.105920112847231,0.467322060549149,-1.74891119850665,197.892230886371,19.8035952061109,-57.2184339029146,44.7233888626652,41.7740101207953,0.686577927804123,1.81336685721434,206.947980436085,1.88233651891248,214.847964921928,1868.27529898524,60.8437113769288,2.25767375979434,SMASH
-0.137461283521357,0.440021739392691,-2.01044412559077,201.860334523316,-61.6912765706401,-56.3433770887574,42.5961773288308,45.1800252470532,0.499307846238542,2.06261977051709,218.46735316872,2.4176246082762,219.443453426749,1924.49636714453,90.4851287683149,2.12425545968132,SMASH
-0.12854561316952,0.474201515873753,-1.52988251834734,174.406501946633,97.6457814299979,-92.9777865948114,46.960717676338,44.8804957327094,0.67337306599624,1.60683900010763,220.447715688791,1.77743636341509,226.135231716456,2107.62028927786,66.6501696442821,1.73860317900986,SMASH
0.0958816089627257,0.660952905983424,-1.76147873960781,289.19853002489,81.7113153748013,-15.8789077837052,43.7214428716897,40.2460930699635,0.424902613958433,1.88384165389651,300.9396426881,2.2991833116412,309.875226409086,1759.61725896712,94.7181707753154,1.5079196258393,SMASH
-0.110004681792974,0.650269574585055,-1.24588557580141,293.015257261305,-26.7248754295581,-82.0377079270224,46.5795299492136,46.0133951403693,0.621816587073234,1.40967457863062,305.454326334648,1.48031569605745,313.13365916539,2143.28231700583,73.9982208559664,1.23566298882723,SMASH
-0.0359663347106658,0.502681955423571,-1.57199351211211,216.594496763779,-108.847936638233,4.18264038623664,45.5301083190361,38.1705401704806,0.430172852881553,1.65080172269826,242.442867124104,1.96035683427235,249.220637917673,1737.9088285581,88.7328225897326,1.17228397029072,SMASH
0.0191926707859871,0.166833083005227,-1.75110071507566,300.143477738518,127.7900036779,-79.2900731045443,50.4071203320433,39.6293348677833,0.567537046487665,1.75913483011832,335.713133436709,1.87282930594216,344.832112524132,1997.60065135919,69.8267457363224,1.75627480383546,SMASH
-0.145497088392123,0.372765662153026,-1.81363886626975,231.519660913092,-27.3359143666317,-37.2259299053911,50.4160801681152,43.9115142688138,0.459297235965691,1.85725861927067,236.081289942456,1.9628301038647,239.253788128464,2213.84642367985,95.605667146725,1.58430428528177,SMASH
0.0560289638495387,0.200486674100215,-1.78089648185538,288.572125945286,-1.80163395244648,-117.200330059853,46.665414697924,46.8533546089156,0.499350983459704,1.79302159227565,311.469155974744,1.85034119215265,314.112767439361,2186.43122281393,93.8283138164335,1.60537667475421,SMASH
-0.257254052944094,0.551492421690779,-1.99140806523458,218.061267419836,-12.5835743608297,-88.787212065209,49.3631822786939,50.4867754514856,0.537808562763044,2.08231352615783,235.780049450228,2.32773512703822,239.808626524442,2492.18789927518,93.8748191685276,2.33195385868624,SMASH
-0.218220793339724,0.461260933307857,-2.04712854334246,258.001238500061,151.46410838189,-132.383431147808,45.2842062314281,43.3436971981438,0.690507770550615,2.10976710473201,327.156519173855,2.44388371390207,331.515943339709,1962.78492275331,62.7706685949568,3.07353103923428,SMASH
0.04874520971549,0.356901706913756,-1.40036593842211,198.706880477513,-29.2422009385386,-58.7949379453442,54.4535339485355,41.9900917529647,0.738058511874202,1.44595286415602,209.275835663918,1.85582209426423,215.862220744202,2286.50888677218,56.8925555153899,1.54311774323435,SMASH
-0.22614058577974,0.306260276807443,-2.03443871707074,255.527560866889,166.446850268362,-27.0371306405744,51.3097705353301,42.530098965542,0.434152371373457,2.06975259758344,306.153384368221,2.37671419029304,314.803343962213,2182.20961876684,97.9610012724233,1.85985484383996,SMASH
-0.138434898219442,0.490137849331842,-1.37250025929581,207.106160706545,95.5117518673304,10.1535634331909,48.944198870173,45.9843188679504,0.680026307003716,1.46395228547919,228.294878168048,1.83281583305603,237.675757591033,2250.66564758241,67.6212828431301,1.45740266004922,SMASH
-0.105976712611732,0.536180493446155,-1.84962131746343,189.691652118139,149.65174516101,57.0673773972538,45.1615425827141,42.4019671848915,0.52302081262141,1.92868338593542,248.264482510176,2.27773456805417,256.330438058243,1914.93824661132,81.0711258338746,1.94554307166198,SMASH
-0.125883191617956,0.504062910183828,-1.5164761748589,225.874057372823,26.3974956470284,-75.0764078974142,47.3022852874794,40.4390436874475,0.726008200024892,1.6030052976424,239.483578963726,1.66838879547053,246.884082895489,1912.85918125649,55.7004562560103,1.86556953557677,SMASH
-0.0220474512558764,0.601008599984866,-1.89892700794054,247.798392012546,96.07227412436,-102.929488926344,45.3530272746861,47.9831998675367,0.6363481050191,1.991888854542,285.005972972616,2.36127150646635,291.893230505945,2176.18337231911,75.4038930660498,2.52478823768443,SMASH
0.102468145889842,0.597950848699056,-1.6415134215067,240.459795109053,172.34196051295,-58.4727232400242,47.7880918487876,48.0732163142136,0.588996301742211,1.75003178581666,301.565455217337,1.82295992731035,310.157627377015,2297.32727669027,81.618737763342,1.80386670073022,SMASH
-0.0172151683478958,0.518771098003475,-1.41664127440242,252.980934487096,-59.560035113412,5.1775714925178,45.7028031893966,46.2882210636324,0.664673519379187,1.50873865015963,259.949145494336,1.99138611954758,265.077020543907,2115.50145725847,69.6404325937845,1.51299122380486,SMASH
0.11368231658531,0.529721971658328,-1.64221023213801,253.614821639161,-51.4808122411098,-182.497273055662,47.1798860760356,41.3626547979156,0.596275526680651,1.72927252996761,316.663869831752,2.00411602406673,316.751442444861,1951.48534116804,69.3682426644781,1.78309248624366,SMASH
-0.180424932954086,0.52039899801119,-1.88818946952635,296.625645973585,102.209347261637,-12.2635806770224,50.5568750464697,44.2877064775348,0.624243603487039,1.96688274851165,313.980763627197,2.0389130531136,321.293009529891,2239.04804247945,70.9460782362283,2.41496612495815,SMASH
-0.11416566918103,0.326460601207893,-1.51659836270128,299.979920678237,-7.90351863357383,-85.7039018624989,50.1624073351199,47.4208752468265,0.681663462712271,1.55553235836121,312.082644841666,2.05500429306805,316.947699926501,2378.74526031921,69.56630107743,1.6494080731605,SMASH
-0.152679731447214,0.283415211267658,-1.67612812118987,210.206713526201,-90.9670262589051,48.8324985197023,51.4340466655458,39.7655685737005,0.612004586345058,1.70676324105488,234.193243261951,1.8106387959239,236.779780768263,2045.30410970168,64.9758261377701,1.78279430595198,SMASH
0.118323748061946,0.437980595930061,-1.77850757629771,243.168459154145,31.4536653102373,-44.9759364576813,49.723088330548,42.4178146368632,0.661324710979699,1.83546089871592,249.285112770688,2.0539253495487,253.911273092855,2109.14474397756,64.1405799481541,2.2279478700283,SMASH
-0.102390650646129,0.494415007649714,-1.87855292439358,209.192643825861,-63.8528231071782,-72.0891273910114,48.9329824192192,37.7388147473267,0.545329166639469,1.94522264403762,230.294566886862,2.36787359040995,238.046051950859,1846.67275855311,69.2036073850225,2.06346619923678,SMASH
0.135977506341166,0.283035227930261,-1.09206561277486,296.95391189054,149.25096180234,-54.9589630939631,51.4864031223861,41.4385876760919,0.601461223243046,1.13631251206947,336.864903203616,1.2087043669404,340.503430355012,2133.52382991361,68.8964095744163,0.776610415452917,SMASH
0.315754258456817,0.458968697692352,-1.7926273292208,220.289928990605,-49.4615750540875,57.2378835008601,49.7828536378929,45.1233581329241,0.486494749473209,1.87719624937414,232.916885453105,2.35990543633434,233.76077971231,2246.36953358159,92.7518034469673,1.71434218943862,SMASH
-0.0925802880950388,0.429961734111421,-1.44627376890608,220.272096048089,76.1153631122888,31.7860765821902,45.4041714256569,44.238610212118,0.665680260135952,1.51166994319847,235.209905113758,1.85747782129607,240.710398518057,2008.61744170382,66.4561447968103,1.52117659515814,SMASH
0.125314299232355,0.261460572001938,-1.35015390657739,261.330580817668,14.3283873810973,33.0544813188125,53.7270009620092,42.6352733921767,0.588196368562791,1.38093478330798,263.80214913965,1.75470658007379,273.218177848214,2290.665374557,72.4846381009018,1.12167922603476,SMASH
0.0153495104080352,0.590466339398395,-1.56458210262764,214.665776865451,14.5946239242193,3.74891321647558,43.7332570595979,45.7298229587703,0.494541191112882,1.67236457188468,215.193989588561,2.16616233128685,216.963224483771,1999.9141027458,92.4690022015377,1.38313441614924,SMASH
-0.0440468786929628,0.387732590545188,-1.61206675175128,219.580044445401,-55.861397867928,-9.75806317747453,51.6403615639245,37.8411649224104,0.416104398718493,1.65862470179224,226.784284039655,1.80168150226993,229.105112053545,1954.13143859337,90.9412976590843,1.14471813960312,SMASH
0.0500952941015208,0.48485654891108,-1.62839418903282,208.525050760866,74.296877763092,18.0271348239479,51.5920785606916,44.1785411710933,0.634414709827945,1.69978323511821,222.098402583464,2.1859489011758,229.669643637062,2279.2627667958,69.636581324688,1.83299097719144,SMASH
-0.0797779777366513,0.585732602071663,-1.26036926064658,288.411839886919,-93.635217819544,50.3755442569355,51.9448130395483,41.7640959724221,0.5828573651683,1.39211273970329,307.386790318409,1.52106079795017,313.0729489304,2169.42815705321,71.6539359615483,1.12956468091701,SMASH
0.0683947963586553,0.440834682386748,-1.92571979557898,184.469373890786,76.7212453982525,-72.1422767374201,53.3831743188078,45.6949368758612,0.581387901558076,1.9767169237017,212.413764836406,2.00469400826151,220.104484104715,2439.34078073102,78.5961630044922,2.27172078208479,SMASH
-0.122725972347742,0.444482521851094,-1.83406627765896,208.989906839451,103.309733156673,-5.16956236772167,49.1612932861299,48.3375253713374,0.423339400739404,1.89114396262304,233.187492161864,2.28395647733489,237.729289358059,2376.33526150606,114.181224581711,1.51404182261048,SMASH
0.096312273878499,0.453550267437493,-1.8797959638746,200.841869401584,-5.40218470550602,40.7105025564899,52.9818055967776,39.5042623049281,0.794146927173122,1.93613449041938,204.99752467461,2.26381160414071,213.525218833254,2093.00714568381,49.7442113153263,2.97695248506766,SMASH
-0.124484861591591,0.540040049454975,-1.44236480923764,272.122539645745,126.915197730625,-16.6175256712941,44.6404974853255,47.3596832031859,0.660889996964769,1.54517182821457,300.722939194352,1.84318833623019,301.513665023121,2114.15981893763,71.6603546132292,1.57791186352151,SMASH
0.0955690786308878,0.309940024675175,-1.9898364180945,232.056578870971,-76.4500476045691,-103.596116257146,50.2704419067536,45.1277480586789,0.667436551242931,2.01609653500549,265.380897729291,2.0213194256704,274.88739908644,2268.59183716643,67.6134388522792,2.7128927999845,SMASH
-0.238070071428118,0.400818992995954,-1.71849392282346,317.5962414389,-79.893457627909,-101.776389287605,46.5478886257989,48.6012029999914,0.488577974083177,1.78060511816552,342.941351493634,2.19526065712892,344.922168009261,2262.28338432344,99.4746102023568,1.54906313675706,SMASH
-0.150865334762935,0.407859809706216,-1.11534636694704,174.844502999078,-2.84285058855309,53.6749704469679,47.7262479388252,41.0182281108388,0.693428733409147,1.19712467682723,182.91988541694,1.54830381145029,189.022867768128,1957.64612482918,59.1526814248051,0.993757912925668,SMASH
-0.186647688473146,0.53841892034842,-1.35173940944632,253.346416078327,-34.1419631121906,-38.7971720954047,49.5205621985197,40.8340125005892,0.547534353634627,1.46694639453928,258.563920042003,1.84807219307209,261.154776937012,2022.12325585056,74.5778555293763,1.17825654581357,SMASH
0.0593607924795948,0.428663509036114,-1.15213605042938,220.084826238902,80.3439900773045,-35.9419418174066,46.5475491208586,39.4558422968728,0.587510706581031,1.23072888418285,237.03229877752,1.4276909693163,242.526348950316,1836.57275741854,67.1575423177223,0.889898699177271,SMASH
-0.0154025607674431,0.378232105368163,-1.9580633994401,195.071660555926,124.229708991998,-44.1450381860311,48.9442152609295,43.4860674242266,0.515709965397741,1.99431919226495,235.445870094867,2.25915532437701,240.934531352503,2128.39144486264,84.3225572888257,2.05113790772269,SMASH
0.0101687576736529,0.582379611156888,-1.47733279777007,209.566017133781,83.1891810245991,-28.5983554395395,43.9379993010777,44.5293950687447,0.543885984904091,1.58801184204999,227.280050401934,1.70872081442539,233.634684910736,1956.53252940792,81.8725145198999,1.37156167493493,SMASH
0.124330514883408,0.366906222875225,-1.27638064121762,179.872438671177,104.522219541857,-55.3531905605156,51.5503886740273,43.371746882112,0.705117355963914,1.3338762291123,215.27416072697,1.59418391798742,223.442867909455,2235.83040924441,61.5098820152282,1.25456298794469,SMASH
0.0622786736569041,0.544709024316347,-1.95482391321103,195.522302701555,-63.5115303835609,26.947580050435,49.373888635665,43.5143395084401,0.561970016677982,2.03025197599357,207.33754463665,2.0927788652779,211.400105529922,2148.47215294424,77.4316436560545,2.31639718539928,SMASH
0.0129460116792227,0.674193899171962,-1.44879188603712,237.958005432783,45.1125034262596,-43.5976428692938,44.9257920195847,44.4763912035642,0.526064957536916,1.59803095775586,246.089221175352,1.61022366156069,248.147878573558,1998.13710099301,84.5452752955282,1.34341362971677,SMASH
0.0209374444840551,0.472706141223818,-1.3730673630317,246.135718366765,20.6931854331018,51.987428640224,47.6768096412252,50.8400138618241,0.478978128946809,1.45230969698445,252.415713686598,1.93204012559507,261.393161775869,2423.88966304744,106.142440848336,1.0102623249015,SMASH
0.0206980788824704,0.438799874031698,-1.61063982147984,225.751611385825,-9.47449301590786,-25.7938027720209,43.0216544924697,41.5724711189713,0.606061805069461,1.6694712859035,227.417845215909,1.73721582211531,229.478535977561,1788.51648887856,68.5943284610688,1.68917568995412,SMASH
-0.196051110232222,0.628513424010225,-1.75911379968321,206.135351630085,10.4742384283008,-112.944884412817,49.4387721474304,45.8242833440481,0.581213224321982,1.87828286533745,235.282893082639,2.34598120085835,242.531252558045,2265.49630306569,78.8423294311226,2.05048917341515,SMASH
0.00856289814076027,0.337543644997536,-1.92848221576792,250.246497919039,141.37569186686,-133.528250565847,49.1600371740112,44.8478723793775,0.642558083784552,1.95781835011217,316.923002747911,2.29780501987819,323.381760546438,2204.72307334551,69.7957176408307,2.46295899283984,SMASH
-0.113683140512466,0.264903321582507,-1.44431914863254,289.38964231319,-59.8794484990376,36.3700854010606,49.2660308033757,47.1501770953232,0.565178025711466,1.47280529240251,297.749385461642,1.8411838327127,303.113852500429,2322.90207716281,83.4252067934917,1.22595898300939,SMASH
-0.149345816104567,0.476683208066699,-1.45085678838028,271.425730818667,-60.3393344919439,23.8335371126164,48.9576891513098,44.1330830214181,0.456975450375514,1.53444337596076,279.071317280505,2.02189064063695,282.265277988511,2160.65375985154,96.5762743028714,1.07595622613635,SMASH
0.00553630303858664,0.527041741663518,-1.7810707287293,152.314309780963,-68.7240142776474,90.6286496658577,51.1482488726629,40.9459328033675,0.660446811775544,1.85742202766183,190.095216254229,1.96688912868926,194.570578896846,2094.31276134997,61.9972268411166,2.27855245667434,SMASH
0.0603605916973594,0.320988649902913,-1.64754911478162,198.040440917696,46.3691730194588,-147.43123238118,52.117364874183,41.4154022197821,0.618278388724491,1.67961162177875,251.209244907144,1.85859169363891,252.149550683469,2158.46162889943,66.9849310442355,1.7442221947032,SMASH
0.113318138542013,0.456910130141321,-1.5800587078765,235.312401803191,125.358655245266,10.4634005046616,48.0412113533682,41.6442178561952,0.733706444096036,1.64869444952202,266.826163704778,1.80226091408838,273.959476890498,2000.63867167518,56.7586143377664,1.99435600499026,SMASH
0.0868714097406161,0.592897107232245,-1.74844309405386,219.537934524005,-5.09999433173526,-71.3106114467173,45.7925203928384,39.2561201547974,0.660603278171108,1.84827673110369,230.88550829828,1.98109861698622,235.951214677701,1797.63668273227,59.4245624074348,2.25670461210122,SMASH
-0.187231287591704,0.42535390692057,-1.5507423588467,240.411464857045,71.9835315613169,48.186177424711,52.0056271508197,44.4839104727395,0.491164917224514,1.61888336970495,255.541012257436,1.93596512581742,263.820376180372,2313.41366225573,90.5679912077567,1.28723684438983,SMASH
-0.300786616056928,0.186190989602555,-1.39074062979466,220.204915464947,67.5256319701428,-84.6490153183814,49.6236703911289,41.9263671761258,0.708000547970995,1.43502584379857,245.388205833661,1.59441612296345,250.361244363666,2080.54022544551,59.2179032606344,1.45798494247403,SMASH
-0.0567778490841739,0.390992569619403,-1.26257591006917,264.118963148215,26.0898948340218,-24.3730037974179,49.2584249705602,43.3930260916092,0.676870138008134,1.32295005284826,266.521204824396,1.57215513742367,270.790580446263,2137.47211997909,64.1082528933117,1.18465597821013,SMASH
-0.0481239949977469,0.565495702392287,-1.48506440070426,204.316750568221,138.738379659295,-77.9593633829143,47.0361956394142,44.6973941321442,0.578820844024505,1.58981683931131,258.981340818818,1.68555972914707,265.413810784125,2102.39537497154,77.2213325975512,1.46297986042288,SMASH
-0.156125925835756,0.453718271484102,-1.26928727144197,196.716596969515,-19.6306351916595,-98.2137850999604,47.0040144239996,36.7130163262938,0.51136116251582,1.3569545873172,220.745846948376,1.46073120823832,226.681870107635,1725.65914894965,71.794549963712,0.941582477134099,SMASH
-0.153077470228435,0.275173200932256,-1.93174400331769,176.575946585665,5.13799859195494,-40.8514012845022,52.6947511902987,44.7354966852436,0.722361107965666,1.95723986694444,181.312715850439,2.37343365639312,185.93734921887,2357.32586720335,61.9294619581152,2.76721218948263,SMASH
-0.0934832265932254,0.264080425582792,-1.74999684793865,288.332222882979,89.8026922935034,-23.6434281434755,44.3294028241525,50.2855408633708,0.669908747755873,1.77227722228366,302.917490399906,1.83612340322567,307.339801375056,2229.12799716274,75.0631574354935,2.10416097001241,SMASH
-0.169607338926993,0.410520465214134,-2.11289557228847,252.862740860031,137.446059544942,-42.8917518247898,50.6584596774729,41.1647849235088,0.716074188117412,2.15907883162559,290.982280172313,2.51539533958228,300.900620984317,2085.34459717941,57.4866796205193,3.33806676015623,SMASH
-0.106098331495501,0.281653654154242,-1.56852839164325,210.538571876208,-12.6179938053657,-31.9456570676967,46.9592906784089,44.8883830625709,0.677531383580961,1.59714337247334,213.321890627363,2.09677520676368,218.761050243195,2107.92662831903,66.2527491679768,1.72829241547908,SMASH
0.154623162867235,0.437623713536487,-1.33245125865797,257.155832276026,0.931090054904502,-40.8512498397973,52.3920408431235,46.7830822910483,0.762308800136301,1.41097455464077,260.382053175213,1.56927715700344,265.48423737601,2451.06115815981,61.3701703463388,1.51764186021134,SMASH
-0.13953815907655,0.3185170016506,-1.30606908322526,194.857840014599,125.54797085682,7.97181082062009,51.2345327839577,47.4473737764274,0.618535545140656,1.35156961653325,231.938398220691,1.46642856477379,239.446881697616,2430.94402726106,76.7090871981344,1.12990388667118,SMASH
0.0146269524328542,0.328242443732947,-1.80243945442128,172.660789131522,-25.6557658634528,33.0514050800599,51.8751662409308,43.1194619838646,0.513975069974271,1.83214219875526,177.657991104612,2.033720399628,182.941307490939,2236.82925863247,83.8939096639716,1.72528326500018,SMASH
0.0852132287995836,0.318045032488256,-1.70307449530196,201.327908114988,98.0122486604371,12.7856921117346,48.4806672872269,43.064856200047,0.709483383968594,1.73461138979338,224.282860237265,2.21559591808162,231.084770153764,2087.81296520675,60.698807716046,2.13474800433056,SMASH
-0.13335779399976,0.473673134341533,-1.99122960173609,199.710191312669,18.0128646035111,-32.4026786656547,50.6006551999377,41.952163197161,0.497683101920149,2.05113282511091,203.122025861493,2.06678609759858,208.517605205154,2122.80694483106,84.2947625517925,2.09382540494457,SMASH
-0.0236330530911768,0.610477340824474,-1.48835787981029,224.614602898196,-53.0083217426181,-20.9863233131297,48.4112520615584,38.9751041644554,0.634803212115342,1.60886614833301,231.736979731951,2.05787694953723,239.153892074206,1886.83359183095,61.3970471849574,1.64315655420917,SMASH
0.114667147507236,0.304014967621915,-1.66740697817078,190.065316071263,111.205025872282,-28.7284222850703,46.4700100990341,43.8987979134661,0.589277533818505,1.69877005098048,222.073646341734,1.8833791812303,229.794783578294,2039.97758237423,74.4958375269558,1.70054870767474,SMASH
-0.0371097317637314,0.52603254935524,-1.93764361899425,282.268882696334,-44.6051098447799,-51.3584206505439,49.3608436827727,37.4367954236084,0.405598044074674,2.00812105446905,290.349832675378,2.08906544542113,296.20269179731,1847.91180688867,92.3000090126347,1.6355944613424,SMASH
-0.267464016381605,0.544981779693463,-1.47318994555806,270.866726669198,87.1676999250649,-82.5423039248959,45.5705330586886,46.4548791920707,0.377407745538442,1.59337087834258,296.277274632973,1.87641191338932,305.965611308982,2116.97360795964,123.089037393117,0.958174391906821,SMASH
0.0525658712161133,0.301795820809982,-1.35385361083158,227.655376047077,89.2603057116385,-33.2909279542305,55.1167404072315,46.0127556603395,0.519827193376306,1.38807906397178,246.784639519815,1.6160146157423,256.048777594865,2536.07310915231,88.5153138029792,1.00158405618214,SMASH
-0.345390563180103,0.354718128354189,-1.31271912253136,181.649517676184,98.4631339466766,4.7600029231667,48.8185367894687,38.254094697601,0.547141796637795,1.40297936063809,206.674124278827,1.4577589418904,216.260071489764,1867.50892934265,69.9161077010851,1.07696714981398,SMASH
-0.182254253786593,0.220401612580501,-1.81223462382523,266.508239763372,26.0590695113671,-2.03452853891355,52.6312952798038,45.2436260413378,0.702056315834828,1.83466286157495,267.786960608513,2.1022023728918,277.752920041468,2381.23064171067,64.4443480907793,2.3631130049948,SMASH
-0.145472250820595,0.523836510193102,-1.95967208524466,260.459821442746,118.010541700247,-57.0924857647017,49.4616630651013,47.8040234078408,0.669791538382519,2.03368668846931,291.591080914978,2.49430111027353,294.801217326976,2364.46649895484,71.3713884052556,2.7701784638374,SMASH
-0.104950998714323,0.467206566461299,-1.52270297606247,213.304991918886,-101.575074726965,42.2144410867034,49.4061496339403,36.2080683664554,0.450535305591709,1.59622086228228,239.997030022388,1.91711218598582,246.458955125208,1788.90124366904,80.3665940282033,1.14792838491392,SMASH
0.130915754146771,0.306701957851212,-1.19711058324379,236.856135185726,74.2263059044496,42.8401637145523,54.2320961339299,43.7748133031311,0.533234570481665,1.24269013601455,251.884205321472,1.445914863074,260.067758476456,2373.99988330024,82.0928229967663,0.823462828836689,SMASH
-0.111501469290381,0.518341399489766,-1.18423630179581,284.318716557715,-25.8569236889897,-34.5605495310098,48.3440560061323,38.5538220964489,0.503511575465625,1.29750761175799,287.576328427028,1.4096141856789,296.678276045271,1863.84813468119,76.5697302809094,0.84767482989133,SMASH
-0.124027119225452,0.402733332258493,-1.6949363797433,183.606225198789,44.4847884845558,-70.0766994980697,47.2794260832769,41.6145062205081,0.656872416780061,1.74653548334773,201.496615730406,1.79110825507702,207.426447426051,1967.50997084458,63.3523981294584,2.00371455175464,SMASH
0.168404852176288,0.428584418770365,-1.26156848432454,235.273345433141,-87.5244687209746,-23.9621904090325,48.3985439702081,44.4727508805543,0.586667661956915,1.34298169715383,252.16713954318,1.38674939329598,254.430770688681,2152.41638896862,75.8055675450761,1.05811370058757,SMASH
-0.0960101540000617,0.594478456526119,-1.61404273555607,222.938983114943,27.9849345216335,-53.0518177380318,54.6181536248088,43.4056356054903,0.688910551350292,1.72271777640625,230.866719381149,1.74028380062775,234.939761307933,2370.73567368314,63.0061079980639,2.04451879227875,SMASH
-0.0292986883334333,0.396237618084734,-1.4464059227426,177.162898760025,21.7782588857464,-0.310517497274384,52.2233194925842,43.7371839025082,0.716589576375915,1.49998425207346,178.496727360099,1.71772353872538,181.688944426624,2284.1009286466,61.0351089512015,1.61229269262351,SMASH
0.0462960844736968,0.440582539408156,-1.86786288265183,233.961448877632,123.000559127642,-31.7447866356299,47.3502811899721,44.9188306092875,0.741827965500395,1.9196791528423,266.22326830158,2.22061094524617,276.08076470675,2126.91926007449,60.5514649579473,2.73376071695273,SMASH
-0.0109930479660866,0.38242393279967,-1.49102988243141,213.027877055588,61.4115253575651,-62.2230934095481,43.432744354318,45.3625610202375,0.444058428659358,1.53933070578904,230.269331876841,1.64531558285456,232.345924420612,1970.22051604912,102.154257048859,1.05221377466087,SMASH
-0.0706218081880942,0.389761086225526,-1.67325956284175,253.543836710744,33.2719224027688,-57.564939262064,47.8792223768591,45.2834673064166,0.457928022774885,1.7195053674731,262.116806379571,1.93847001903579,262.431653090011,2168.13720115915,98.8875241669878,1.35395519364756,SMASH
-0.0114927291323332,0.563969558945602,-1.77948160460349,181.875151859094,-95.0605120292739,-39.2717971818501,51.5102175364453,48.7120446645528,0.689704627791076,1.86674811567132,208.943403497044,2.34276493634205,213.355201323742,2509.16801731616,70.627297649525,2.40344718601001,SMASH
-0.101147432962633,0.574117062104485,-1.77253813529885,245.586021675863,33.2758742617561,-40.4936115213789,45.3085276965814,41.2691499905856,0.507937232705467,1.86594015050942,251.116527581333,2.32795891891804,257.637216173203,1869.84442536282,81.2483631538638,1.7685016448654,SMASH
-0.154153962517933,0.293671022273626,-1.52421168354793,218.326011023432,50.4111390804172,-94.1967331204756,49.4443010560895,47.3593135668355,0.513838527365688,1.55988056265447,243.064918413495,2.04449292375226,248.626534333791,2341.64815780836,92.1675173757721,1.2502859684168,SMASH
0.066681598186712,0.279066204821147,-1.9956046412902,276.270403031791,-64.0264336527996,-37.0330635508947,57.1331697414475,45.4128890834565,0.606111521449578,2.0161255582302,286.00029299567,2.24115875255611,290.478428943401,2594.58230045465,74.924848895791,2.46369924170886,SMASH
-0.1454253512676,0.264534606709361,-1.97270921401962,227.28048718269,-51.4997323926242,29.5291588828758,49.8788008971189,45.8772151706716,0.71470659528942,1.99567250169362,234.905541686106,2.30920323779595,243.978969756418,2288.30048121221,64.190188369404,2.84646819931807,SMASH
-0.0433704438906322,0.34460672206512,-1.25173833271918,270.850155964903,53.1349455712275,-78.8202790499342,49.0844460608298,42.2665971564451,0.624002741181928,1.2990318094236,287.046626554954,1.49102062669296,293.274145642883,2074.63250830035,67.7345252392042,1.05299441824173,SMASH
-0.259946515229145,0.523700422216124,-1.24588128445071,208.88402499342,17.4322201976655,-118.774980327378,51.53793019598,40.9454813936082,0.659643748739612,1.37624652513773,240.923046116889,1.69863853090663,245.829136017889,2110.24536190458,62.0720190251541,1.24940120934728,SMASH
-0.297825960878106,0.406707559371621,-1.74857194667427,236.754589074807,126.468466905686,-68.1143380825748,52.0144948168385,39.9731164561158,0.427333373375995,1.81978438132633,276.923403889745,1.84734518343977,285.460800127638,2079.18145871952,93.5406064818122,1.41516369239711,SMASH
0.126695285883724,0.48078228641506,-1.3213826268885,293.368290411416,-0.428908880119487,-147.943258078386,46.6081823909335,44.300177729777,0.469299671546149,1.41182695435326,328.561022327044,1.70650636823032,337.860083595908,2064.75076358022,94.3961524364038,0.935434080611323,SMASH
-0.274058546872707,0.725210580257874,-1.75482805030986,277.945888181271,-55.732671687895,41.6392427198115,48.156466181645,44.0559003427302,0.519851105679309,1.91845249067738,286.520285467932,2.34534555864508,290.732000690324,2121.57647495661,84.7469883480817,1.91329117908743,SMASH
-0.165772407017507,0.299462667963573,-1.53412902902044,298.346743499864,-56.3840605653238,-102.535051919236,45.9501930177363,43.9204113248109,0.491576068461996,1.57184931151667,320.473678349546,1.79204483923478,321.197170526632,2018.15137779343,89.3459319862607,1.21454203499311,SMASH
-0.0544137219897067,0.458929611171545,-1.44000178247975,262.272833411978,-2.36823810485905,-21.2124843866033,43.4576211622494,38.6354097325917,0.655252214755637,1.51234333889355,263.139919418397,1.92214052508608,271.178958671242,1679.00299960725,58.9625641852058,1.49868131656941,SMASH
-0.155854409809181,0.484924225134112,-1.85227623329546,295.395017142572,-93.6246618099015,-1.50105792483122,47.0608706595978,47.5282742727247,0.644259216825876,1.92103340564659,309.880697408814,1.98998194510526,313.049975653925,2236.72196822259,73.7718596173542,2.377554464401,SMASH
0.130835942603085,0.457972650191287,-1.53399096245133,215.826816361456,-36.0159198454572,-17.3052959540283,51.4860215739152,45.4680535557547,0.523678666762293,1.60623325363486,219.494497450602,1.76378578752715,226.701121802084,2340.96918629552,86.8241721830941,1.35108324388473,SMASH
-0.0626777468967487,0.354328368660117,-1.55645871450046,300.182312122764,33.7457878675529,-54.1763461616377,48.2677237960382,44.6641533313807,0.556248985519106,1.59751082085156,306.892937673052,1.8394025399835,316.461000220659,2155.83701658298,80.2951092029226,1.41957011865126,SMASH
0.0349757511945736,0.707349240376059,-1.25520592964017,276.907509760263,37.5748105931402,-84.9272535311669,50.5863898938139,37.5949092120811,0.40819011571456,1.4412176021809,292.065529881716,1.73084040613991,300.423592364734,1901.79073542487,92.1012431793604,0.847855027054371,SMASH
-0.292839642009827,0.466963337142751,-1.79976666413487,202.875561651289,-10.8611877823941,-75.6150643490425,46.4821768296776,42.4703319293075,0.572914650355574,1.88227783801943,216.781218909481,2.27596414912696,219.533121694431,1974.11347875318,74.1301654143132,2.02981933827526,SMASH
-0.181167698964203,0.619038890842451,-1.41767190336575,256.104568339416,9.53927095393118,23.3904569463655,51.3047946700547,46.6798658111456,0.648224854731119,1.55750586166348,257.347354932611,1.67752257527738,258.475883389901,2394.90093066653,72.0117308966459,1.57247974002497,SMASH
-0.0978865136313955,0.352894049616489,-1.6278838748292,266.184692586245,30.7074234260739,-146.073288577093,51.2142345779283,42.822335050351,0.502925550900143,1.66856881480344,305.179688145244,2.14342807505966,310.008412826455,2193.11311244332,85.1463001380761,1.4002060351679,SMASH
-0.0158339859730202,0.579177664689012,-1.18233647320963,268.813521402373,-77.0177931854091,-62.0617919829224,46.4666032678988,36.6440846094672,0.397799313815212,1.31666890988896,286.433440401127,1.78608534734733,292.434013830105,1702.72614166343,92.1167815530919,0.689631660285461,SMASH
0.105773724475453,0.515642574253787,-1.66661633126185,256.176324477892,-79.008317361452,65.6276649283877,51.0800454166333,43.6807943305697,0.560282174229793,1.74776581406125,275.999300432524,2.08744341769911,285.990315533719,2231.21695824012,77.9619955402311,1.71148574433197,SMASH
-0.121548760719228,0.372202659883033,-1.99818187752427,264.516349579976,85.1945640225999,-60.0129626632612,46.8349379008961,39.9259773405834,0.558646714886274,2.0361826384003,284.303655660175,2.27745759367796,289.575730813571,1869.93066937881,71.4689710110266,2.31617147881989,SMASH
0.123117930737347,0.629965528341056,-1.72628457283471,233.89139875113,-21.0482173417901,36.0916948629776,48.1120661796363,38.7371100075243,0.519210084958688,1.84175813237629,237.593822102154,2.30120951302892,246.947006340536,1863.72240028986,74.6076328678663,1.7611985199523,SMASH
-0.116440411601336,0.437436836438162,-1.56937774180038,203.869189612498,-16.1099616170934,-65.3342443377542,45.896573048469,43.3935011994862,0.644454176793748,1.63335723336488,214.68754230217,2.07681348813135,216.355067840587,1991.61299763105,67.3336218903148,1.71931084676673,SMASH
0.0311365443629247,0.526868391192863,-1.89657072843671,291.087669587617,76.3886225562868,5.21410653042265,52.1035477643672,37.0081854802442,0.62763361720978,1.96863920361146,300.989102707901,2.34016192829328,302.331123742579,1928.25775984247,58.9645383882237,2.43241938591561,SMASH
0.117123935086298,0.521232889566459,-1.85941808373108,296.491217027074,-37.4450514813875,-22.3802959656373,49.6016340502719,45.6252960901463,0.457872880508569,1.93464140125297,299.683251621022,2.20629199859547,303.446569734222,2263.08924009874,99.6459899382544,1.71374371937984,SMASH
0.0927702921988372,0.688487503073975,-1.78525453463893,300.386211397882,175.390803595825,-60.6688247238864,50.464422444699,43.6163616039402,0.550375639710962,1.915660492481,353.092787065015,1.97986673676434,353.845872917379,2201.07449748199,79.2482065133541,2.0197438231024,SMASH
0.0464089865146917,0.383996110729774,-1.40751090979747,231.827071246997,113.391158967417,-60.7109057332291,53.0272801604275,43.7957640876799,0.641382290516586,1.4596896136795,265.11725702014,1.80709321013573,269.234973206041,2322.37025211739,68.2832944593953,1.36658924949129,SMASH
-0.187218977773978,0.516044628408407,-1.61420194641355,252.560952835831,55.7428527215607,-93.8320986205086,43.9167122146525,47.059974760367,0.710097116318111,1.70499294073412,275.134082327888,1.97679274214856,283.80142795278,2066.71936837985,66.2724962634389,2.06425297607364,SMASH
-0.0653723375220798,0.407282554389758,-1.98033346708134,208.400493957947,135.138364838731,-9.84566707735179,50.1884161859815,40.0864792960549,0.55518080651485,2.02283792293543,248.576106441066,2.29910511754461,256.164764200292,2011.87690634114,72.2042380093424,2.27172949801228,SMASH
-0.0271842565311199,0.501525815474248,-1.3380304810886,220.135357010459,14.9256174509547,-5.58751120205765,48.2403294124143,48.1342141236883,0.677464819397627,1.42919302255239,220.711507955175,1.82187789372607,221.884588167493,2322.01034533441,71.0503950833817,1.38378469170374,SMASH
0.132272182923723,0.698203630989106,-1.7978859101972,209.644867152254,121.320629255629,49.1320112406044,50.4370926913856,40.7858492863505,0.482752917554742,1.93322993634678,247.151006339879,2.42805920190169,253.775339998737,2057.11966095254,84.4857965999324,1.80423012712648,SMASH
-0.0190072273081486,0.453574539288033,-1.74356816534286,276.707413051043,33.2826696589424,-34.0028175834531,47.1264956322371,37.7076898953431,0.731973023188513,1.80169949896684,280.76844577096,2.22201576864422,289.805732193181,1777.03128315464,51.5150657001278,2.37607306391406,SMASH
-0.0479365368788288,0.441424962233648,-1.66381939287371,249.204308339282,110.862086753477,7.58384094776001,48.0430600209473,42.5626833123901,0.645220216120936,1.72204787417584,272.856563449949,2.06421993565325,281.471009206297,2044.84154902973,65.9660318801613,1.91336756786443,SMASH
-0.294675869685865,0.342158398925438,-1.51085326895137,218.127442390363,-4.34523937323546,61.6507185349742,51.8501408991551,44.6721344780172,0.529614613405175,1.57689056006794,226.714078356088,2.00985782816761,233.142322760851,2316.25646695119,84.3482203834527,1.31693113829038,SMASH
-0.0689439901941723,0.271648758341085,-1.84430780105445,259.216959133053,-69.8995431769847,-80.276783529555,47.3508715799681,44.3999386177397,0.669274241189823,1.8654805243482,280.220877188673,2.35836956197688,287.851062815142,2102.37579164706,66.3403273947598,2.3290861296809,SMASH
0.156728819744064,0.449109111696962,-1.82316493088682,222.521124113962,59.5779149754736,69.2359004683388,50.3281828267417,46.1180972922854,0.464470355040792,1.88419565925706,240.538538582548,2.22952314162836,249.782000340219,2321.0400321476,99.2915855666385,1.64895953432265,SMASH
-0.108921927624881,0.347080709033361,-1.81741588313243,271.153432232837,-39.5473456771719,-85.2965730921611,50.5154813232494,50.2029510173947,0.498097372125339,1.85346418826009,286.990734594383,1.8984474991754,296.030090907139,2536.02623449121,100.789229250406,1.71112859492137,SMASH
-0.0758740327721989,0.501995854202239,-1.2724396692438,241.001937490892,-93.7791175938404,19.3417493377931,51.643051843312,45.5077369916074,0.727679377433735,1.369985189099,259.327129391603,1.48765024150339,268.875618545408,2350.15842072939,62.5380845806186,1.36575189307602,SMASH
-0.0982471903056674,0.368145244011517,-1.87701319660376,293.013906785071,30.1169347328134,-19.6797239982636,47.3751806473534,46.355966095887,0.621229453655105,1.91529683634572,295.214279572989,1.94081031058044,300.363759736695,2196.12226787524,74.6195970000256,2.27889450324975,SMASH
0.023086332408508,0.485976704371965,-1.51853884919357,220.700093243428,125.920496603264,-75.8646294709014,51.7543468601704,44.5746468668929,0.592877852381643,1.59457410378021,265.179080297122,1.66215829970104,270.35300478004,2306.93173511878,75.1833982403537,1.50749069679464,SMASH
-0.0372598665493418,0.557500773113255,-1.51040557390118,291.887169834497,74.0524763297534,-112.132011788669,47.6076545048363,40.575307517699,0.48429462013476,1.61044105988046,321.33390302353,1.65185593746062,325.745808996301,1931.6952217301,83.7821071072428,1.25602798048879,SMASH
-0.00950673146807413,0.442159493856751,-1.45362320227646,203.948924193458,49.5355373240765,-51.0968470959988,46.0126127173944,46.2972235715299,0.49335602756759,1.51941298209122,216.008844543009,1.67306106296882,223.870713044687,2130.25621808743,93.8412163697965,1.13896952527402,SMASH
0.00918345015027948,0.544928350453934,-1.14091062616963,203.993294345577,-85.9890752997356,-27.8986514680827,43.0166202284994,43.1219178575875,0.692695419804558,1.26440037163546,223.127138561409,1.30697604163083,227.718102417075,1854.95916400439,62.2522603332557,1.10741791686937,SMASH
-0.0772081307179418,0.387992167138916,-1.81025742879978,274.495090290258,74.7350782569135,-88.4258329303344,52.4314563834505,46.8048771737928,0.360612666783638,1.85297894638199,297.912763145434,1.89559295712371,305.310255882851,2454.04787607047,129.792299862764,1.23817476164399,SMASH
0.00535808801691873,0.408694684942774,-1.59095489514112,202.665640499382,21.032541855421,3.64316265072154,50.6138169166136,38.4166657907495,0.728281585214455,1.6426191077,203.786658763582,2.06699715128347,211.936332992615,1944.41408887973,52.7496696621369,1.96504757654125,SMASH
0.132806691909232,0.329352395573442,-1.31435478717649,234.354056804399,96.3275258864834,-80.9150562539919,52.6223870039101,45.744356572759,0.477491745880061,1.36148416239764,265.985079492586,1.50132200756886,268.321815709662,2407.17723481658,95.8011550279118,0.885097381769803,SMASH
-0.15752226229388,0.227337845323246,-1.34186116160911,200.792666797264,-55.8146318926816,4.49183129116166,48.5734042603599,43.9575191800812,0.620232093906639,1.37006829613321,208.454178948806,1.80567522110583,215.772950146358,2135.16634941661,70.8725793769043,1.16422968484951,SMASH
-0.0124066846181388,0.457118046696078,-1.33655100120619,277.545503566704,61.7070201913187,-22.0887464110892,49.1215390852929,40.5491349527172,0.608225855524413,1.41261438944382,285.179199116977,1.85685719959478,286.294372369357,1991.83591745472,66.6677812471068,1.21370217331368,SMASH
-0.148265827946067,0.316744146277687,-1.73992721280404,251.675531194171,129.49264300234,3.63972773990957,45.4414194740778,45.4275561753013,0.439861535713713,1.77472711023237,283.05858971531,2.11888479865026,289.08379633497,2064.2926358441,103.276711442568,1.38541266403543,SMASH
-0.275576107790058,0.496584372280591,-1.91061156904987,272.054368742358,119.501346039831,73.0158351667349,49.4547950696001,46.7339849316869,0.493992755026691,1.99323224882732,305.982782917977,2.14521640124417,306.279458603904,2311.21964758235,94.6044043191635,1.96262076599966,SMASH
-0.0387867499901546,0.383291197135861,-1.99694573374,205.50422247684,-83.1614539128854,15.5257685591587,47.2137546409034,43.7663328685518,0.474702166519397,2.03376714922801,222.236050995485,2.17574415758931,226.924826231219,2066.37290158791,92.1972633750346,1.96346728673899,SMASH
-0.130882878170698,0.676487929484485,-1.63688117870781,193.543800264627,149.096056624362,31.6086911399666,49.1300081217273,48.6477933026783,0.651506265693945,1.77599162152988,246.349235999202,2.27068063422549,252.413739672596,2390.0664800647,74.6696097868712,2.05494603810843,SMASH
-0.288686473603766,0.542839234150234,-1.9516766429632,282.514189682262,-56.4834816215335,26.2848576838064,51.6895544145205,45.4643431623898,0.535239292527822,2.04622971165574,289.301823034997,2.32773651103657,290.054048549925,2350.03163981278,84.9419294419553,2.24107690880379,SMASH
-0.0148446052981094,0.470267755525832,-1.76257360196065,206.633597777192,91.059165526632,-74.6271604019387,49.9333075979451,44.7021303389388,0.582438887722673,1.82429104764626,237.820159840181,2.14528119732087,241.306160730233,2232.12522449766,76.7497750089252,1.93837864997863,SMASH
-0.167059056879966,0.450504085474179,-1.69899640074495,194.49001981973,118.301518430097,30.1667104587152,47.5195925713483,37.3980197333554,0.516499590498413,1.76563060385202,229.633724640449,2.17622823494542,234.252318214659,1777.13866070429,72.4065381944037,1.61016238661089,SMASH
-0.0480670870109498,0.663359341159802,-1.38376474244022,228.016179556674,70.4919971047031,-40.393752342972,47.5999601486577,41.957466556783,0.638948269334505,1.5353048305722,242.058164546821,1.66449950688856,242.502859240854,1997.17373604151,65.6663503199301,1.50610389215214,SMASH
-0.0755701873744089,0.367243687869358,-1.30551646715488,242.498462504898,-53.7196154943549,-24.3410306409612,45.5558018380386,46.4526105152827,0.504883110200061,1.35829011095283,249.567199725374,1.77193644358374,254.273344268571,2116.18591949381,92.006481441604,0.931485116810532,SMASH
0.117806949927897,0.547154386979819,-1.71751118007881,262.783528806479,8.16327963591731,-33.9386132547042,47.9539965328074,43.3013241027098,0.539021489712809,1.80640556197613,265.091779608595,2.27520107028045,270.542280402081,2076.47154588731,80.3330564663095,1.75888159139286,SMASH
0.0833760016948213,0.276960717332891,-1.62226375964346,292.168423227114,160.796653563765,-110.277666045793,46.7144251330031,41.5230046075321,0.417372333262715,1.64784662588989,351.253633371714,1.75655521570174,358.127217816137,1939.7232900359,99.486482001464,1.13333220870843,SMASH
-0.0672203095626455,0.407834377414905,-1.14930555069207,233.501830067777,-18.2108108630203,-21.2810863756808,52.1880648388937,50.4891359018864,0.524362425820302,1.22137246500431,235.175727732729,1.61756837891392,241.181545170215,2634.93029810737,96.2865322326826,0.782218014864362,SMASH
0.0333702770486012,0.394741444772337,-2.0493459294092,202.474892884099,-28.8943122015953,18.0292339353873,54.0743629957881,38.4127163011586,0.517300644940608,2.08728367070633,205.319304504782,2.53140183291799,212.998176882672,2077.14316492308,74.2559330264044,2.25375119985621,SMASH
-0.286911173709189,0.470788175024851,-1.596147609649,203.583799285603,-12.3785376238475,-22.4250596385268,50.1099630149278,44.7401347957721,0.532078221964882,1.68868194729814,205.188875977859,2.05746615648351,213.41571237482,2241.92649989903,84.0854762765479,1.51729911598701,SMASH
-0.115310057282817,0.280432427682666,-1.4597072479832,222.566448079923,-22.1972975060578,58.6926236613341,46.7201061624537,46.3840022420756,0.555261886016406,1.49086686381489,231.243092653027,1.97896922831661,238.323256058285,2167.06550898926,83.5352108167106,1.23417171297975,SMASH
0.0867529069260249,0.446994677875947,-1.92983749007344,302.44666332906,22.3530190703616,-131.470510000017,46.2994215945553,43.4692775784853,0.544903109128109,1.98282703406084,330.542185840335,2.34066421391641,332.612435270956,2012.60240901704,79.7741783376156,2.14234272416921,SMASH
-0.165955701866033,0.387618644663878,-1.73282812432491,258.23416761476,149.13329531091,-124.511963048276,45.0987108700277,40.1347576131666,0.582954742725856,1.78339082007403,323.154535843324,2.17206115449224,329.964351559725,1810.02582943484,68.8470061646525,1.8540775424007,SMASH
0.00460908117917425,0.359643838212863,-1.6353123397442,199.650622927994,-101.795585458205,-101.502946085989,51.1382461415673,39.9039603157788,0.574632097564473,1.6743988122647,246.019431180649,1.98230666400989,254.980357890476,2040.61854465163,69.4425025027412,1.61104508948933,SMASH
0.0986694140527509,0.535304551218998,-2.06815044531843,272.215452299575,88.8574366206511,-9.13602025826386,47.9228579115515,42.0861576566582,0.446675440175124,2.13858197885798,286.496707449866,2.15896569072101,293.097911921718,2016.88895342318,94.2206793807121,2.04288481246167,SMASH
-0.0400710440623164,0.503648919027848,-1.31844095096222,194.020580501326,69.4294580821172,-63.2218218578562,44.0213593178676,37.399479703034,0.646357814467019,1.41193288203949,215.549145362895,1.66385797158154,216.16609403322,1646.37593430856,57.8617926543993,1.28854950597406,SMASH
0.00549860546629383,0.333050004350732,-1.38470635233285,261.845714026098,-70.8977084370231,-164.223609743056,47.5164660323049,44.6703075559911,0.454604095694089,1.4242065237356,317.110480767347,1.71918473220405,326.928854478661,2122.57515163686,98.261783642765,0.922102682994682,SMASH
-0.32326320220083,0.441123142071082,-1.39224833258148,231.447063109775,-82.4838872341688,-108.60153503136,51.3319052866231,40.8620206740063,0.65728771990502,1.49580885942814,268.63660972877,1.91284350835677,269.588052510956,2097.52537505813,62.1675367864384,1.4706445597876,SMASH
0.154095057496952,0.727344987854413,-1.56188215248974,270.323909524323,93.9616065005114,-140.038333677136,50.6209732494503,49.852535660105,0.518756386652713,1.72981267088893,318.613456174939,1.889022062083,320.426795276019,2523.58387406744,96.0999051633346,1.55224977133942,SMASH
-0.177111260045817,0.211329674141019,-1.85656117497863,258.015882105293,91.1596757752245,-58.9425157692005,50.6821057665682,39.005119664509,0.530119379280331,1.87692515195615,279.922314350283,2.35112091006584,285.506695553769,1976.86160027429,73.5778536140427,1.86753000886623,SMASH
-0.181564318609155,0.603659651418502,-1.57815449581077,220.659095710594,5.93559026310897,30.3200298943082,47.5221483202392,45.6881167999124,0.511167790235687,1.69939465374894,222.811516678067,2.13102068349995,228.163669520715,2171.19746303785,89.3797071977864,1.4762230271769,SMASH
-0.34889472179639,0.330767256349901,-1.49503713193941,205.884511651361,97.9211610159724,-56.2636188911478,43.6964486048749,44.9173493066567,0.607278319594538,1.57043641407357,234.824574360018,1.66068159453624,235.875363011916,1962.72864544553,73.9648920313088,1.4977126235176,SMASH
-0.00408629811915465,0.460807571838202,-1.68236026408461,216.688389638972,160.811232372178,-98.5230968625637,51.4236709294295,41.5606760874496,0.470403743972882,1.74433264438483,287.264531880947,2.06060628197656,293.02849707747,2137.20253072562,88.3508863801882,1.43129576622772,SMASH
0.0109808257879088,0.302613767275805,-1.68976535320474,257.368729054701,-46.3063074968715,-113.124191138782,48.9342611000537,45.0073810918395,0.579168268173842,1.71668361079466,284.921075791228,2.03577261253718,285.550692802252,2202.4029377777,77.7102369981589,1.7068104034807,SMASH
-0.0493509016386873,0.432988732944624,-1.95806084966461,279.433697930642,-47.9693851350399,-36.8237031490676,45.8188992886178,46.660237432857,0.603478601195066,2.00597035006473,285.902498350465,2.39542160614948,286.483831832839,2137.92071971907,77.3186655198555,2.42834782984606,SMASH
-0.298765144131928,0.346512336155275,-1.96444727484423,324.541337775337,68.4985903686738,13.3690588302088,55.3214763903343,45.1075592927207,0.709346851310268,2.01702367514585,331.960643061051,2.10673282105898,336.18191597206,2495.41677643786,63.5901824604114,2.88589573932072,SMASH
0.0794553405935551,0.700646321225105,-1.43092808892825,195.977324887176,136.077997807007,30.4761799012644,45.3564145261772,45.6890798399748,0.597947974666221,1.59523465806099,240.526777923939,1.62874982553555,249.873727494364,2072.2928445415,76.4096633253343,1.52164222864216,SMASH
-0.115123524120726,0.556950088076494,-1.36840830080178,179.464037675391,-51.3976280598737,-78.396002931273,51.8588028601489,40.2445914866304,0.753985158474551,1.48188667047032,202.47219627528,1.72635471828914,207.509278760402,2087.03633609239,53.3757696136656,1.65574243869134,SMASH
0.186572776619293,0.431732561945219,-1.81797213314778,252.257620395296,7.28308967292091,54.1725447596191,55.6652778709093,44.0854379666324,0.51309745651314,1.87782456127326,258.111632919584,2.06621925689968,259.402420103678,2454.02815447333,85.9200362172663,1.80929712113965,SMASH
-0.0190802677499706,0.343784007546858,-1.21981057298217,198.275286529892,4.31297664642829,-94.1808755707795,45.1531843205763,39.151914977529,0.659356745845935,1.26747360304721,219.548920150708,1.36721699045714,225.999689750551,1767.8336334839,59.3788656070133,1.05924957978034,SMASH
-0.201772519969549,0.359932013938157,-1.74254020565712,164.840902012139,99.6197759055624,15.2725026440041,48.6125572788754,43.2557798061404,0.620178766008069,1.79072878259216,193.209399524612,1.91556501301047,202.850974192816,2102.77407346842,69.7471639304944,1.98873318580784,SMASH
-0.0900184993190764,0.358252921012291,-1.79183377316591,201.975443851316,-19.2864443236052,-105.010537645926,45.6189829110336,43.2778726046442,0.589471354205132,1.82951271006557,228.458442326543,2.15352196395335,234.657706697094,1974.29253077715,73.4179852471654,1.97302944701383,SMASH
0.232602278011556,0.573667267096075,-1.60647142791953,258.228536107162,-88.4594397435375,-73.2417510490315,43.5501597526811,42.5231778623124,0.588584969124186,1.72161215196556,282.615292290628,2.05276785235837,285.752510984867,1851.89118909537,72.2463328943887,1.74453547855647,SMASH
-0.183170589545798,0.45668408566489,-1.53102260953737,240.934697957893,44.1103875231657,-26.3431058246042,49.3745269692718,42.4864294303561,0.545841665550861,1.60814864048344,246.351809800519,1.69927832491227,254.103752688095,2097.74735573718,77.8364025235716,1.41162408386238,SMASH
0.085896457545936,0.443455798476825,-1.61730490572748,222.572660996819,-95.7657353389691,3.62537366804885,55.8152352032532,44.0764910004394,0.503759376464215,1.67919814337434,242.327895262703,1.84172039136993,250.525064646701,2460.1397121236,87.4949540688427,1.42045354024978,SMASH
-0.134773614171024,0.435766281842463,-2.05481352645667,180.325940478813,54.8427888779015,-146.847232161157,46.7483221372333,46.5826051773064,0.593561142046339,2.10483130154814,238.933643287979,2.54198476687916,239.905068332593,2177.65863282027,78.4797443730327,2.62966271704754,SMASH
-0.143252500135726,0.436777839335126,-1.36530295775565,306.498519224162,-70.336857517898,-31.3865813770544,47.0788045116545,42.0190952604399,0.669024635064461,1.44060692979929,316.028057777527,1.8263913710734,321.300884302215,1978.20877152284,62.8064054023749,1.38845915655805,SMASH
0.00225176901987315,0.431551068958945,-1.8297749363249,226.668362672017,-104.912330509141,-110.568791982562,46.7082437961682,40.9441064105821,0.655413525142007,1.87997811508169,273.149412391378,1.97910583954783,274.41199762048,1912.42730424172,62.4705508345438,2.31643963137114,SMASH
0.0363514104811686,0.369890576913913,-1.34948832885714,231.786112157287,33.2204355330499,-87.7745597825955,48.9262240241422,42.924910104118,0.597069082110156,1.39973540844522,250.065536352022,1.79641647524498,253.436350532651,2100.15376797024,71.8925824459557,1.16981310031304,SMASH
-0.31269128966507,0.414508370731642,-1.312474917028,303.442994373978,37.0115109934403,-83.7989807806048,46.5413695852037,37.1082682159663,0.655091633605008,1.41144728554299,316.969670411116,1.75491125682764,320.361769685045,1727.06962570615,56.6458334476417,1.3050627040631,SMASH
-0.128261423036812,0.378015645163896,-1.70746403965493,152.461973892082,98.3343645154439,-8.53191702214,54.3196144417119,44.1753881549018,0.612129700722456,1.75350513752964,181.623496100584,2.00219359365705,185.808598831572,2399.59005238723,72.1665946549726,1.88216432483589,SMASH
0.191566464134542,0.480814525167746,-1.39578572180669,202.759040418017,-122.16350619631,-28.1038459569446,48.7245822040027,41.1173906950813,0.746130827364882,1.48865647447379,238.379900316664,1.79552568555888,243.966870598821,2003.42768293658,55.107407547934,1.65349910812318,SMASH
-0.0125754643625146,0.254764089320692,-1.39930858499002,272.818006602237,84.0603417462767,-33.1043993089877,47.3015668272928,43.7192445184795,0.649014431420005,1.42236683015955,287.387729443217,1.60699467922188,289.307974999612,2067.98876622961,67.3624114342313,1.31303887890147,SMASH
-0.0259702716531362,0.234451850121962,-1.71394114839108,269.77362765088,31.9142601379995,-37.267775529849,44.3945634194771,44.2752608262672,0.502752052719274,1.73009721841967,274.199229154669,2.04791968084243,281.98243954359,1965.58087466561,88.0656230465287,1.50485573692502,SMASH
0.12038032136311,0.392075526712077,-1.38034085925075,242.221324572265,-23.3669240063126,-87.3347133937418,50.884622135429,44.2295828341497,0.569444747590137,1.43998455829746,258.543101587775,1.73799853658773,265.228399533703,2250.60560972336,77.6712847910918,1.18077530433305,SMASH
-0.0305450640452888,0.321810700566111,-1.5699791195406,267.457012950606,-51.8151844568928,-0.239478028597613,51.1563796065785,46.8922906717086,0.588754802292378,1.60291283722162,272.430035911037,1.93522664917714,278.479258975047,2398.83982222394,79.6464179021742,1.51270511931773,SMASH
-0.0050238803758378,0.313834020408725,-1.15183763927282,252.216852830897,-21.307495086298,-51.9425246726308,50.264561257382,40.5176989987633,0.730525800814687,1.1938370822627,258.3899689774,1.531368611741,267.58535616852,2036.6043633315,55.4636721795528,1.0411796906821,SMASH
0.247960941975773,0.414875724141629,-2.06265546783815,182.207104263458,-0.115703834361824,74.9290953073244,48.6316568623887,46.6678997386153,0.547028629318281,2.11852639214861,197.012211690103,2.4561382818371,199.502725850535,2269.5372865767,85.3114662121204,2.4551487713954,SMASH
-0.00022469885055508,0.372405401818865,-1.46137779887124,260.831817466096,71.9670042931648,35.4443436679765,52.3742451657276,47.5277963298918,0.686680837886437,1.50808186277377,272.889699709705,1.88096790289453,282.746495759756,2489.23245716852,69.2137081653119,1.561725717741,SMASH
-0.206688002409585,0.567133303559329,-1.45173662428498,223.235673735736,-8.43095418699978,-80.6908551331369,47.7155425432755,44.4310880148513,0.7140329980616,1.57222750918451,237.521075104649,1.83655088249758,246.585501539141,2120.05347041665,62.2254516388143,1.76501769710119,SMASH
-0.146528350734313,0.394990000846381,-1.35188473778415,204.102621631789,135.155859001399,-95.8449548800889,51.6728364246637,40.9876052032854,0.585732304506594,1.4160084754659,262.890170518682,1.80878344031971,271.500796932182,2117.94581910806,69.9765659352635,1.17444013063787,SMASH
-0.0557430547069827,0.378740298619148,-2.03371161092232,240.703191124904,-58.276763377272,-73.3607486399615,49.6721944181083,36.8473657081154,0.437545328093673,2.06942852458026,258.294418848837,2.35113506671412,265.012560640006,1830.28951324865,84.2136325738446,1.87380292714784,SMASH
-0.0661902550757387,0.379364686271956,-1.28675000618906,222.950800522852,-136.332582631343,-94.6971395823931,46.7577429609632,49.1007136426028,0.567522552108416,1.34313971480437,277.958955217852,1.4543404080392,278.610557717623,2295.83854770068,86.5174907018183,1.02382447110405,SMASH
-0.223848290590544,0.510560565318961,-1.70688265836997,212.142751348017,-113.924526233742,-27.9630005896472,45.5460872358358,38.6489829007861,0.484805485178984,1.79561369940844,242.415498739387,1.98649406553544,248.419439941427,1760.30994677553,79.7204329610347,1.5631236901483,SMASH
-0.0584382670798933,0.422943390779892,-1.86156438750961,173.112144999871,63.1932029935755,34.457040378617,48.3409409008727,41.7869546720996,0.494458777856911,1.90990002662645,187.479287609851,2.12777094597591,196.000314150172,2020.02070623141,84.5103212504215,1.80364623948151,SMASH
-0.0410935493031696,0.624652347349463,-1.49358586178344,299.652918364143,-39.7716466708069,-3.04457825202214,50.1419279681422,45.6388761414011,0.679007307915975,1.61946841937807,302.296087999478,1.76776143095922,304.022603931612,2288.4212400291,67.2140172798133,1.78081750207557,SMASH
-0.118225924465628,0.491113326740131,-1.76135184730673,291.627700198228,59.5530903939004,60.4945318338308,50.5834554914208,39.6230644355886,0.587137609058343,1.83235640608708,303.731582948112,2.2619194824368,313.609706104016,2004.27151631129,67.4850262344974,1.97133213591246,SMASH
-0.157969238108609,0.601661711604329,-2.04048505327038,218.566628026624,-42.488218836817,-46.115468058498,44.03982060705,37.4308942745148,0.506543234592749,2.13319721264094,227.383499887543,2.14739678352668,232.133373018015,1648.44986901108,73.8946210780751,2.30504036159806,SMASH
-0.0984666875242143,0.360860383880904,-1.15412512007845,228.925874098761,-10.7967368704498,-54.9103873474964,51.6110869171856,42.4622063165911,0.499443516248311,1.21322738924027,235.666662889734,1.70814008539885,236.06346390582,2191.52062090105,85.0188658302937,0.735141249049169,SMASH
0.143008556909864,0.418021689909999,-1.42117877304113,227.600477161469,-1.11909974238502,-139.399807978869,51.3088561279766,41.8808949858584,0.68381997138056,1.4882683513155,266.899861470379,1.82872851446761,275.24788315986,2148.8608153403,61.2454088696716,1.5146220438269,SMASH
0.042972387426103,0.382706913069444,-1.28033904219251,263.43094572568,-8.99654554868173,-81.8312353310849,45.8204748824562,41.0917734583802,0.613551510562248,1.33700384081523,275.994840664726,1.48819180644106,280.720518246225,1882.84457362529,66.9735234572253,1.09677196157587,SMASH
0.0476560365829894,-0.384086132058154,-0.130755632725129,12.9011682530184,-2.4098043552729,0.186423888554312,15.6121050737472,17.1220456009406,0.190111466851688,0.408522080372092,13.1256258208745,0.607684494915896,13.1501732396778,267.311174999375,90.0627185817223,0.0317277578640135,DROP
0.0542530035742317,-0.321153716491866,-0.0950763178215721,-9.58509375300076,11.9357189614047,-5.47869734298088,18.1342116788742,16.8815564181417,0.18408517192121,0.339297221067123,16.2588909202146,0.403015184453509,24.436132911975,306.133717555438,91.7046415923467,0.0211923643905689,DROP
0.033873856656095,-0.353515976946159,-0.288206605921878,10.3101514432506,-6.88057072638699,-6.60275895717539,12.4791341247605,19.0465682026794,0.155790305931971,0.457366408711837,14.0441412037239,0.690516844676154,15.1650101517801,237.684679217635,122.256939106707,0.0325888443130037,DROP
0.0904672182351236,-0.326167335766837,-0.32824383213833,23.3448984685221,-1.9557487656689,-14.7338932711536,18.1994168088913,19.198727643607,0.208713580738793,0.471501285081275,27.6748414388551,0.597298764401586,28.0081504053178,349.405646586387,91.9855602596075,0.0463998386656639,DROP
-0.0203982241073788,-0.369464682444372,-0.11873003345053,3.48982651332213,-8.34977261590017,2.34666518291341,14.9760644142448,17.1428218181107,0.188191707782729,0.38860913520351,9.34903360305334,0.535872535092349,15.2990126978077,256.732003789946,91.0918495200267,0.0284201584188803,DROP
0.0527748200595587,-0.313462294438073,-0.257315981102708,6.95562210436126,-5.00287163777079,-9.51381172995747,10.0571774679128,17.6829052476249,0.213255797744202,0.408968587788291,12.803203392736,0.459278118009114,16.6181429763996,177.84011622365,82.9183661888953,0.0356681636648068,DROP
-0.0381117511662666,-0.289973213421449,-0.157269109837385,13.4857834201599,5.05824092917837,-10.5184127198133,12.2373354841259,20.7006652400114,0.188603594657963,0.332070087463421,17.8350543003772,0.782787762672711,18.3846980158782,253.320985286603,109.756950924512,0.0207974207924155,DROP
0.000950681876383894,-0.306596166360012,-0.245762709227504,20.5421202320033,9.26688422169319,-6.71002508197748,13.4903455566345,19.867049906891,0.20414794003195,0.392939463873927,23.5133639321368,0.764869535055319,32.7305130779048,268.013368434862,97.3164489797584,0.0315207322943276,DROP
0.0158929566310421,-0.42107049349362,-0.0621056202724861,10.5767357783608,-4.82884401858593,-0.827700661704174,20.1809865652456,15.5348807300675,0.207088768326517,0.425922592299196,11.6563357306864,0.897427151041299,12.4040935448331,313.509219306184,75.0152016471123,0.0375679847755524,DROP
-0.0617946423574081,-0.382027269447724,-0.220339758313168,1.53392215309643,-4.15717033497907,-17.8080137379752,19.6622435889651,17.9514061281873,0.200182012426245,0.44532350209625,18.3510309153928,0.724205946057853,23.3796742672612,352.96492005686,89.6749724695109,0.0396986997380566,DROP
0.0236403525646644,-0.356968580021449,-0.211650469155094,11.8134085480411,9.0214298923111,-10.0683718735693,14.6953640261929,15.7057820324779,0.17472304109173,0.415669766143128,17.9531315098313,0.493748013132236,22.1736742505174,230.802184283304,89.8890727019782,0.0301888836996518,DROP
0.0185793412236014,-0.41090137536325,-0.213161388630531,0.699691594262869,11.657850024945,-2.98388546616696,16.8893377324533,19.9503003211519,0.187056314796721,0.463274119500118,12.0539872244165,0.543800429680156,12.3892710983901,336.947359987806,106.653409105291,0.040146570577877,DROP
0.0129041988920607,-0.406364896146289,-0.145916818060227,-9.92983056394277,-2.15167821729452,-6.40161535529563,16.6204345762355,18.0243307570229,0.198111191857669,0.431961416056864,12.0088273089652,0.703017684524654,18.6068864086951,299.572210127529,90.9804216894044,0.0369656990251073,DROP
-0.0609874606185862,-0.39462551880685,-0.103169601917773,13.4482019331139,-1.47233427777162,4.95287084183462,17.0278356040032,15.6451508583584,0.18268415751504,0.412423007610088,14.4066940355935,0.699066457384547,20.3267465767018,266.403056815957,85.6399669856618,0.0310732483959327,DROP
0.0478764515092705,-0.343155111044449,-0.158213359104052,8.05976052517673,-12.1523980092892,-6.44395766903736,16.1526895116927,21.4126804387168,0.210365897640944,0.380892441305988,15.9425564932265,0.630042336275698,24.4301582353701,345.872378739689,101.787309119632,0.0305196849700676,DROP
0.0388038993602103,-0.378894321175591,-0.217029528255638,18.7541109601399,-0.057931348484427,-15.0713819549682,15.7836413279843,19.6732992795268,0.206635205493176,0.438370237766587,24.0596464641299,0.762043863109636,28.9055866748093,310.516299566143,95.207416495927,0.0397087703288756,DROP
0.0256976046722851,-0.422358350387507,-0.200564560873683,-0.748828136663102,-9.73887164866542,-0.227150951388433,12.0907771882564,17.6836696697285,0.227482817635596,0.468266042017145,9.77025906115872,0.738365849950388,10.9913298821921,213.809309847415,77.7359455873726,0.0498808594591371,DROP
-0.0372792492213991,-0.410387306722434,-0.271524668183303,22.3779733303822,-10.0085604648795,-10.7732759813479,10.9662352192111,18.636351015872,0.184452493103856,0.493490759157107,26.7770134317615,0.739958313184053,34.081279892946,204.370608867836,101.035500614666,0.0449202928663181,DROP
0.0228898225157173,-0.37712856968086,-0.182854307862181,4.8639196961989,12.0274352000764,-6.9471845188158,11.0121777598081,15.3916220755295,0.198658345947292,0.41974468424042,14.716666913455,0.673951956493424,15.8240364569684,169.495278307517,77.4774627497925,0.0350007398654187,DROP
-0.0104300214643539,-0.328625781297233,-0.0807273518361522,13.8267889170054,-10.2923287915765,-2.5149038148417,16.0934685915762,18.4049826725791,0.191001423243863,0.338556634576021,17.4194392822284,0.605000272470833,21.8391606376155,296.200010569655,96.3599432928685,0.0218926967428075,DROP
0.0756366482860666,-0.367503413040677,-0.199591058481664,11.0466144833162,6.86503564362898,-5.1200144468932,18.3936290749911,20.3637733815888,0.172760430859326,0.424989707859293,13.977516012071,0.604194769510148,14.9783517958359,374.563694148121,117.872219975825,0.0312033414788024,DROP
-0.0202902532943694,-0.322869467119782,-0.312074203131346,14.4254082947669,13.8298192001165,-2.20325998858835,15.2933997798422,14.6852894315822,0.207830922792149,0.449496046074964,20.1049908767936,0.695036367455253,26.1831354452593,224.588002159879,70.6594503591677,0.0419915511597815,DROP
0.0872075429035786,-0.318525148511556,-0.242975973093804,14.7962172141706,5.72054583403703,-1.76743974243874,11.5435342282204,15.046365730956,0.164395192963345,0.410000913748335,15.9617208261324,0.898201383305378,16.3496449668162,173.688237825612,91.5250253654645,0.0276349551142593,DROP
0.0687691702379069,-0.395520814856876,-0.0650750669016596,7.66131117610693,-9.12898315671915,-8.62773918885618,14.1810096417209,17.707529200492,0.180454973916467,0.406694821816694,14.712984263015,0.622167915887301,20.0727062003818,251.110642323232,98.1265890853174,0.0298473750509504,DROP
0.0271319146449111,-0.328604543564999,-0.25169743052649,2.93465934420171,-8.19132145760873,-2.61670369677467,15.2634580236129,20.7081273647014,0.173574669442344,0.414811623966225,9.08609437135152,0.416920955398374,15.6632312200741,316.07763277875,119.303168648184,0.0298667648386284,DROP
0.0529567044290855,-0.366064198600494,-0.278265682245026,-3.84895578537085,-15.121094808106,-6.87531998301526,11.7005589729033,14.7772566291417,0.185715890412934,0.462859805941606,17.0508648960197,0.517598211025467,26.3111614611278,172.902162646998,79.5687274123807,0.039787623781239,DROP
-0.00625665117123984,-0.308874487492135,-0.22366240055505,4.0750799950778,3.50641937850109,1.59094725361434,12.0593403342752,15.0104489606124,0.19702910825591,0.381401971847885,5.6064576149289,0.396538949502421,9.55867419055693,181.016112586292,76.1835289717056,0.0286613247376751,DROP
-0.0626777069152213,-0.302483595080012,-0.155556585684636,7.70059722736564,-12.6671138195711,-8.75164686406123,11.6703162260232,15.1728044196583,0.247762476392301,0.34586510605515,17.2147115284954,0.690665777260079,26.6205942723339,177.071425613015,61.239068165294,0.0296380093449441,DROP
0.0126473416507593,-0.325618727891727,-0.386567484496382,15.238356835962,-4.41276898476909,-7.0857659231762,12.445040767492,17.7312155536897,0.201512020748628,0.505590675620623,17.3749281406023,0.97122435644224,20.0175441860435,220.665700422857,87.9904211043912,0.051510891918795,DROP
0.0253891816265159,-0.390781233193043,-0.124325228452042,7.90441052976182,7.53211967761699,-4.75424009539417,18.9165499266154,15.8094874328559,0.204580756780521,0.410866578330718,11.9086242507524,0.606583881380661,13.7656151019165,299.060958337816,77.2771124935473,0.0345355527519427,DROP
-0.0124011432640386,-0.310923628762136,-0.204424216779734,7.58345523550908,3.69711225849009,-12.0229200381029,19.5084917365032,17.1388603596651,0.197631179481763,0.372312438259692,14.6876832279112,0.834706289891324,17.7652143025024,334.353315699608,86.7210006214932,0.0273949526047818,DROP
-0.0548560980800107,-0.334790649132416,-0.176871365993224,19.0815633914077,-0.979400501677817,0.267519414306642,13.0463726807354,17.8050235130093,0.196407090209816,0.382593061034015,19.1085544571019,0.639073703536874,23.8046673476432,232.290972339975,90.6532082970145,0.0287495690958459,DROP
0.0166671618807624,-0.35962911004615,-0.251296919598332,-7.29664856840584,-2.48502992414688,6.81761767410784,13.114422290827,18.0929677395958,0.211974647415203,0.439045593164714,10.2905959402278,0.889648570020099,18.6886153345676,237.27881943137,85.3539921222957,0.0408604519795678,DROP
-0.0465616393122961,-0.41513294278071,-0.0828052602196842,4.52919581937811,-4.96641868951025,-12.2973665850694,15.5719965671509,19.4578059622938,0.226905035693303,0.42586389557847,14.014426648899,0.764190327832205,16.893859171712,302.996887649127,85.752703328676,0.0411515103333719,DROP
0.0283392940085388,-0.430417825552068,-0.187810760743725,17.8775569133432,-6.62045713678331,-12.3807366758605,16.9187900144722,16.4555530728831,0.2452167810738,0.47046307186538,22.7314789339983,0.967950460448814,28.4720361706628,278.408047012111,67.1058721795166,0.0542751793350987,DROP
0.0203292127092392,-0.35988185215158,-0.270564228441832,8.09410721758713,-9.85383163497952,-7.91095820043946,10.3456424083003,17.1802410892382,0.198276914240732,0.450703035389992,15.0065262199291,0.557210399285513,21.3602554385917,177.740630797647,86.6472756435163,0.0402766292528066,DROP
0.0553763491689049,-0.435232954813043,-0.219245050869629,9.4517774668798,6.29767562986087,-5.99343455138891,13.2131660065885,20.1381238975175,0.237258360252715,0.490471872112352,12.8420431919591,0.533742893000247,18.8016721388106,266.088374119147,84.8781008094582,0.0570755016169571,DROP
0.0240124222314912,-0.377962578394161,-0.128418495842479,9.66507451253678,4.40228723410118,-17.6389665628748,16.9250342325287,18.7077887201192,0.19727293016001,0.399904510054877,20.5894861429476,0.538205451996273,26.2668398817782,316.629964502931,94.8315304761515,0.0315486005593809,DROP
0.0311402102225744,-0.280166802454515,-0.203653233073305,-3.46738135702715,11.6681000241296,1.34204316416663,20.1130044092868,19.814461574039,0.233396881339024,0.347761109429308,12.246157417845,0.845253111338091,13.9202542352123,398.528353006289,84.895635985904,0.0282265028426691,DROP
0.0336251433891743,-0.369262346078575,-0.174316113377291,-9.8123808217269,-0.147216106025751,-7.9583278000018,13.2758159693993,16.1898569129236,0.194005245032627,0.409721170898406,12.6348514571699,0.535660274306122,17.3945406095502,214.933560946881,83.4501843494825,0.0325679394403468,DROP
-0.0333569100584914,-0.382278731170609,-0.220697771122083,21.0025943614953,-8.46731339922391,-5.57653334630957,10.5916062494234,18.8105931010428,0.18803127473629,0.442670552366335,23.3217085625538,0.744683737817216,31.9537912713054,199.234395444366,100.039172144379,0.0368460854815904,DROP
0.0501257890537099,-0.32127811034461,-0.290882008128132,10.4245411912871,6.15107421707093,-3.53466104850651,12.9980026617923,18.9729919031224,0.215227882955526,0.436284954550939,12.6095440758413,0.488605126495829,19.6143342840832,246.610999258949,88.1526291573186,0.0409674570182741,DROP
-0.0131869673177165,-0.335281325018015,-0.0979359284054231,22.3400771391617,-6.50861442818441,-5.77813695945951,15.2019716514318,17.0385266487582,0.221869871413834,0.349540997717731,23.9755703807175,0.745161064711547,31.2756877210673,259.019199096587,76.7947885190295,0.0271078188482839,DROP
-0.054608072442917,-0.328687369699319,-0.126023075697591,8.82127469576596,-2.25233704770008,-2.37616466447264,10.8811358936122,18.5222100405899,0.184693121646044,0.356229201756493,9.40925437786074,0.62335445721024,18.9100827573966,201.542684501686,100.285866575042,0.0234374175428792,DROP
-0.0542259728874921,-0.377156873118081,-0.210340833289257,4.39488669036905,4.66743040266048,3.61237041822221,9.71169027752825,16.9870888123859,0.212103734482182,0.43523675077436,7.35861098464304,0.486182085494494,12.2733393024882,164.973345262757,80.0882113916832,0.0401790287253458,DROP
0.00548588566219848,-0.310649625456527,-0.254902095450782,8.69870786496118,-4.18880394093757,-13.2446478177812,14.1617764554169,19.6995970476841,0.22743752758797,0.401881030907132,16.3900668940858,0.683943986894928,22.0515194481312,278.981289651094,86.6150394860635,0.0367330627661779,DROP
-0.0143410732363104,-0.380149726515146,-0.242783894741955,7.10445438654002,-5.0228181217506,-4.85639735398014,11.1623628916547,18.1959011325391,0.183382351220065,0.451290926672786,9.96426461282313,0.627380570325446,10.8352007003489,203.109251582073,99.2232992334376,0.0373482915788822,DROP
0.0332736739530792,-0.371600369332011,-0.310889852728296,17.5706405643987,12.6055589364603,-1.1895812488338,12.7370419047376,17.4044381179736,0.192411190368206,0.485640270566027,21.6573920288534,0.862700934947148,25.1199856876644,221.681057637042,90.4539264620808,0.0453795004977496,DROP
-0.0692718903110623,-0.31053628580292,-0.154845658862978,10.7327185339153,-9.95532231833351,5.94670423630508,12.7074927087551,15.7117233757829,0.202602591826451,0.353848212735702,15.8007272258035,0.662326071851442,24.7332358283058,199.656610239738,77.5490860460234,0.025367578300008,DROP
-0.0175005017041168,-0.423480141966371,-0.193535901383203,10.0755856957942,0.770122126201397,-7.91853434000231,14.9828807690809,17.2571386803111,0.194913557647749,0.465937595954611,12.8379788633708,0.927812396231102,18.6996222440617,258.561651262596,88.5369409477272,0.0423153129999271,DROP
-0.0317941528626526,-0.34871690240141,-0.233776557185325,-2.3782786487317,-5.64945297536496,-11.5192872521256,13.1093812387516,18.3778429566917,0.1799470677903,0.421029482181606,13.0486208868545,0.551064658243486,13.8404956958571,240.922149665177,102.128592889967,0.0318984654040857,DROP
-0.0225254470650732,-0.364462904820196,-0.166919318468755,-0.174666007337166,-4.97281281217256,-9.57688617358809,15.6245042484328,16.6482934840449,0.197611112236432,0.401500515109919,10.7924104935315,0.532627447928487,13.5112977132671,260.121332270615,84.2473333017467,0.0318554376560974,DROP
0.0238090614192243,-0.324024426533259,-0.165740091550883,9.80570979251351,7.1567996259294,-8.01785634017419,14.7283941861524,14.8406704940904,0.183353505843333,0.364730692899798,14.5484619706816,0.618990978360324,20.6738498148515,218.579245023765,80.9397643424757,0.0243912378812235,DROP
0.0187573139356086,-0.397840004458348,-0.245852122065559,1.06693344523182,-4.07144498723819,-6.46425109355814,14.0404087963538,18.1008523941626,0.235540138226202,0.468051035569451,7.71372500554879,0.50304102208755,11.9131114498465,254.143367176502,76.8479448238866,0.0516001954342281,DROP
-0.00406176917749593,-0.390429721901467,-0.170648287843727,-5.29566703481428,-6.63918533408783,-4.59372739554521,13.7479092322892,19.9923963861835,0.167746350778801,0.4261134870629,9.65531991332075,0.907295355506515,17.9003377079533,274.853650853198,119.181592396928,0.0304581584730355,DROP
0.00770220572505675,-0.275589681239099,-0.212914656026785,0.615932894122591,-0.65649526578731,3.48051439233901,11.0523091837917,20.1146317837253,0.210835203483397,0.348341279680579,3.59504378267392,0.688226539516169,9.63203114028922,222.313129591855,95.4040693742112,0.0255830908635594,DROP
-0.0530937868123201,-0.385206242672074,-0.226630563104451,-0.643069238188412,10.8343854800233,2.1764820499533,12.0323685823707,19.1295465610538,0.201852787875154,0.450071340705726,11.069531195521,0.945012761929934,12.3137397714487,230.173755036221,94.7693217076776,0.0408881508603536,DROP
0.0220944884227306,-0.383499860802426,-0.141823867447199,11.9857217153432,-9.10462477501206,-9.45201594629657,11.9050641300551,15.7182768881216,0.221488359924909,0.409480547806392,17.77335991816,0.565370725732002,18.1299987159946,187.127094367051,70.9662843102284,0.0371379099238843,DROP
-0.0330465461623738,-0.280975279871311,-0.239874071189586,4.88919729399693,10.0803799387862,-4.5322985373078,16.2588731319833,16.9601636212377,0.207783536781811,0.370916098519719,12.08553018784,0.637220827210938,12.766281938967,275.753148615383,81.6238007116337,0.0285865997059039,DROP
-0.0919830683298824,-0.384993235636651,-0.258277779020261,9.85062151410758,12.1646210887174,-10.2565814577954,16.2402572550225,15.2794159635067,0.1738634619489,0.472639489972005,18.7139042865635,0.603143099702136,19.1227366570628,248.141645953845,87.8811908554229,0.0388390262475898,DROP
0.0318392323463558,-0.241201287293104,-0.308887832768263,18.6586261755719,5.72475730840424,-7.55285305084267,11.0082178402232,16.650806041765,0.228192858867325,0.393196504232337,20.9275599678388,0.720794479125474,26.8206832637706,183.295700123055,72.9678095826675,0.0352794125885881,DROP
0.00207976789154116,-0.361463055961385,-0.214453551525338,15.1973691649384,-1.97146996548575,-6.95940907692879,12.2997511220647,19.0718647808878,0.179083300768688,0.420297742108207,16.8309268330734,0.562012983406468,20.4978952353082,234.579190238591,106.496575629607,0.0316350994685891,DROP
0.010531342870751,-0.335780982730339,-0.245906568877764,12.5778380425815,-4.03058440263943,-5.58213265032765,15.8373743239285,15.8076556761959,0.171153782148459,0.416328978289103,14.3390315355698,0.505126477920138,17.6420369876817,250.351760127687,92.3588314493277,0.0296660539377445,DROP
-0.0502620961488388,-0.33401658456536,-0.227805753614642,-0.0214894108082229,1.99934197209139,-7.30670972077052,13.3433231881562,16.8385730282648,0.185929086231757,0.407417253505443,7.57534402253427,0.54823072383067,10.2545061262297,224.682521943506,90.5640037582509,0.0308621493398261,DROP
-0.0155572951505842,-0.317784357232156,-0.282304147284799,4.00365732434437,1.03037866458835,-13.2241214934252,10.0057874614822,17.9412627641402,0.23208879174045,0.425352276011372,13.855264033431,0.876548387025498,18.5639516713308,179.516462008591,77.3031102729595,0.0419905622267265,DROP
0.018642369694839,-0.375307275772028,-0.259272300845897,14.1628756095193,-5.70289914512919,-1.06383554545645,11.6329506936947,18.002254167138,0.170460593558617,0.456536105013816,15.3049616222325,0.838340876343292,24.6106136254106,209.419335101677,105.608857639522,0.0355282858923673,DROP
0.00746540843268425,-0.400097642313594,-0.30001296418389,16.2416100673883,-0.00151991339158863,-2.9549325238175,9.39232165018436,18.8367991543434,0.211888849045889,0.500141614331749,16.5082260134619,0.612496571054097,21.5317673774745,176.921276517514,88.8990163481779,0.0530022230085849,DROP
0.05090603015567,-0.2734405447582,-0.262348714806477,-1.88354381865347,1.36411764342863,-15.1488699492854,16.4829678537642,19.6822735286486,0.18761285347665,0.382345398278155,15.3263438236999,0.745794653592352,22.5089024457348,324.42228186171,104.908423146366,0.0274267484965393,DROP
-0.0405339737639756,-0.39441591188118,-0.195545914562691,17.4412783611155,-3.72019669793035,-12.7739641437674,13.2776870686992,17.0598344834834,0.222024017529445,0.44209175436364,21.9365497352583,0.906662708613319,27.4994710671927,226.515143715496,76.8374423446263,0.0433935105882504,DROP
0.0275142810424789,-0.366399300291866,-0.200486389133571,1.41530850053539,-5.36555933271047,-7.74478306700109,15.359413864262,15.9970575659693,0.204146302342403,0.418569319400588,9.52753849949875,0.506576485748829,18.1939790731082,245.705427766147,78.3603671585065,0.0357664883399113,DROP
0.0640551087038486,-0.329905489951682,-0.268330009770938,-2.59761857454383,-4.49562318813876,-10.6790316777468,18.0694075577996,16.9899301248987,0.209571748957731,0.430048466332567,11.874340726241,0.477227690318817,17.8583845427615,306.997971805332,81.069367126188,0.0387585520442755,DROP
0.0192698828475104,-0.370498337734653,-0.21903687773361,28.0152757604279,-0.47320244962336,-6.11052352737835,14.1962992508936,20.3304870400158,0.230934594717565,0.43083349504929,28.6778328028775,0.67974944872309,35.6755335126954,288.617677936478,88.0353115979373,0.042865502240383,DROP
-0.0698235851056601,-0.387801180737972,-0.288196566228512,16.368498260724,8.45329435802825,-8.55148460113332,11.5271628513532,17.2281529248416,0.18503244163222,0.488182701050209,20.3104359800133,0.942102489572243,25.5804290961765,198.591724392666,93.1083201656326,0.0440973662428811,DROP
0.0443398807173381,-0.386043089731581,-0.244957034051236,16.4663967547751,5.14039224259431,-6.38350824938332,19.865498194002,20.8037656909439,0.200667685710847,0.459346536595969,18.3933420580202,0.819764224223804,25.9350577428535,413.277169761887,103.672207834764,0.0423407293145457,DROP
-0.014787234709086,-0.386766348481984,-0.143285351565394,-8.29668155567038,-4.60853854876148,-4.04947633359127,18.4418053294404,15.2185686482653,0.206553690557152,0.41271971433607,10.3185178668226,0.680638551447749,19.3073045185585,280.657880404034,73.6781556846537,0.0351838521958803,DROP
-0.0623512573284003,-0.37588438668609,-0.111225062987341,-17.2546324043858,-10.494971424815,-5.24161002542997,17.1835713869855,18.3104822540045,0.147934349824108,0.396922871703494,20.8648326203891,0.403753318483209,28.2826931963097,314.639478941816,123.77354213023,0.0233067263414849,DROP
-0.038261537166954,-0.368560906014446,-0.11771145180979,5.38038746743422,-8.96194214925199,-12.879968666802,13.7709213543778,16.8477327053981,0.222905849502646,0.388789239248897,16.5879043053685,0.745330681802792,26.0602154467231,232.008802085617,75.5819426051247,0.0336937956663694,DROP
0.0508230755208109,-0.349159183590079,-0.368645395493818,2.99481923136089,-6.78022331758264,5.53406219781177,12.8779379514957,18.8571962829968,0.200038922663797,0.510288690948054,9.25020080182423,0.576934638681627,13.8229157490525,242.841803671607,94.2671644334202,0.0520890448713462,DROP
0.0471414087774253,-0.340484147661044,-0.276136551170033,0.526836661373475,0.0930896114066742,-11.3149647055913,9.67386281059309,18.0278898613086,0.198158826008123,0.440911739605636,11.3276056089668,0.80830131957446,20.6828796506406,174.399333282782,90.9765123661826,0.0385227023783759,DROP
0.0581233843817455,-0.307272520384921,-0.205698748128289,16.07837618336,-1.41922112629253,-11.3693318141463,18.3591579713076,19.2364084398054,0.182044648961933,0.37430830150724,19.7431019649678,0.791728595878184,28.2530126381592,353.164261346982,105.668048368615,0.025505675851976,DROP
-0.0110315610677077,-0.317072179796265,-0.295072205118127,19.4918098141045,-10.2530414936175,-11.2361552264309,12.8560202340832,16.9932781722889,0.184954427099934,0.433271356973455,24.7246171653175,0.872378428398848,28.0277289876767,218.465928026352,91.877694203086,0.0347203975928934,DROP
0.0803548059837947,-0.372883788396817,-0.11899298676701,12.6704858704037,-7.35210196347691,-9.25891536223862,13.4058441339956,16.4896381283598,0.186853642241603,0.399572953781396,17.3298046485977,0.896295223803968,20.8644049156642,221.057518574783,88.2484798372776,0.0298327807217885,DROP
-0.00040932910244283,-0.313118397486853,-0.0717111388368495,7.91566942898968,-2.99177170445715,-11.4821944757168,13.4718264670932,18.0236209711998,0.186085733982272,0.321225443930469,14.2635658381351,0.720248400068537,18.9212561053598,242.811094032666,96.8560229173398,0.0192014026924017,DROP
-0.0192468106905691,-0.307026509063758,-0.245100644830155,7.79055502508983,-7.56882098884028,-1.86839022634897,12.6273518349951,16.6594685903193,0.229482989523772,0.393331975671689,11.0213738162707,0.68104073479192,20.6358374074687,210.364971274011,72.5953415089708,0.0355033231966796,DROP
0.0395266647007655,-0.41453858736678,-0.269691671949556,-13.3800227875817,12.2719257334396,-0.986333283554097,17.9228548531449,16.8902185971253,0.220450536900388,0.496123165713273,18.1823547526032,0.840256419370179,21.0359727671208,302.720936354165,76.6164701530622,0.0542612973623126,DROP
0.0620755354673237,-0.387948928247394,-0.23342013379982,13.3194838780213,0.329277215342354,-8.90291796819123,18.396076083662,18.2399507821528,0.221247615977092,0.456993109242341,16.0243259642881,0.892521402030738,22.0042986906425,335.543522350732,82.4409712196406,0.0462059499084794,DROP
-0.0504002181222651,-0.386062075290681,-0.219217593364078,-19.1185653011864,2.93627169004693,-10.1897280728438,20.4588337562474,16.4445709653464,0.20724434878255,0.446811438086423,21.8625659247033,0.509032646058892,31.6740293023664,336.436743572834,79.34832343379,0.0413743573730486,DROP
-0.0123896293690178,-0.371908877123551,-0.218579895125004,-0.0079247353063141,10.2289003252921,-8.57382476099801,20.0436019821454,19.3829431545392,0.205351532931257,0.431563305150078,13.3469448076514,0.636764994069696,13.4798503713873,388.503997832134,94.3886246634599,0.0382460836160691,DROP
0.0552236358375307,-0.356403695832969,-0.32689672994174,7.09348491215478,6.62645144125487,-7.20368959026352,13.8928992701182,16.5998714530411,0.213903312084357,0.486759402996099,12.0880325369825,0.9804063932199,21.7337639313288,230.620341994011,77.6041926938558,0.0506811205868229,DROP
0.0290045231250198,-0.343164754990262,-0.29766752377431,21.3780046906885,-11.8164266406446,-4.81384527877442,15.3986654872532,20.6521548141817,0.249943270047177,0.45520244522538,24.8961870469518,0.468029078122258,34.0235117478716,318.015623574551,82.6270384605481,0.0517905615628987,DROP
-0.00080594106891708,-0.316241610679073,-0.271635135925173,11.3220336121136,0.235315746441438,3.76268152797914,18.8714473245484,20.0414280884028,0.207500748592871,0.416887338420092,11.9332137706215,0.685054756070432,17.20679516416,378.210754479019,96.5843816946582,0.0360626035857477,DROP
-0.0203668243799313,-0.383066105185351,-0.202822724247903,10.523417437875,-7.3345463761551,-9.47972771830183,17.2051326401076,14.8548487477635,0.219999162529779,0.433925691735968,15.9500195212696,0.482915138215194,19.2208600386295,255.579643054007,67.5219898792246,0.0414239736201493,DROP
0.00112672809669392,-0.340020353131005,-0.220382576791446,-3.23618851202696,10.4553997437087,-9.89936946795366,10.4332771370051,16.5977616739481,0.22532589514015,0.405195743083235,14.75756808384,0.7746159876207,24.1754540573314,173.169047398261,73.6608102802132,0.0369948144320171,DROP
0.00251134104349803,-0.375446166635277,-0.0984067983792131,22.4313497907814,4.77040246562724,-8.97851122085594,18.2093971926122,15.7793218991514,0.192797874020383,0.388136611056221,24.6279486937805,0.587201365681621,31.8121188825584,287.331939891732,81.8434338858387,0.0290450052818872,DROP
0.001810012285558,-0.424677483858142,-0.21840078498093,3.93361726870059,-2.70771640376016,-5.3098559773076,13.6236415688602,16.3976084108164,0.198912040224151,0.477549101476322,7.14140346427511,0.719736948313452,11.8608212821361,223.395139575489,82.4360654904183,0.0453625162163917,DROP
0.0962787838764881,-0.379429975820542,-0.228724368978011,-1.56079057781284,2.36063940418285,-8.65054946579252,14.2502151486894,18.1829816471673,0.190508494020913,0.453377930363072,9.10168620006718,0.904281363413855,16.1532406610606,259.111400516805,95.4439658801007,0.0391593158036729,DROP
-0.0181127496780319,-0.346013097217657,-0.0537882564295148,17.7716810210109,-9.89667823249725,-16.2430121013125,10.8416528181654,17.9112519614001,0.195354040909633,0.350637008424356,26.0309878505125,0.623597751784916,31.928177202691,194.187575304184,91.6856400428669,0.0240180588009945,DROP
0.0153586804549298,-0.43211056833112,-0.0623406714283858,5.00517445669155,7.34886006460557,-8.09775419779021,16.5156358693721,19.7553418141946,0.203066681978568,0.436854428434579,12.0262686914479,0.871224247128437,16.3152990552568,326.27203187822,97.2845192386627,0.0387536094117694,DROP
-0.0540512345627411,-0.330844777497357,-0.196018244088608,4.88599696125514,-15.4218651626491,-2.43054930442692,12.0916285155123,17.6478698511786,0.219087255469804,0.388333561221038,16.3589260442602,0.448330232033957,18.2766187613263,213.391486330561,80.5514189399848,0.0330390054774306,DROP
0.0134016023509876,-0.35782824687665,-0.254428682274051,12.9056222111196,16.7592491061657,-6.84283024708913,11.8735229645549,16.484405715302,0.158963727524537,0.439265991822837,22.2317754812596,0.555557480154636,29.5218474628088,195.727969817677,103.698512066191,0.0306727842985502,DROP
-0.00434919612015537,-0.327667286162518,-0.0596746311288329,-1.2140194362643,7.31165902029318,-10.7785612671816,10.6991732179876,18.3129823695766,0.17803012731462,0.333085315690084,13.0809626484846,0.529202193406383,13.2049020788389,195.933770510054,102.863935345495,0.0197516997999003,DROP
-0.0305859286566127,-0.366604336961742,-0.154192590481663,5.28595381658854,0.44913986943331,8.24343628280698,19.5780861687172,16.6961754721693,0.223549934216717,0.398885439531693,9.80292181556704,0.631550699264201,19.090770508679,326.879162082153,74.6862254486646,0.0355689392429747,DROP
-0.0589031125947204,-0.435200690853704,-0.289671037200805,11.6362733562754,5.40495253502837,1.97937035903514,15.9035767154991,17.3774383751995,0.196263287301611,0.526097450845257,12.9820752018351,0.852294672117544,14.7469398689433,276.363424318842,88.5410107672545,0.0543214637177567,DROP
0.0303680902208321,-0.299645883714383,-0.114405571713778,6.11986674710555,-6.80355215967267,-9.57245566281649,11.7012622354739,15.3401770422623,0.203850592598676,0.322177763617836,13.2428470658051,0.585290045941545,20.742420707722,179.499434310108,75.2516909321506,0.0211593880535922,DROP
-0.0803272538314925,-0.352001596002382,-0.319993509543267,9.57117460922616,5.92173492140646,-3.32364184590089,17.6345974600494,18.338374962226,0.226067970320042,0.48244526886078,11.7354558070628,0.726220975046281,13.5964141974361,323.389860530304,81.1184964317067,0.0526180971884641,DROP
-0.021553780934238,-0.331646448377045,-0.222073147603765,11.6101572463227,6.50064378639341,4.90293743704323,13.6171647757538,19.6865999121428,0.209908605004042,0.399712915828739,14.18072341009,0.436904745073403,20.8525901223995,268.075674877989,93.7860843088324,0.0335371849504253,DROP
0.0171592465160437,-0.332640405224013,-0.254488315075475,10.1096641622453,6.53997734302658,-1.66874669179773,11.3181927008064,18.9365771886222,0.222786277711839,0.419175835943042,12.155711770278,0.652372350852684,14.4145425796388,214.327829714521,84.9984675207329,0.0391454162634661,DROP
-0.0344491283411859,-0.318582032109389,-0.279886711826647,10.9672819783698,9.04560389172983,-5.71496889712122,11.7235974670892,17.567042418358,0.217870027669258,0.425461896159395,15.3220459878639,0.900156310465094,19.9518658617979,205.94893400011,80.6304656763537,0.0394383585595815,DROP
-0.00312929425130673,-0.384618842227207,-0.247689898042247,20.8860923904422,-1.88496540382289,-5.51041573277513,18.470150194644,17.5028066454818,0.177214726990075,0.457484132917075,21.6828649274886,0.951344656383589,22.0572602879304,323.279467569863,98.7655381537443,0.0370895771247794,DROP
-0.0395142315746548,-0.36473598891742,-0.131540916290849,-7.64865907412371,11.7532754778115,-9.38036537611899,11.0408378950151,18.5953352558078,0.19008763855256,0.38973930872718,16.8710617531616,0.598141109548826,24.6945421677596,205.308082162834,97.8245485758802,0.0288736904752043,DROP
-0.0559418663873518,-0.327081936590519,-0.318832618895471,-7.83128065157399,-4.3402498379525,-7.75679433828253,17.5382395103705,13.6614653183374,0.176967405028842,0.460180752020822,11.8462898709248,0.50447006175322,18.9204670850871,239.598050815622,77.1971997832661,0.0374757369246491,DROP
0.0360259869999291,-0.340354823608281,-0.0879409032543347,8.64255903233422,13.1486358438192,-6.76475232214898,11.2174834493835,14.8617868451064,0.185236823954818,0.35337357025948,17.127239274348,0.45378720862048,19.9365073997578,166.711847963246,80.2308433980061,0.0231310557185459,DROP
0.0349470140100558,-0.355315465268087,-0.270640473163256,8.29267468657645,-2.79103299508696,-8.32593844353533,9.61654212685874,20.4792541881549,0.190740203115749,0.448014106207525,12.078061500199,0.57329704752284,19.5716218113883,196.93961062704,107.366703437051,0.0382847325604138,DROP
0.0302998015449409,-0.277786892894054,-0.240855628020627,4.21414584917307,-3.94324073900293,-10.2334780344856,18.6511769189964,19.5752345715576,0.183144446147689,0.368910652308396,11.7487125016375,0.808035966587087,21.7412935373605,365.101163224976,106.883545200311,0.0249250561062413,DROP
-0.0210579679318405,-0.253219139623541,-0.128254234832268,14.0876995058844,13.7707329379456,4.27402071589084,19.0607164030708,17.7410691975763,0.202842654242259,0.284626982975113,20.1584626421803,0.376387902950283,27.1271053336547,338.157488662255,87.4617905295075,0.0164327944695581,DROP
0.0295279193284993,-0.433094323404377,-0.215129789474319,17.8450645803686,11.4352751390926,-3.27985168236356,15.5788310324238,18.83619105733,0.218177466787115,0.484482628485512,21.4468942843149,0.563844071649652,27.3768389199289,293.445837776597,86.3338684825812,0.0512113605830519,DROP
-0.0297180991633679,-0.310121513496744,-0.234128571778187,20.8475804764029,-4.90897488699649,-14.9449442753689,16.0902230728889,18.4055334455977,0.192866405636846,0.389711055365752,26.1164891506332,0.814270755597915,27.5270980787292,296.149138915184,95.4310210417502,0.0292915287834203,DROP
0.01777917955592,-0.329493539784359,-0.230459172884694,1.750033470019,-12.5916231734706,-6.16532279037745,18.0835017737986,15.6921509573694,0.198901510869132,0.402484188946604,14.1287931685058,0.574071792339712,18.6620048531607,283.769039672305,78.8936795659358,0.0322207563468264,DROP
0.0118092583905388,-0.419842936100824,-0.220053568245163,2.44886819186441,-10.8223532941184,-15.1986316225324,17.1690451883411,18.837043336275,0.180449230661254,0.474163603068522,18.8180415942064,0.930548073351388,21.434135880398,323.414048255245,104.3891341521,0.0405706030793061,DROP
-0.00155092352610447,-0.436530996110016,-0.227121753621939,3.9367983754997,-6.31336455505627,-6.02591669676063,12.1913097905228,15.4273025648501,0.187372617197195,0.492083333285015,9.57437337326451,0.881577912263136,14.7728629658845,188.079024800215,82.3344438540358,0.0453715310561206,DROP
-0.0229916310293373,-0.326593241435399,-0.158674204100489,2.38384877817363,-1.02894712547774,-4.8957003655899,19.886108737496,18.3680469979706,0.217173163029742,0.363825869744846,5.54160168668463,0.561333521132646,12.5423177573858,365.26897989708,84.5774964283167,0.0287470516412554,DROP
-0.0020570144632146,-0.350673396280841,-0.202006055583078,8.09611611210848,1.15688862133767,-3.48704091006313,16.8774910277697,19.2528859218215,0.16929555640096,0.404700517246859,8.89072222552122,0.877821998745794,16.732843457851,324.940409404216,113.722844286468,0.0277276509323186,DROP
-0.0453661933183688,-0.293160674660775,-0.200516332986202,0.00255776304154232,-0.474953906648549,-3.32716236148963,17.1121497724926,17.8523849096587,0.241862983210772,0.358061548421488,3.36089231236375,0.702957041167272,6.10680385548802,305.492684370268,73.8116716373654,0.0310087868763931,DROP
-0.0301797262760268,-0.27559530205418,-0.135159691202802,17.085794632225,-3.64919636822954,-14.3677895494981,16.446434496187,19.14708134738,0.206655104077201,0.308434317997313,22.6202207966044,0.492498189039108,24.2264625184081,314.901219172848,92.6519031841767,0.019659457258028,DROP
0.0131793812410461,-0.33621728122227,-0.106206764081913,10.5609085042299,-11.2447399721109,-8.17165179363951,17.0578757225202,15.8748382735625,0.207559255003087,0.352839387000861,17.4571721224142,0.399092816130603,26.3221906174531,270.791018385537,76.4830351231087,0.0258402208405911,DROP
0.0566703537130464,-0.362391858678512,-0.140629817358145,1.06447658047717,-6.53157172801064,-9.82071395594095,15.2844385094636,19.5304343972628,0.181216890756273,0.392830922607442,11.8423377013555,0.774385896752058,15.8625313017691,298.511723608077,107.773213316615,0.0279646899529027,DROP
0.00275167128337023,-0.37513974269097,-0.290163111224715,11.4537776499634,-4.30672111862271,-13.8267174001746,14.1537464361033,18.8991409765644,0.19771090982971,0.474269996264475,18.463883213254,0.706002032919847,19.6465082202365,267.493649242462,95.5892894507081,0.0444715161739572,DROP
0.0245800004954456,-0.348698188629879,-0.230560203431068,16.3566549175619,-4.27992410108962,-6.3843045349633,11.0553348244084,18.9924106764115,0.208560257455194,0.418751251442059,18.0725552924439,0.669525002962292,21.2305232749981,209.967459150397,91.0639440332858,0.0365715856088999,DROP
-0.00292764691569197,-0.34265147709908,-0.206943450687314,3.53335071917996,-3.65636328734199,-5.59554344805262,13.3945912410275,19.0214240734882,0.209651356656444,0.400305130690348,7.56066572947095,0.511407114710601,10.0923868340856,254.784200286615,90.7284057133616,0.0335954134351169,DROP
0.0130292963719066,-0.362167127071489,-0.257904026325728,2.18615068331173,-5.69413448091974,-10.9398454004253,12.148092046744,19.6799673857531,0.20109378798593,0.444802514932396,12.5252800241013,0.546941259460881,20.9623946680852,239.074055279048,97.8641345350537,0.0397862606205618,DROP
0.0328422105437749,-0.406917629722106,-0.130859906592102,11.7709800946727,-8.557631070135,1.72046719904182,19.0161084103437,18.3627971740807,0.1946795456403,0.428701391793113,14.6543177700192,0.512887918802386,19.312078365367,349.188941779472,94.3227126967714,0.0357791575813352,DROP
-0.0203466127893259,-0.334822121877818,-0.262589604218086,17.0849583624728,-4.90106999790884,-6.12604558580325,18.0711466805565,20.0236268511156,0.199521587303081,0.425996641059732,18.8001256349837,0.788806824331708,20.6388311962419,361.84989790324,100.357694443382,0.0362078085853729,DROP
0.0474396130374644,-0.375703109226326,-0.128187191873455,2.04894636940945,8.91712590212337,-14.2318160132023,16.3533283936848,15.1136348135474,0.186735628212637,0.399794071151481,16.9191578576676,0.894797438246963,17.3564033619506,247.158233328168,80.9355666224065,0.0298469450305456,DROP
0.0332570197850154,-0.335015732671808,-0.268439426997055,15.9933320688611,-7.63670564708617,-13.9424576398228,16.7283007013671,19.7867035299608,0.200130428636862,0.430582508317647,22.5499017479756,0.770772264009277,23.3399056710286,330.997926537986,98.8685468580934,0.0371044409321943,DROP
-0.0576201857790078,-0.342107124468427,-0.301527366042653,-3.79893292573752,-4.58967361462921,-2.63551349570739,11.121520867272,19.7280693668212,0.177964231397744,0.459647824854946,6.51482360844344,0.850577999455934,9.9913731502009,219.406135134092,110.853503304417,0.0375995928235053,DROP
-0.044899386205555,-0.395354146677285,-0.136359254832371,28.0408875829879,9.71194353670703,-9.28225389907518,11.2126515060358,18.0851895717475,0.195687313506843,0.420612294821489,31.0929808984093,0.595823329082802,38.0394231738342,202.782928088599,92.4183424531129,0.0346199628628501,DROP
0.0638747342051485,-0.34120397373762,-0.270141220792123,4.77309651099786,3.79054029683493,-2.28238998838582,15.4127990551746,15.2173116581702,0.216128125137479,0.439859537278868,6.50845220496496,0.766152371720882,11.2346167816574,234.541366747343,70.4084266685045,0.0418156942995539,DROP
0.0165618505269783,-0.2307048291431,-0.146501493919429,18.5126977188653,7.33065968834505,-10.7674172446959,19.4976819827572,17.0988192159004,0.220049771391923,0.273791345377185,22.6361618305265,0.575411554510478,27.2098599897692,333.387339352285,77.703973077406,0.0164953051249487,DROP
0.0179802733623959,-0.436917343131592,-0.0628364694395408,4.44283321571756,4.60378430451078,-9.48413956499091,18.4682597628432,18.022943736669,0.180230244524791,0.441778764599411,11.4403889878522,0.630058839330407,11.8869614821226,332.852406619912,99.9989973114232,0.0351752623063834,DROP
-0.0389753234271233,-0.396042115770108,-0.33756514679352,3.16880771118564,4.07898892798777,-0.0335016991649226,13.6307030295613,20.7123109786096,0.209388356217673,0.521841605882133,5.16532819373206,0.580350370227551,6.5493285533591,282.323360005349,98.9176878555275,0.0570203569260276,DROP
-0.0634061797353696,-0.379682329350102,-0.140347110269713,4.99318716709808,-0.959015675123807,-7.72707808203245,10.8896638653364,15.7430939492608,0.159207677694722,0.409727136287569,9.24983053015742,0.535644429985542,18.1630384653876,171.437001307862,98.8833911393182,0.0267272000358813,DROP
0.0213044029600536,-0.373050061472295,-0.274233515346604,13.264622340184,13.7168673236508,-3.74769524284583,9.72081208898135,16.0001655568929,0.185429511704529,0.463491366574744,19.4460246486421,0.487714663382784,20.9702474012484,155.534602771147,86.2865847147534,0.0398347552029804,DROP
0.0100295560862376,-0.297365795611522,-0.174021207287927,13.5158065802979,8.92100826358505,-11.8669371601351,19.1081322813973,15.9854740744061,0.18089076677851,0.344688829208183,20.0769921431865,0.4737723886865,23.6072935064543,305.452553194599,88.3703794765808,0.0214917023640096,DROP
-0.0134324224856415,-0.302078249639515,-0.137691905178234,12.4984769738885,-1.47600135387028,0.0308283293843541,16.7314597651087,19.2548581625496,0.222167774356057,0.332251049104014,12.5853667824717,0.536048127067318,21.2108040967913,322.161884629574,86.6677066494097,0.024525269376631,DROP
0.0179852227200155,-0.343324988335301,-0.259598375206508,16.1364743951503,-3.52148199359287,-8.19632896152507,18.0510524761373,17.736970439906,0.177748738346543,0.43079790187695,18.4381791341248,0.47935610732499,24.0660468130074,320.170984178439,99.7861971831755,0.0329878252882277,DROP
0.00273454828891349,-0.341848034010355,-0.269769280015549,3.99782477782615,-9.13339354248442,-5.61860054300444,10.618391656633,17.4018171008231,0.20601831222444,0.43548021832363,11.4442191790417,0.877502288161833,15.0000117806629,184.779309513632,84.4669216343432,0.0390699350191024,DROP
0.0771911722639456,-0.363003018826968,-0.232004177055514,20.4864238446034,7.83976271478258,-10.7693247347962,16.1062447945008,16.2284465438401,0.162684592374094,0.437670660341976,24.4363212576754,0.599769852960317,29.2405776520786,261.379332669559,99.7534342593962,0.0311631458294326,DROP
-0.0565592085304582,-0.300337673410881,-0.118254938318227,-3.16383258230094,-2.57575649149199,-4.39636034539502,15.222627221956,16.3501006503492,0.193805941374263,0.32769786782355,5.99769475705908,0.484926904529343,15.6664388311522,248.891487241726,84.362822788557,0.0208120240010267,DROP
-0.0184835289851896,-0.404713379551336,-0.234443335961388,17.7889868803473,-4.91899176594495,-13.9492624995277,13.5183408373009,20.0507310542582,0.202355817201995,0.468079307605361,23.1349618219554,0.519193732277764,29.3634940316626,271.052616428516,99.0860171231264,0.0443358030401609,DROP
-0.0221435106870861,-0.278511432818633,-0.232443297786683,8.1062284726632,-10.0505254892982,-11.5206593528502,18.1360386714119,17.8718650149158,0.211779408941544,0.363440283901201,17.3046119455613,0.584949187574269,24.6476025761917,324.124835040767,84.3886604253786,0.0279736964549659,DROP
0.00964522301817943,-0.358700154393895,-0.20708640713186,-3.08496976097159,0.829597765732086,-4.06910002906262,16.7583499602641,16.1000506299001,0.203901103051459,0.414298939303562,5.17328192983276,0.728838407402348,11.0568718771378,269.810282833836,78.9597085511027,0.0349983216366684,DROP
-0.0475767553166888,-0.361201740497727,-0.200891751165468,15.9820414308715,0.914876225038784,-4.18733107403247,12.8494236261485,16.7544858038596,0.18141199764954,0.416038148096277,16.5467938987827,0.668017495993092,17.9998690465182,215.285485732084,92.3554873186458,0.0314001928038405,DROP
-0.0672921529051965,-0.379834338188029,-0.176152747055376,21.5496528969204,9.7147523155504,-8.68271790552766,10.7579618997976,20.7942467415069,0.200412207851721,0.424066207807825,25.1824054203964,0.737115582242327,30.1116023958216,223.703714180121,103.75686794501,0.0360405579445486,DROP
-0.0762875329872491,-0.319747503379116,-0.102947241987129,-8.81985745026309,-3.61504663652856,-7.17428033509367,14.7186587077208,20.0720839626823,0.190298205229396,0.344465365805061,11.9301611872493,0.554501753940318,13.7078882679134,295.434153399437,105.476446622499,0.0225800977209249,DROP
-0.0584780184574963,-0.39261573081331,-0.190336512558108,6.50730543456603,2.97424386078222,-15.789845465804,11.8389170328156,18.5659879816996,0.192196719008015,0.440221283830721,17.3352349391666,0.523281418146215,20.4522513448551,219.801191347594,96.5983783653817,0.0372467206342448,DROP
-0.0359094917706089,-0.40933971510866,-0.16610933410493,15.7554752712837,-7.07061302316926,-3.21918968127402,14.0016566029003,18.5517336072169,0.214893414922959,0.443216431149891,17.566779777508,0.807516156203375,25.0879567248795,259.755003356736,86.3295289171096,0.0422138353825498,DROP
-0.0249054542269659,-0.299530987596337,-0.154096961642179,5.74588423576248,8.18513655594476,-12.1163712292653,13.1339394039178,16.7155867706011,0.223846968015561,0.337764663290937,15.7104455015004,0.781415568455781,24.4561132463543,219.541503746006,74.6738374209369,0.0255375741310288,DROP
0.0461663020213947,-0.330676905998286,-0.186592556163634,-1.69600244387678,11.4034438836168,-11.2492344743343,19.0657213543909,16.6669410379667,0.182680799062824,0.382485719496309,16.1077693351682,0.608297277304952,17.8781840057281,317.767253659936,91.2348199080028,0.0267253469831635,DROP
-0.0499010639556029,-0.351078552895868,-0.129995762595867,-3.03163182022023,4.98877214787661,3.62089168781263,13.367078956249,15.4359588509073,0.167961157848103,0.377683948269236,6.86946108888258,0.484668744370884,9.27769182231486,206.333680725488,91.9014083211934,0.0239588470379224,DROP
-0.0220246794656237,-0.446643425224961,-0.23278027533728,12.8993140098221,3.7986903151631,-4.90180311240549,11.5498824489853,19.8691644910343,0.21630125384751,0.504144912092098,14.3125827084874,0.778173157740838,15.4557742014899,229.486514230999,91.8583331315716,0.0549755792641065,DROP
0.0530125616828717,-0.29809251871142,-0.223351602816335,10.1437699382725,6.9480654881154,-10.2604062275594,10.2224421237608,16.0108426580605,0.186148623226065,0.376238514626725,16.0139819702122,0.736056016679342,19.6293440715367,163.669912424664,86.0106100704617,0.0263503465224364,DROP
-0.043052490906995,-0.2964503951972,-0.124367697658374,24.3267091901874,1.28229206663195,-11.9454622893728,13.2583250824315,17.2838733115362,0.193615581657256,0.324351164645231,27.131662725954,0.737424529911488,34.3471414825137,229.155211047909,89.2685593537255,0.0203690713097533,DROP
0.00125523873374611,-0.440304064578753,-0.242871380567427,5.44314765293666,-8.52704642346514,-5.47525777529186,10.7489902061654,14.9587167684823,0.192580135181374,0.502847643335014,11.5029050585273,0.822642103617721,13.762460213839,160.791100041219,77.6748810541288,0.0486949949800393,DROP
-0.0888668761152057,-0.3200049232026,-0.262575763179362,-3.92204930875089,-3.67633060748803,-2.49808024390255,12.4804316786327,17.4266460578398,0.233317075103118,0.423375133839485,5.92775525986042,0.708053300133161,6.28011605965421,217.492065512583,74.6905101550227,0.0418212700249138,DROP
0.0300333688865551,-0.277698768470837,-0.277863765113965,4.83890122508705,15.0920804461655,-0.830561817490927,16.4937952285265,15.481307912876,0.203770336974259,0.393988427774476,15.8705919924983,0.474834966482226,18.7451307197447,255.345522584744,75.9739232354926,0.0316306338937041,DROP
0.0134220395359647,-0.369358884943332,-0.236308932389402,32.1442191704068,2.06012485454353,3.0699858975272,17.1793635886053,19.6717034955253,0.163989839164782,0.438689011212847,32.3561393541082,0.517592026882623,41.3164674305508,337.947346756867,119.95611215672,0.0315595245307511,DROP
0.0040699020552821,-0.330259558871074,-0.252094695831246,0.266427690202059,6.76711562662849,-2.24653847685056,15.2945804919182,20.3988501082519,0.234498192923473,0.415499309258998,7.13524861138251,0.566484425080583,10.4140532178688,311.991854923233,86.9889992112207,0.0404836920476521,DROP
-0.0590772158370917,-0.344136829534669,-0.118831770045595,10.4586968803722,-9.63687012747273,-12.2260474943866,11.8901453484263,18.7799038445067,0.182711871464554,0.36883772101753,18.7544619657371,0.727113906345269,27.0793206490732,223.295786340654,102.783693857879,0.0248563540232243,DROP
0.0792977258294787,-0.409178963852284,-0.395937642058838,-10.4877625194197,7.43480685461261,-2.45886954203908,20.4579771505375,16.4303695898237,0.190634116304327,0.574875786740117,13.0887568185029,0.642314858540151,22.633201584878,336.1321256435,86.187528868472,0.0630011764666135,DROP
-0.0129602094819999,-0.325638951881615,-0.0473155234815267,2.52081033226578,1.82669131398443,-5.97568294893042,18.1593058643132,18.3342048477604,0.202555503137926,0.329313608547695,6.73795759811398,0.672359896557239,16.2742828461089,332.936433609455,90.5140272651537,0.0219666283608068,DROP
0.00292896136113071,-0.385771559929409,-0.169181316661911,8.97825881249572,2.07024436361774,-12.2487775688767,13.1222995809411,18.410911796393,0.173634009193771,0.421248849461316,15.327347942846,0.48600198638951,24.4658224975328,241.593500150551,106.032256293701,0.0308114579263508,DROP
-0.033810499225152,-0.362812304653616,-0.249152803258108,3.19885685162114,-6.5867338390956,1.15459844394528,15.0219930605215,16.114958480904,0.19275588199281,0.441421609844031,7.41288374325481,0.726648371046995,9.632641103983,242.078794470732,83.6025065061235,0.0375590691287552,DROP
-0.0379867981571476,-0.335989335721878,-0.201093098007165,-1.90410557880029,0.210332133683631,-5.92082358069869,17.7114187063085,19.7799217620904,0.178633872286853,0.393408521284402,6.22302254016775,0.501837872782392,8.91590512570319,350.330476306406,110.728221812859,0.0276472116837851,DROP
0.0759195308235616,-0.31496071278624,-0.235346510364689,11.2503384673815,3.09334155502576,2.93448215113607,11.1342428988071,16.1565380145684,0.211923630076822,0.400439765383163,12.0312120379466,0.590479500949698,17.4780135800381,179.890818658016,76.2371887057759,0.0339823791380693,DROP
-0.0260429862789141,-0.292031613564477,-0.128067058002092,4.29095716076757,-2.93128042087625,-1.96116642582769,15.6504399813489,17.9361974515313,0.211698067555648,0.319940419141919,5.55435792969347,0.696143665305462,6.03295728780148,280.709381708814,84.7249714352971,0.0216698104515886,DROP
-0.0974297447834352,-0.39589951595984,-0.326402029361424,18.4590934364099,-7.14585257671496,-8.64655902796957,18.0642790203977,19.0297059939897,0.240567253744693,0.522271257755065,21.600100059176,0.891808965002147,25.5985109560596,343.757918751564,79.1031472265052,0.0656188722559459,DROP
-0.0322500151684441,-0.350526793671386,-0.122492469861218,9.74216984372283,2.50627375051797,-3.67752027210255,17.8860821315334,17.8689358020618,0.188586703300984,0.372711016382141,10.7105292459431,0.552865711106162,11.5920456545358,319.605253358776,94.7513304912737,0.0261972393357482,DROP
0.0027763698180233,-0.357452372198835,-0.308924088177989,19.5809787048627,11.5163941132277,-7.3693942022097,19.4645444557711,19.0020670206215,0.204324803187986,0.472455287700903,23.8820022468602,0.843644540999905,31.6940865797076,369.866578274428,92.99886125072,0.0456081563892531,DROP
0.0119021618465295,-0.371702114754438,-0.178788931975428,10.840164057924,2.23290795384796,-1.5588978306865,11.3765027375394,15.6526071337449,0.209010302225715,0.412637378053002,11.1769941030486,0.80398071980363,16.0402116981917,178.071927906677,74.8888072896715,0.0355881017611005,DROP
0.0115354173586018,-0.366125389163832,-0.242307444528765,11.684474977133,-12.7748253653042,-1.33942223945243,12.9614578489198,17.8224582680739,0.200287042156687,0.439196725987416,17.3642497834143,0.768991908097855,26.4499952368219,231.005041605771,88.9841354289699,0.0386341214656769,DROP
0.0178106144014113,-0.405680225946569,-0.247569990459056,14.6135237095066,-8.505945892738,-1.75657590701108,13.6468980316876,18.6331619682469,0.219419516592838,0.47558864987015,16.9997573410796,0.514614071588716,19.7468615301558,254.284861388584,84.9198710201882,0.0496293076684771,DROP
0.0747625538554843,-0.282123790520247,-0.20475761302808,-3.38838127655459,-1.99888367956112,1.73714554703456,14.1054255526003,15.3931435360699,0.169860458505094,0.356523425218405,4.30050442289083,0.812289370400663,4.85545952250715,217.126840168525,90.6217553501596,0.021590784990729,DROP
0.0304709060853352,-0.355781188898525,-0.270643632405561,-5.45241245260542,7.21283501502992,-4.53684109982597,16.0999155442723,15.6565758554057,0.192981753594003,0.448058820082125,10.1161612122602,0.661122297454533,17.4510190876439,252.069548984526,81.1294043836893,0.0387423812185345,DROP
-0.043819063731099,-0.370885650247865,-0.0662644155088643,19.8808077728503,-3.97791297550894,-3.8889806748018,17.1912135351354,16.9235869967956,0.220711256128238,0.379298363651602,20.6444781971047,0.472596827273755,25.0123168498701,290.936997842353,76.6771510276379,0.0317531211694007,DROP
0.0184245260729175,-0.346163899654834,-0.241792778955229,7.9912674588469,6.09536787823562,-8.31034382259795,19.9761627634596,18.8071144759452,0.196117905023946,0.422649567064898,13.0413066684149,0.886653933539497,19.2060770815011,375.693979882498,95.8964892938235,0.0350330623695154,DROP
0.0159323332016485,-0.336474511366301,-0.13674469120785,-7.68699704609535,1.26294656902506,-9.11055897849215,18.2797003718638,18.5705652092253,0.195862156653901,0.36354923547433,11.9869613548837,0.778677334844494,16.3917413163116,339.464367760797,94.8139789355091,0.0258867186505455,DROP
-0.0231204820719648,-0.356210959034139,-0.350203356201788,4.54569010717019,-5.58389062726747,-1.62546728069121,15.2913967499718,19.3922877980654,0.215670032187111,0.500063190729189,7.38141429323054,0.612305868169816,12.1331202003975,296.535166609855,89.9160522459088,0.0539311372545611,DROP
0.103340764833533,-0.314968844750862,-0.18677106427292,13.5010534750614,-10.2754823048048,-9.73612325863018,10.7357425480098,14.9412172298955,0.212206027718813,0.380484056551272,19.5615970114933,0.744788239770601,27.7347276072352,160.405061534045,70.4086824574607,0.0307206671103808,DROP
0.0646522509267728,-0.310138953271082,-0.116719394524662,7.24245468993186,-0.209583429532008,-13.6445849212832,11.0687867468127,18.8711557992468,0.177011412619484,0.337623312204866,15.4490055609984,0.708815807618574,20.9564959984878,208.880799207741,106.609223161165,0.0201774425859201,DROP
-0.00482328816866943,-0.36892318649942,-0.102576337689736,-0.742243105056004,2.69219753537557,-19.7684563648725,11.8049905291751,18.627514379626,0.189109201615621,0.382948412582534,19.9647368990015,0.473375414524112,28.5957599063771,219.897630833558,98.5008435318977,0.0277327673470799,DROP
-0.0110095234743536,-0.30636454897607,-0.27423194585266,15.1463858168598,-12.693125309165,-5.85921823794661,12.4876650006844,15.0027841909803,0.208761344590671,0.411319348684911,20.6121049819571,0.861389589805815,30.5716772556906,187.349743054526,71.8653750531346,0.0353189971970537,DROP
0.0379399382241067,-0.321309637881194,-0.218146964960215,7.74525345776632,1.05954388601331,-13.7208326388381,10.8729614870764,18.4263639822687,0.162267502100979,0.390214582799191,15.7915430745204,0.408903728340988,19.6305653914692,200.349145926059,113.554779539421,0.0247080539968508,DROP
0.0615086208479617,-0.354026857738524,-0.103935981405298,3.24487303732422,5.59074443737882,1.82077161803387,15.8014217471847,18.0193673329275,0.203270979203351,0.374060175198475,6.71571542558748,0.550412902676506,14.3208082124253,284.73162284503,88.6465877075025,0.0284418816629985,DROP
0.0367166021512445,-0.361568838742841,-0.268755527549282,-0.944540055022085,-8.94396311480394,-11.9938342941925,9.96352691598288,19.0963599850647,0.181466589736555,0.452006269438459,14.9912872426308,0.655840659179981,18.2536142788024,190.267096708491,105.232895928071,0.0370753786316993,DROP
0.0332489728418502,-0.309597398882798,-0.289873567541332,12.1249488774327,0.907383447516674,-7.1887031969381,12.6667824891074,14.2059488652679,0.17545678574162,0.425420649180515,14.1249843771542,0.605645067531067,21.1072306668804,179.943664327731,80.9650526776148,0.031754647861077,DROP
0.000556792798548832,-0.316496430497098,-0.255231891834691,-1.57709685412599,-2.99355159793156,7.70514159165213,18.4289367309094,15.978203137132,0.222017791216693,0.406587775449706,8.41533080776866,0.781485260356353,8.98328918510836,294.461294687825,71.9677962823295,0.0367025645806418,DROP
0.00498614912191692,-0.380558895326368,-0.273818157308883,3.48327774413056,2.95086205703143,-7.58214425836586,19.5043369387507,19.0518562926524,0.160451542167166,0.46885639354404,8.85040802884553,0.675899851354463,10.0105443911395,371.593824440551,118.738263883681,0.0352714716946644,DROP
-0.059415934791344,-0.342198203512128,-0.247509769931835,8.48637969700664,6.52578270947824,5.70283425174956,13.4907205883944,18.18747821477,0.178886363864457,0.426486752438768,12.1295836217085,0.923211579638016,18.5110612026547,245.362186802972,101.669999612441,0.0325378106663835,DROP
0.00956342431925405,-0.355399026205827,-0.143740579080281,16.9255576206041,-0.322618256787556,-6.23178497084478,15.5183779691239,19.1893643580031,0.200203505786674,0.383485698543107,18.0392274565971,0.746812360996803,27.1489119832136,297.787809094725,95.8488136048751,0.0294421840190955,DROP
0.0968189577017344,-0.294455594573116,-0.159640724008916,18.558377551367,-8.0724659916687,-7.76936496189172,12.5654623333399,14.5716503603728,0.208790019334197,0.348659100710061,21.6781252980234,0.670809585285608,22.6120080531457,183.099523737863,69.7905992644685,0.0253811763031008,DROP
-0.0252431056448413,-0.39453059167213,-0.276880312110765,16.2383192330382,-0.863700681294066,-8.4986151868432,14.2086112365936,16.5213777471741,0.188698095237497,0.482653405025089,18.348172946508,0.650704780033217,27.9600087384204,234.745833502505,87.5540909530078,0.0439580344578089,DROP
0.055657928342476,-0.374820572883554,-0.156319016194783,6.67665514302482,-3.54852071712886,-8.60838897261177,13.5588345918476,17.9492871964651,0.233938697110585,0.40990718665112,11.4574902959835,0.725680020842068,21.3204520333388,243.371416138437,76.726128220899,0.0393072926397044,DROP
0.00931517122834428,-0.261268724733402,-0.287541409996897,3.46350734532689,-12.6698207440063,1.40973035372205,16.2394170050538,18.8538569458518,0.194708757129373,0.388623444225687,13.2101317361558,0.717115406468049,13.915335551414,306.175645097316,96.8305709165077,0.0294065094922609,DROP
-0.02181853154995,-0.320221004729333,-0.171993242928181,11.9620898051021,-5.65019794987059,-9.67136386832372,17.3771970844627,18.7885144820377,0.205977030506051,0.364141752346269,16.3875443081496,0.452040723002041,16.8613619249912,326.491719078651,91.2161089989924,0.0273123927182882,DROP
-0.0643824136744517,-0.311007349966886,-0.234512628918377,11.5686631222563,2.58088402790272,-0.657697566583336,15.0881112694155,15.7858736892137,0.193991763229804,0.3947997467656,11.8712886786071,0.692642016277318,21.4328293901232,238.179018707795,81.3735184054972,0.0302368831296166,DROP
0.0455324919276703,-0.380063711508098,-0.217827948744577,1.30716838220417,-4.40361870403142,-6.93700788997135,10.4599825596989,20.4913981246558,0.199869878308541,0.44042098937349,8.32001354178311,0.613587047953903,16.5403892071631,214.339667007747,102.52318045565,0.0387688897873492,DROP
-0.0929378694786872,-0.280801090934569,-0.0798151457495888,5.74578596109602,-4.88626204290173,-13.035875534778,19.2332381756597,19.206367898973,0.204233962838153,0.306361155736672,15.0606661214189,0.717947242334383,19.4243385475865,369.400648290292,94.0405483570078,0.019168819266846,DROP
0.019619968886664,-0.362596193072488,-0.308425796474891,12.5877810492717,0.360880449492675,-8.57245395103074,17.7359918390629,17.2001913192019,0.195118998587868,0.476431961922104,15.2338252972053,0.489552439492636,19.9478560808311,305.062452867686,88.1518626675068,0.0442895569782548,DROP
-0.00226755882544547,-0.333119216793867,-0.162282060290745,-2.58458804711557,-3.31751369786004,-18.9479549394269,16.6248274374714,15.5323713439541,0.198454466257421,0.370552319534766,19.4090439974599,0.720522219926077,20.4852188055002,258.222993287962,78.266281281498,0.0272495885766108,DROP
0.073276208176645,-0.327028351990022,-0.146567892711552,18.3263962833778,10.1919294669411,-12.7133014315086,18.6809768571113,15.4725331168064,0.19757391182578,0.365785583182227,24.5226479052101,0.782047949765212,24.8803824252863,289.042033075948,78.3122359707792,0.0264352101758737,DROP
0.00880931731463388,-0.433117289573636,-0.0574608299169659,-6.51679046109083,10.3610577876791,-2.52937349233667,15.6978913706638,15.4633926328109,0.214704378271747,0.43700107273771,12.4987121999478,0.527263065691508,18.9824503456224,242.742657771789,72.0214498457476,0.0410020817154005,DROP
-0.0233130964502742,-0.341573534897591,-0.249640585361539,4.2252468530231,1.57131253836115,-10.6007041454839,13.3455596344104,20.4488196304885,0.218229225229644,0.423717361065354,11.5194037364037,0.847403096945997,19.5189251110045,272.900941831987,93.7029671713448,0.0391800899238584,DROP
-0.00448126963432234,-0.432859821580642,-0.131426386472478,13.0198858101941,-2.04002796628263,-2.77193324807594,18.9034020778954,20.8542190996829,0.183172948847756,0.452394299231958,13.4670989654601,0.92323776437272,15.4985735856229,394.215688661831,113.849263123195,0.0374882859771892,DROP
-0.0836689613016251,-0.414673444489545,-0.163790709482918,5.58947686975806,-4.28869625553143,-9.48099205761943,10.5029730275292,14.8283758510469,0.226135156954638,0.453631962237048,11.8120437540001,0.719109708730411,20.0559900604993,155.742031605611,65.5727772627772,0.0465345351814953,DROP
0.000284336730609937,-0.347899796353277,-0.174968116794666,8.68769691250824,3.81233368219802,-10.471905030816,12.8181403135697,18.6958248329429,0.201539560285361,0.389420326953666,14.1304904629123,0.54139274984242,19.6037480260532,239.645705986583,92.76457704827,0.0305631097412193,DROP
-0.0391433878316623,-0.333485161258533,-0.239553841403646,10.7330820200787,-6.21178711863946,5.26138291642241,10.3597068719351,17.8877643987196,0.203952461111919,0.412468908551678,13.4709873079241,0.47226806099509,17.0381069135778,185.311995764971,87.7051279306494,0.0346985546868724,DROP
-0.0568307892338625,-0.407885928498271,-0.118355848300681,7.40096185199538,-13.2896167217006,-8.88231568372283,15.403022205355,16.9717309307748,0.196354446207432,0.428495946420516,17.6148710142795,0.641394488603742,25.5433213628833,261.415948390034,86.4337162965456,0.036052399549707,DROP
-0.0265338549806573,-0.347298320578665,-0.148242053503915,3.67924931423186,3.22847559919902,-1.20838522335549,18.5516541407759,15.4668029779213,0.202593228619357,0.378544416632914,5.04183746851512,0.54197844512719,8.19430758665881,286.93477950992,76.3437491942627,0.0290307740378203,DROP
-0.0324716149279472,-0.316838048634936,-0.1671144927371,10.9913054604896,-9.03611446477166,-3.61542424141353,14.5732182255608,15.7459258624085,0.18425484753758,0.359677645290337,14.6809895031515,0.737781926898402,23.4063456979111,229.46881375638,85.4568583458224,0.023836682686388,DROP
-0.00841296805407001,-0.39287799668187,-0.268104335370905,7.42708208162902,-1.50548761628697,-6.56423376490981,12.547902311488,13.3088170277146,0.233882874288577,0.475714024339112,10.0258269549414,0.72476494019088,15.8801554153088,166.997735945231,56.9035255987489,0.0529285909135493,DROP
-0.0608748470129333,-0.289376037732125,-0.149864795942912,4.77716476973081,6.01949172282401,-13.8466163223976,20.7799347912022,17.7971246807566,0.238156306018175,0.331517262409369,15.8361727515834,0.689325744152477,18.9327719904451,369.823090337018,74.7284430543502,0.026174258084537,DROP
0.0150293013998049,-0.294993466245729,-0.348450921170665,-1.98825096064253,-5.08579617134793,-17.2390157326581,17.1721417814338,16.2398077466236,0.184009057101215,0.456798718795183,18.0832001595355,0.925771245410734,20.1657450234206,278.872281128246,88.255000854061,0.038396262687352,DROP
0.0102090813683523,-0.36612383798456,-0.265043021283067,4.96281044769896,2.0579401760952,-15.0841746272795,14.4166220547018,19.3197555391519,0.196655118293738,0.452104736995517,16.0123992422885,0.571357142140937,23.7738814657518,278.525613797186,98.2413143652856,0.0401960491930426,DROP
-0.0438652736707484,-0.372932472505386,-0.314343258018459,12.4484220403171,10.9927977766564,3.97026201530674,15.1150177610371,17.9613954194282,0.180729781757698,0.489708561437157,17.075356357116,0.904891994850922,19.8752131986699,271.486810777668,99.3820490607329,0.0433416177552656,DROP
0.0163515733038474,-0.349262140174267,-0.344285793619845,4.03348845625183,4.72905575962852,-0.889815675268853,15.7606771578896,19.2682465915324,0.210042286294219,0.490697589353226,6.27891467057378,0.547322147609181,14.1000508101395,303.680613927749,91.7346463744733,0.0505748479497032,DROP
0.0358997899692945,-0.348199779813265,-0.214685351645392,11.8463065782973,3.82039266498172,-9.95739871287946,13.3263564601343,15.9259221624845,0.223750603757552,0.410635704478984,15.9398923706815,0.71007977007322,23.8512619093108,212.234515693621,71.1767955850772,0.0377292031077867,DROP
-0.0155287797501577,-0.400090841019177,-0.0855283751544663,27.7926252703602,-8.60623603007006,-14.939874157456,15.54922648052,16.2637561800937,0.199841938648227,0.409425117725482,32.7062250628923,0.736653032538381,42.578656020899,252.888828268234,81.3826912779837,0.0334992897501032,DROP
-0.110720487058394,-0.328613268644592,-0.107794395684233,13.5125951355442,-2.65943914434998,1.01674334300484,17.0243064601661,17.7115879711777,0.185446916059326,0.363132673171474,13.8092943659398,0.728441070216951,17.9104588546803,301.52750151752,95.5070746953644,0.0244540203274279,DROP
0.0088952339087956,-0.325559658458256,-0.266927666158384,20.5304612509605,-12.9880957813692,-3.60681087949092,17.9859305953948,19.5698203285641,0.206889996782082,0.421092145928311,24.5601212522175,0.583553757262455,28.7905428347555,351.981430193899,94.5900045576989,0.0366854436239531,DROP
-0.0926983067311744,-0.37562125725338,-0.371720521691625,13.7222385194011,7.71781863211746,1.32131607294371,14.0798871685611,18.6909711572351,0.183282764315207,0.536526281945377,15.7990642313466,1.02355974497211,15.8601610863448,263.166764964701,101.978324305315,0.0527598592362817,DROP
0.0441673810705898,-0.282639180709465,-0.11909326387168,21.9823459764499,4.03370492418609,-11.597898020762,19.2371927196257,20.2192155293256,0.192365304293581,0.309869116761193,25.1794668041986,0.788032323042864,30.3509171144047,388.960945777286,105.107885726535,0.0184706990535948,DROP
-0.0422261110507072,-0.330252020848574,-0.150104883525958,10.6100303321927,0.308473564290227,-7.73167093355613,18.1532278061898,18.7147473783428,0.201546650306968,0.365213523554886,13.1318938091469,0.507169306242382,19.9319731932849,339.73307249435,92.8551999978132,0.0268824771949145,DROP
-0.0170934234610348,-0.300689618528599,-0.07413358376601,-1.22225826127336,2.82193627440589,-4.49784136802119,17.1827839734567,17.6151750318421,0.17689509739189,0.310164827242685,5.44865272943152,0.494080096039847,14.8928115815984,302.67774722677,99.5792179225864,0.0170177010865616,DROP
-0.0109782095466421,-0.410669066840167,-0.205498561689022,17.5341737548419,2.67096463821429,-0.347320422160492,20.647060465648,16.0429799999857,0.240732567033036,0.45934656023582,17.7398402709615,0.908479794496791,24.501847999325,331.240378108886,66.6420566010396,0.0507943940797446,DROP
-0.112280177858757,-0.335161290922938,-0.19526141197556,11.0554907539428,-4.9697303645258,-11.1531211001781,16.799487600221,16.875839283929,0.22347045483784,0.403815487914733,16.4716181956067,0.814492100232062,24.1194786007073,283.505452793689,75.5167558029943,0.0364406451011085,DROP
0.0367320793815611,-0.307921324408494,-0.340119571989278,5.39174201828187,-0.0164408473122859,-11.9572002335769,19.4004960332909,17.6546471301857,0.194917890923367,0.460267434141656,13.1166226491051,0.492490102129879,15.5977223316214,342.508911618318,90.574325795475,0.0412925971430552,DROP
0.00682538238841952,-0.343664828273943,-0.273867790998384,9.29861311792524,8.40217057911981,-9.43966091025689,14.2331307426277,20.0124060111613,0.238525134104711,0.439494786071054,15.6897378709177,0.720292890525723,24.729044472602,284.839191231407,83.9002656303312,0.0460724813703579,DROP
0.0216585215591867,-0.370122858354616,-0.139153262288451,7.09745677962097,1.05972827443578,-8.78633240889838,15.1795551805413,17.2166843520858,0.214673268719395,0.396009661799102,11.3444503592675,0.703759864150815,15.1866295615533,261.341610148448,80.1991056254165,0.0336658460384964,DROP
0.000294116700341613,-0.38702150283213,-0.131437067500627,-0.154891967152228,2.03335549057593,-8.16703074680921,14.9067080458093,17.7112079109211,0.220547376809859,0.408731492391078,8.41777389170501,0.618067722304755,13.3273366489109,264.015805466729,80.3053197085666,0.0368449607860684,DROP
0.0871895693807451,-0.335242285909031,-0.219728718660901,10.1648324231166,-0.0143292804347797,-10.567512490582,16.7530175004312,18.9881630416138,0.208472055875964,0.410207412261985,14.6627536212311,0.620668201238998,22.4867732170394,318.109027737196,91.0820967334564,0.0350796180829346,DROP
-0.058956689888462,-0.344257918356086,-0.167501183096512,0.645759110517274,9.30262777747187,-10.9798725696543,18.4221280073144,17.1042507554008,0.193445500343362,0.387357782898706,14.4053285294315,0.427798535853905,14.9037975120467,315.096696885198,88.4185070551353,0.0290257335983085,DROP
0.0421397045463354,-0.316373724700785,-0.139250181548177,25.7353355122682,12.1557233973937,-10.4504501337635,15.3694592823267,15.285849330791,0.214909055660925,0.34822220124728,30.3196473139322,0.7292075206797,31.4484403970667,234.935238885373,71.1267291973917,0.0260595930174631,DROP
-0.0120270338047053,-0.36715670646664,-0.27855457208171,4.964187163798,-7.48081606424815,-2.55264651260184,17.6394866156208,15.3244811559947,0.157859355884865,0.461022067013277,9.33390418863555,0.639997271313842,11.0679935232641,270.315980242502,97.0761852784087,0.0335516400215886,DROP
-0.0388986781203159,-0.354811769421149,-0.242201629766555,14.9243111045921,-8.10225756381197,-15.0310673225982,17.9222737700748,16.9477897980122,0.20911915278074,0.431353831953363,22.6785057804406,0.488659452695523,26.3211496077953,303.742928557655,81.0433120512385,0.0389099911198309,DROP
0.0867273493550835,-0.356407524185521,-0.395284543096468,8.21847881758585,6.01965447926475,-10.7889239503577,12.622881284,15.1814966114224,0.212413225061326,0.539256735176479,14.8384808565918,0.610738802954949,16.2716171609306,191.634229439433,71.4711861083662,0.0617693041534988,DROP
0.0459282659029688,-0.287703111571465,-0.0941281236093109,0.824721731712124,-0.842215474798959,-6.78251019247961,18.2847921121878,18.8031583276625,0.201157543780683,0.306174116592122,6.88418022366054,0.68443187855685,11.6874521148269,343.811841073862,93.4743211710807,0.018857029085852,DROP
-0.0218552235034733,-0.362810620749911,-0.129322659990676,19.2784520777454,-9.04259896297184,-12.9657984860937,10.5899990757558,16.9288781718881,0.240024349677586,0.385789512182986,24.9306887369975,0.609883187020691,28.1357589203907,179.276804193878,70.5295427946581,0.0357236754993935,DROP
-0.0183134347222588,-0.36297927530251,-0.180214353051776,7.39886292901344,11.0276986642084,-1.29728579140195,17.7878077167951,20.4749017532312,0.204972720781478,0.405668028363503,13.3430229294372,0.558881895782581,18.9837837163401,364.203615406746,99.8903746059203,0.03373165334659,DROP
0.0151188857459743,-0.375311068291873,-0.112651766970044,16.7588323146675,-9.47197163493865,-17.2517567669394,15.8304606854642,17.2476387517921,0.185782008536192,0.392144615276125,25.8495612873771,0.831821728343647,29.0234569295897,273.038067177334,92.8375468116725,0.0285690741075794,DROP
-0.0212792456408627,-0.327772260848486,-0.230507058387174,10.22839563545,-4.42041672682902,2.82107287088334,14.1455560915219,20.544309456066,0.204676755236475,0.401274177144605,11.4942861221111,0.768615849675062,19.5099373501056,290.610681772365,100.373924036494,0.0329572486909988,DROP
0.0442065667518673,-0.311476085832073,-0.245131694808907,8.56158640560334,-0.898095380462182,-15.6913327730893,9.90053880260085,17.0428280783764,0.186573420399821,0.398824673746677,17.8976328403744,0.746523997449644,27.715618471338,168.733180696021,91.3460057485606,0.0296765772836302,DROP
0.0292390242599254,-0.288524567119665,-0.186678600932991,10.7414719031771,6.26778206099439,-12.6858974234469,10.611701983909,16.2971845885019,0.187213007943281,0.344891644458897,17.765030370058,0.525840785759446,20.4695480809667,172.940866029937,87.0510960560142,0.0222690334274262,DROP
-0.00223113781253629,-0.376940868861603,-0.209245079260096,18.2191068336673,7.64644691904624,-5.21914230340857,11.6867255855074,18.294886552276,0.210640109127676,0.431129794596294,20.4363267415062,0.522589815005861,22.1360927636503,213.807318754438,86.8533527384101,0.0391522878953573,DROP
-0.031048154928899,-0.294749759125002,-0.211442767124355,-1.24427654191167,-5.04424152065788,-2.11055402229822,15.4356940962483,16.2682737478908,0.203360615341142,0.364073415945108,5.60776559001175,0.4468407178155,6.21413521528116,251.11209704647,79.9967767791408,0.0269553381621043,DROP
0.0665780192262848,-0.324186926564567,-0.208864439310164,20.8119371349559,-6.20537944494569,9.16737821678684,18.8420180289603,14.6746697642597,0.200774560423457,0.391349140803739,23.5729566396481,0.769956644273775,24.7416366719109,276.500392267219,73.0899205725497,0.0307494571448493,DROP
0.00651327725868395,-0.353526501059202,-0.195881669556609,9.11382068112438,-6.83430322366506,-6.09148127443047,21.2388976012332,19.3941082513701,0.184103779486609,0.404219047299969,12.9180328253735,0.465237673722903,16.0604938728019,411.909479218082,105.342774399731,0.0300812758744374,DROP
-0.0254011541235912,-0.308986439624357,-0.0224748151249857,19.2699806615994,10.7142511681352,-13.99971633257,14.7503421832298,18.342896537995,0.198314343120584,0.310842332730678,26.1174154575971,0.80064677523163,33.8769726732337,270.564000567007,92.4935824397698,0.0191617180133067,DROP
-0.0502363015967114,-0.316761989240296,-0.215592308586977,8.34270140731662,0.390097870576637,1.35294185841192,14.9495846203791,18.96946456223,0.20949383090623,0.38644778088048,8.46069115335823,0.631053346856044,9.42887927288039,283.58561567634,90.5486043744952,0.0312862040951834,DROP
-0.047750804736625,-0.277393055431835,-0.164769794596159,10.3118680156782,1.76500650479072,-4.16796612543329,16.8619535883592,16.915171439782,0.211609979838874,0.326153540170983,11.2615190608319,0.58328231469913,12.7465331314229,285.222835756742,79.9352257272358,0.0225102510983544,DROP
-0.0998033003265217,-0.40823612809526,-0.0663148109229613,-7.0204760613774,7.49625961447637,-7.05255054732732,14.929430020352,17.3316509386037,0.211296703420544,0.425458680938612,12.4587102686678,0.674579826482382,16.2869632603876,258.751669825053,82.0247956226421,0.0382478916143825,DROP
-0.015836187912492,-0.359493004520169,-0.283291954454314,8.29061308519976,-4.20443670051374,-13.6159429646732,18.6501716634624,15.3652350292615,0.186098835019411,0.457974165870831,16.4865234696204,0.653855739973558,18.1910398995687,286.564270945173,82.5644742116988,0.039032432298785,DROP
-0.0306131773588618,-0.294877971397665,-0.151652373849074,-5.57638654083308,-0.579850582435947,-3.74939613683997,13.843959863114,18.1540128220196,0.193503840007293,0.332999440146176,6.74464861513824,0.606723298054258,16.2174388566137,251.323424862496,93.8168410740292,0.0214573751642753,DROP
0.0550466174482858,-0.437745842567412,-0.118791197126082,6.78630896669458,0.29300234398186,-5.76653538561264,12.087951646112,16.1999416746826,0.164814489557985,0.456905790390316,8.91026206789345,0.905480970203596,15.2822972268411,195.824111633398,98.2913785477864,0.0344071510151178,DROP
0.00249774261187393,-0.396397151468785,-0.167748691897543,9.53170896795802,1.04639586806892,-14.7136390780839,17.9450410994235,17.94711922831,0.240241852107749,0.430437642457138,17.5624484364419,0.782101264874386,20.1972559045704,322.061792168276,74.7040716127561,0.0445111848981046,DROP
-0.0346868466774902,-0.334769368146857,-0.231408649347952,2.63200075243763,5.02921505295416,-11.7507345590086,11.2393143135549,18.227534624294,0.203320003556723,0.408440534441572,13.0499116734931,0.781676569126725,18.1973917342331,204.864990803644,89.6490490674211,0.0339185892133097,DROP
-0.0549995788249092,-0.294862736168858,-0.290152054237753,11.3629708404151,-3.63202685938875,0.461859525849715,15.3641870271969,16.5366000870648,0.171744860497465,0.417321460543656,11.9382594899367,0.903312085863938,12.7061949531731,254.071416531624,96.2852905983659,0.0299106042642741,DROP
0.0584840552645497,-0.392494257935221,-0.107804647711344,1.77188516224827,1.20338919617007,4.61947132462114,13.9881285919208,15.8706762208954,0.200884321683444,0.411210371100333,5.09187960429657,0.599365579458281,13.7652853972461,222.001059818624,79.0036628256218,0.0339683273236867,DROP
-0.0319769539866908,-0.427972161391145,-0.0746224782353226,18.4155529304943,-0.669632759351739,-15.2704028814874,17.6313262075987,16.5766295462023,0.177333874432639,0.435604420053397,23.9325343816984,0.512995461227511,31.0953414422331,292.267962951612,93.4764219346995,0.0336493173841384,DROP
0.0371953429987871,-0.306311124653898,-0.116211027575793,15.2556828314589,-13.4386290787276,-5.50126534656208,12.8032993794512,15.5671832034698,0.217267209198444,0.32971958018558,21.0617314241488,0.798742401852648,28.2195413468192,199.311307048788,71.6496134473653,0.0236202049864579,DROP
-0.020721994860383,-0.386702950387151,-0.175784565551818,16.3203096039729,-0.480740108984872,-6.91739427569759,16.6400406516624,17.7785781291701,0.178933055833816,0.425286710814437,17.7322858139432,0.516275900424719,23.0849264070318,295.836262798146,99.3582694268211,0.0323634046546759,DROP
-0.0428822406829669,-0.334911756254657,-0.193262542461454,-1.51456367775307,-1.85232429950504,-4.67844067011834,19.4078981048599,16.0826437982334,0.190494729391082,0.389043932432105,5.25478977203875,0.51481082297372,13.1974042774127,312.130312092869,84.4252196605217,0.0288323643155372,DROP
-0.0529715143749748,-0.339663971006103,-0.182540672308923,7.19091233291304,1.96180498769685,1.51117535021434,15.1238956669778,19.8252161912143,0.202316640274107,0.3892283283393,7.60536323448714,0.418511290095583,15.5386113571788,299.834501251203,97.9905467677183,0.0306507062867542,DROP
-0.0148258713951861,-0.346335779317309,-0.204784167065646,4.79134932446832,6.72071752942522,-10.0093546449909,15.1105383124445,14.6156837062786,0.197712965187689,0.402622445448245,12.9735212208794,0.748522119418969,16.1723268082921,220.850848606293,73.9233755815074,0.0320502273181065,DROP
-0.0406332301727913,-0.353871533903204,-0.0935603440190204,-1.91472102631401,-4.52692436287627,-2.67738004065913,16.4516361940876,20.0989202179288,0.225057496956723,0.368279323169573,5.59710323988503,0.376135878629096,10.7196488449407,330.660123319357,89.3053161276275,0.0305244717643879,DROP
-0.0518701937940944,-0.34960246153878,-0.237646882705066,6.50383902797264,-5.32677502984438,3.01211124071404,19.3063970627948,18.6854626851325,0.19337277785964,0.425897216447403,8.93013261081768,0.555917646781585,12.1878438553121,360.748961901204,96.6287305960136,0.0350755863167313,DROP
-0.0637672273201158,-0.446542052394651,-0.141784254756746,12.2799222363808,6.44338861931526,-3.75385050659191,15.1754015692107,14.8487637892651,0.185977514377041,0.472830666025215,14.3668069053956,0.951839160022133,22.9053027693668,225.335953308452,79.8412861776155,0.0415787769198827,DROP
-0.0499388990198806,-0.419521009559609,-0.151183788387548,10.9395879984388,-4.95786211140827,-1.88179479608631,19.5275070553621,16.7512833632219,0.237957591385215,0.448718518637734,12.1571433299892,0.822202278899256,17.1841125660132,327.110804061684,70.395791409373,0.0479123586316167,DROP
-0.01325760045665,-0.3777992387317,-0.142559069271902,17.748624859509,4.10398581763806,-4.44770279206808,17.6839730354112,18.6719082899395,0.219498271405081,0.404018708710118,18.7520250672167,0.890259078540987,22.5985428019368,330.193522718962,85.0659237746667,0.0358289480183407,DROP
-0.0373304644426975,-0.406760900157002,-0.343071008299069,2.95882708669306,3.80687446466465,-13.651059105905,14.7585136514163,18.7331947048647,0.190598702512551,0.533428261537933,14.4775124117224,0.891867527339488,16.1819764210619,276.474109786385,98.2855401027245,0.0542340431710393,DROP
-0.0474665525539807,-0.354428917749173,-0.142281485851545,4.2876120908624,2.41843597835032,-9.25454191161855,18.4421810470279,15.2491735221266,0.192585150708049,0.384859653074121,10.4823182558532,0.497919815767258,18.3263915248905,281.228018912603,79.181049447546,0.028525125632019,DROP
-0.0345332260249876,-0.379837717731172,-0.212622666902818,11.7847850439318,-9.89579630303534,-2.27316839228673,17.9152565441783,16.8911981590709,0.199942927166429,0.436666502026186,15.5555532702164,0.913378125630121,20.5928014092344,302.610148358307,84.4796758693799,0.0381246442854866,DROP
0.0433440941227802,-0.356327302461565,-0.19956296641654,12.359373491397,8.03543184204271,-4.77202245421315,13.0303118138323,16.5464634923708,0.219482242310632,0.410698471557698,15.4949822940033,0.45297907926784,17.4947791342652,215.605578721784,75.3882771102535,0.0370207797345889,DROP
-0.0151386007511226,-0.318799661292001,-0.173603812047707,23.5313510317714,12.0036745486615,-2.47681708752742,15.9675233428227,15.0055152170101,0.199471295874345,0.363318984956872,26.5320053319703,0.772999366314152,31.0677557444627,239.60091449869,75.2260616003669,0.0263303476593595,DROP
-0.0294298882861586,-0.307575426340074,-0.060556411761279,5.89088117015229,-6.32609482936056,-5.18136502448738,19.8681043032846,16.018783718142,0.186076040234135,0.314858444730669,10.0781198776309,0.391564940225558,11.8546860049933,318.262865723803,86.0868363876922,0.0184468045930895,DROP
0.0725666942039492,-0.325109039182299,-0.255688700619806,19.5636886942222,10.2130210175948,-12.5842588434975,15.2340243125258,20.4546217667213,0.236020426623925,0.419926808015839,25.4048673342416,0.754503193288214,32.5335641821635,311.606205297752,86.6642578146667,0.0416194936860428,DROP
0.00670707031164727,-0.313575862303851,-0.245676422142616,12.6815197290172,-10.5008674963849,-10.641122422808,18.7008858775083,18.8776148259315,0.222569165473027,0.398411484031982,19.6041487249835,0.700943943697909,26.7496731601612,353.028120499302,84.8164657909606,0.0353287843642546,DROP
0.0616321919139745,-0.385033585046608,-0.221025507711601,8.74413178105633,-1.26677578065177,-8.22224099278697,11.9976997885879,19.7985584438343,0.224104114058649,0.448220552577786,12.0693748150595,0.922351303604389,13.6936824479346,237.537160455935,88.3449649375379,0.045022889368305,DROP
0.0355608696178801,-0.355601278939913,-0.303326424174543,12.831108443235,-5.70767431561932,-7.16455668299077,11.4188723075819,19.7452705830459,0.195353641172448,0.468747015600309,15.7653342000423,0.826313352156877,16.8934214577743,225.468723466454,101.073977380532,0.0429238374734082,DROP
0.0461188954397765,-0.342445819428642,-0.185725131836472,8.58925211961404,2.85200976601258,-9.26212973932619,14.0751126413633,17.7925064436683,0.19149441176109,0.392288052783173,12.9497590320375,0.712152464634288,19.80505159005,250.431532366813,92.9134869605453,0.0294690590086348,DROP
0.00856369547713219,-0.310543904629425,-0.253331983407038,21.6127113439062,4.0485734842546,-9.58349684304251,11.188868300916,15.5024050907896,0.170784868623344,0.400859011872826,23.9863221572843,0.573990933591636,29.4056464635055,173.454368908294,90.7710059137214,0.0274430699860055,DROP
-0.000437761107889421,-0.34619941557495,-0.16075368718544,16.3921411130438,12.2455237766838,-5.21190290586782,17.3718617582692,19.5549571480449,0.168053232553651,0.381701421169661,21.1144281176513,0.780351796292453,30.3418258436504,339.706012264715,116.360991632877,0.0244846795558556,DROP
0.026262611422457,-0.331012332389838,-0.254349272780748,-8.41386454727008,4.96537032049207,-6.10490524205702,12.8781218471904,14.0125838946548,0.20907944400772,0.418273166145024,11.5203249543547,0.586600487512621,19.953104671077,180.455762789342,67.0200599637973,0.0365789592001639,DROP
0.0563681942226835,-0.35210510280076,-0.241939664428221,2.68780402978056,4.66468398640365,-0.167643036623371,14.089061446229,17.7651492487447,0.218820842978834,0.430917832030539,5.38624835885271,0.682665904573712,11.6904528399605,250.294279366994,81.1854475170609,0.0406328812745128,DROP
0.0648098179478117,-0.37782911245803,-0.32880635078029,16.5933446015133,-13.3685220062997,0.681251199508937,16.8273711916532,17.774995086591,0.229801194312789,0.505043331840648,21.3194880073214,0.933273117053391,28.3932467786336,299.106440251878,77.3491094797685,0.0586151072969249,DROP
-0.0675646604834596,-0.382241005488461,-0.135363839094314,2.84155712522023,9.09100224133945,-3.87029699941043,11.0681591789885,17.4427744201971,0.196804079470173,0.411091885783976,10.2810489499649,0.833826136347647,15.0060683046613,193.05940380593,88.6296962820036,0.0332592082044399,DROP
0.0610803261424984,-0.371701451289576,-0.284116988779961,13.2989415411277,-9.4733481835859,-10.4531434659339,15.5772302345141,16.8995288373759,0.213742413867593,0.471821193298737,19.3874799868672,0.69467723392041,25.9528020234829,263.247851554614,79.0645593779306,0.0475823184291244,DROP
-0.0465385263344925,-0.332014869281697,-0.179280518258734,12.1709674782882,1.90314511609067,-6.95473649609905,17.976278761109,16.2488803626518,0.207444480165572,0.380185759970898,14.1464755476628,0.67163756931101,14.9612230749385,292.094402954938,78.328437667973,0.0299842766034018,DROP
-0.0147275496992001,-0.355089082893851,-0.165804410137729,11.046913810381,1.69132120350039,-4.76910166961152,14.785672842778,20.0545758777085,0.176588666619345,0.392168662607887,12.1506873419773,0.660710611749438,17.3777977162468,296.520397928465,113.565964881388,0.0271586764723738,DROP
-0.0437427616153422,-0.342011019228435,-0.240960928294954,18.2875252721587,-7.62717232655951,-2.84485022870584,13.6339375351904,15.6320862331926,0.191704609546352,0.420650847416448,20.0175051168383,0.808479593865428,24.3380138816444,213.126887248058,81.5421430295337,0.0339215815083708,DROP
-0.0058096308371043,-0.282092947233214,-0.249668595552784,19.7176129291399,8.08430513952718,-5.1657642653665,9.29154076917602,15.8457686626876,0.202839699124015,0.376755345409304,21.9277306089278,0.611059177980517,25.3967172377572,147.231605548294,78.1192765116614,0.0287919979876147,DROP
-0.0410003911213312,-0.453408719326698,-0.17359022432811,28.7350763094094,-8.5066721186027,1.18777160386121,13.0586519711084,16.8752794318437,0.215643343387928,0.487231017912306,29.9913134494629,0.626525641929659,38.4008676049809,220.36840101565,78.2551453319892,0.0511924498373429,DROP
0.0358621555471861,-0.341703498577321,-0.0721514840802857,7.80873322315435,-7.72798015869131,-4.069587989302,18.8598491107366,17.3278145860225,0.177254600291875,0.351074367898683,11.7157815909222,0.434691360443683,15.0422171671505,326.799968511206,97.7560909640654,0.021847198791494,DROP
0.0147084237943609,-0.271658431746022,-0.244867771234718,9.84134940603944,11.2735182341579,-5.3571088132093,13.3250031333646,15.2943204007635,0.160052415627964,0.366025773216423,15.8947471305526,0.676930732620606,15.906117123061,203.796867262856,95.5576008219304,0.0214430010421563,DROP
-0.102001845333113,-0.388830046174051,-0.263356265040592,-0.0504773962715197,-0.106609615530733,-8.9658437577328,14.9340850499797,16.1029117014055,0.211380330123156,0.480572266777022,8.9666196454257,0.946103653238286,18.1752182303136,240.482252901104,76.1794416376489,0.0488182245877995,DROP
0.0401743308523683,-0.384921654084635,-0.24499819642448,6.62313934839603,2.95804578841341,0.283255859712437,15.890006966139,16.9877941600959,0.17252722800977,0.458042326531005,7.25921783642588,0.588946590069893,17.1780240237618,269.936167543259,98.4638534578463,0.0361966908361539,DROP
0.0110203463485191,-0.408567054266247,-0.0931407424716225,4.90172444262134,7.51111170361775,2.06489977836099,13.7450119967582,18.3042418635173,0.16431839690413,0.419194088428743,9.20366843330909,0.848261429686795,16.3434630273433,251.592024005608,111.394285813966,0.028874634015767,DROP
0.00539179262292323,-0.363977930627439,-0.273621165332987,6.71112422978297,4.11271748179435,-4.5596506400786,17.7796086427984,16.5533789392119,0.171191127021063,0.455387250073718,9.09637551292855,0.557369106403015,18.0533939058997,294.312599255129,96.694744245892,0.0355011960804739,DROP
0.0473489278447221,-0.331276826025076,-0.224019230410404,5.71194638833925,-10.0640770384943,-7.3363195647736,18.130648233499,17.9012320556508,0.223842998606126,0.402704447483465,13.7015897959503,0.74191699171402,20.1382006826185,324.560941347241,79.9719097546577,0.0363008142801904,DROP
0.00179681537993847,-0.300082267532795,-0.290315697782198,8.93857798232717,4.84288279438165,-9.78649345645988,18.4717064406625,18.9942615625108,0.215578579320643,0.417535387975556,14.1112417695819,0.829707830793259,20.9732334250769,350.85642363986,88.107888615274,0.0375830641344085,DROP
0.043959183266118,-0.310102010626132,-0.168864575614508,17.3247069101907,-7.20635254647004,-1.21448650178896,12.3753850605785,17.9482243917749,0.222727398080246,0.355824270792847,18.8029775304618,0.781316566755865,28.5879138990888,222.116188001881,80.5834574597369,0.0281997189282261,DROP
-0.0323578684344853,-0.324062792837331,-0.217951390396229,25.7836286199664,-3.26181340371275,-9.60318359334586,16.9119522467541,20.1065157911653,0.202518386287608,0.391875661309559,27.7066069128015,0.79522610252852,31.4324279009196,340.040434908795,99.2819312745253,0.0311000466386375,DROP
0.0115277277442783,-0.38118768900167,-0.185633500144225,16.1713688866969,-6.89995363657416,-7.82111631108796,16.5217084516909,16.1792602418058,0.196427403618908,0.424142357150492,19.242982934256,0.471989949645969,20.5949064909301,267.309020679149,82.3672134158116,0.0353366493866521,DROP
-0.04850445819256,-0.376931546268025,-0.276307843176141,11.7348939071392,6.30483460999099,-11.3519285593179,12.1763292652455,14.2308087020393,0.201282456009964,0.469868170061783,17.5021414828875,0.765283315714259,25.028371237583,173.279012466751,70.7003396311661,0.0444383550802001,DROP
0.00456771252879656,-0.350518183228451,-0.180216140734278,12.5071518875186,-5.80979177779556,-6.7608063855772,10.5871903949545,17.2265799857785,0.200610791266154,0.394159508514861,15.3587444741445,0.690390816343903,22.7115767489661,182.381082163349,85.8702266554401,0.0311672372110777,DROP
0.0576057706907621,-0.353206813725276,-0.259903928360791,6.67990120905758,-0.924468576981098,2.47694314431175,17.732959922294,16.3722474335929,0.198410145224314,0.442293488598023,7.18407750882097,0.492362912287695,9.94850227993484,290.328407577784,82.5167730123387,0.0388136930077456,DROP
0.0281738696627807,-0.377407159250187,-0.344227539325034,-7.61185993638162,-2.48374642211124,-2.56285728555413,12.9720825079872,15.9005138203873,0.227160412678724,0.51158824225625,8.40699978866182,1.00714927627328,9.80520622379676,206.262777197454,69.9965440119687,0.0594529978346264,DROP
0.0375864171943963,-0.329463533596312,-0.148924526511352,1.0520287292283,-2.53730916486434,-7.03890510657636,18.2299370341851,15.0993135431315,0.191537709296504,0.363507184693659,7.55585119921066,0.839327798616165,14.7405210393302,275.259535150706,78.8316554841018,0.0253093089526896,DROP
0.010666811774624,-0.395638943412017,-0.234079977218003,18.7578286742495,6.81723682500026,-2.96007611962874,18.1202570720776,18.8471997960314,0.225693457253122,0.459823216195086,20.1765434387219,0.719223242677351,24.9475208666672,341.516105392898,83.5075882031691,0.0477200355759805,DROP
0.0109604996063935,-0.299896412797311,-0.120475666985586,20.2920113728706,-9.78105000238704,-15.4876563670343,14.7614820358499,17.3189511097195,0.221973215832388,0.323376525579608,27.3368279880685,0.754174849025558,35.0054993419535,255.653385685887,78.0223551855993,0.0232122668756174,DROP
0.048503349253675,-0.328083578406242,-0.288758682227704,19.3234734441968,-3.06671373490465,-6.29262463824717,15.5606213405279,15.2244928980298,0.209104089099801,0.439741953730308,20.5523352424562,0.66649164430538,29.0088241184957,236.902569087799,72.8078544791587,0.0404350820669697,DROP
-0.0513559421256959,-0.428532387263726,-0.304437448496528,16.062443307697,-3.40739226629753,-5.79410758252629,12.2743350994293,18.0649046182815,0.186086740214648,0.528166261486515,17.4121822224353,0.935908118226882,26.2579934398394,221.734692824015,97.0773496278911,0.0519106825732737,DROP
-0.00195908066508068,-0.339363314921461,-0.169007033839888,3.93624659853536,9.93660961671919,-2.5414233185088,18.664568135659,17.4072265280304,0.206644679538437,0.379123561650937,10.9858582024081,0.743494385008785,15.5687514497936,324.898365585275,84.2370697849145,0.0297020058537074,DROP
0.00153524638345949,-0.362867519868831,-0.157509875265693,11.4821027970282,-2.71453057840522,0.814208689720644,16.6425081469406,19.1381257201135,0.193636169122154,0.395581287175504,11.8266773310612,0.857233164640139,18.4495781616774,318.506413214161,98.8349799104964,0.0303010697111762,DROP
0.0660954145183599,-0.423188615119226,-0.261850588804606,0.26094030611309,-2.71701611426264,-9.34063477181829,15.8661491182462,18.335704267359,0.202903122265565,0.502018862837046,9.7312755766661,0.509514459554992,12.0248858299477,290.917018093981,90.3663467386871,0.0511362411334512,DROP
-0.0829095247764501,-0.327231595286248,-0.238147867969251,12.6706674614141,6.17652279833573,-11.4242067944162,11.1285597350709,18.4344746800149,0.204051141249038,0.413120942667567,18.1440830211307,0.743470385170712,19.4219794560155,205.149152661198,90.3419810602051,0.0348251865285866,DROP
-0.0284473721795561,-0.309046230948507,-0.125905126896086,5.73751320854312,-3.82554805912129,-9.37368404885477,14.5326466032083,16.2806298182116,0.184086426848123,0.33491928404635,11.6370025530034,0.573123836390468,19.2321486390967,236.600639625724,88.4396620505948,0.0206491451156626,DROP
-0.0264968556026202,-0.377593569930146,-0.349084349355032,13.1742289533143,-1.66509742064635,-3.04942702029791,13.6221415275001,14.8706689587602,0.180206500523905,0.514916372214017,13.6246784581036,0.652290998032459,18.6662653234464,202.570357164835,82.519700431601,0.0477797479829678,DROP
-0.0425101053997467,-0.315972725183111,-0.127073602701805,4.79543460719386,-6.20235754858522,-8.06019079524476,14.8794197339334,20.0960175317296,0.207446473949292,0.343210682561536,11.2442033016178,0.353194906789143,20.3770580870938,299.017079835089,96.8727994086922,0.0244358612948124,DROP
0.00653042270474942,-0.419415943030151,-0.27512834347962,1.2328578009876,-9.48731975556234,-12.2364077450543,17.5081306888721,17.7625950743624,0.167496107071036,0.501645278134274,15.5325094239458,0.860570809891415,22.9818514905113,310.989835935452,106.047175291387,0.0421500578522344,DROP
0.0155672527595036,-0.309840679608474,-0.126198019874546,8.00687866389703,9.34530135643859,-8.14852866836195,15.8002476709119,17.955429397434,0.224222573518047,0.334917193226886,14.7595149933912,0.491074469726925,21.9832257253183,283.70023151703,80.0782411756043,0.025150939861541,DROP
-0.00806527441547916,-0.360001622053344,-0.203977410351111,1.30888978477767,4.67814422671743,-12.6817544688111,15.3346584669423,16.8371928779243,0.201188223187202,0.413851423177427,13.5803211406018,0.790930246311353,17.4964744351125,258.192602325002,83.6883437949244,0.0344581106436917,DROP
0.00934279972696465,-0.426554755031993,-0.312394798971762,-1.3561916968123,6.92610451585436,-7.62613129241756,18.4443090566703,18.5409070335421,0.217105306687182,0.528797463469474,10.3907679298612,0.637911528320029,12.200340045271,341.974219517643,85.40013100705,0.0607084529171358,DROP
-0.0225044427356152,-0.327031863814935,-0.296046157192701,17.2516435184972,3.69368981346331,-13.9400834643902,14.0235642346284,19.0520837342263,0.172521453383208,0.441700823048448,22.4852946505389,0.812732954192773,28.1016489528003,267.178120050442,110.432487833382,0.0336588694934382,DROP
-0.0154768270744107,-0.367969385472044,-0.119555055091847,4.64483764328769,2.74388960123174,-3.47495331255337,18.15071414226,16.9601212468894,0.18681302856919,0.387213651643352,6.41706688454122,0.820684696580547,11.9766968600589,307.838312570361,90.7861223099095,0.0280097015960063,DROP
0.0280873177344865,-0.322185319431852,-0.220318711139914,5.42730816889781,-4.40768022019816,-7.06763912570165,18.1377644233617,21.1661498532262,0.182348418038021,0.391321622138715,9.94157138961743,0.831801835226569,12.9798976140755,383.90663978739,116.074677292433,0.0279234895397099,DROP
-0.0781259704146233,-0.382137411863318,-0.191238988878947,6.38835694450344,-1.87114379708063,-0.694822686536527,14.2696013272972,17.1221754847534,0.230971221698442,0.434401910293065,6.69291133405071,0.923030356941475,12.6120126844327,244.326618023453,74.1308862115384,0.0435854289329456,DROP
0.030736481726715,-0.469833301618553,-0.105067535124977,14.1050903937595,3.65010902357944,-13.7010366656226,12.5392095826024,19.1467401594919,0.206402425786754,0.482418127308629,19.9998819149734,0.667962364299981,28.6464702723535,240.0849876835,92.7636742777391,0.0480354688550304,DROP
-0.0435006519120592,-0.327580226828193,-0.184895931262855,4.12862678422865,-3.79358934213544,-7.72650654714145,11.8443797486912,17.1676380431202,0.175383892422682,0.378665574251401,9.54650630561953,0.59883788453983,11.3498162865238,203.340024370794,97.885500888787,0.02514787841627,DROP
-0.0574921398648686,-0.373391485897934,-0.267757448125062,0.862627273903253,-0.564289380049726,-1.44862321314696,14.6839306995188,18.1790209949679,0.162509331233259,0.463055719016356,1.77793631263521,0.80937556492236,2.69910783254712,266.939484475207,111.863786486748,0.0348453481321091,DROP
0.0358044980435766,-0.337075013986125,-0.216812094300991,3.81295976856076,4.41926796007612,-6.59122062986988,12.2609120132499,17.1395069652988,0.22356302469986,0.402379188538722,8.80413430674706,0.648929801217309,16.204543137833,210.145986852012,76.6648703355067,0.0361968683078355,DROP
-0.0663546102474443,-0.359278096106541,-0.275561709742329,-8.10549754882609,-7.5670475471448,-13.4391616900256,18.8450565897681,15.8879477951526,0.197294987549082,0.457622049861179,17.4232708188052,0.822615994868492,24.9396478520704,299.409275294932,80.5284891625082,0.0413171099672795,DROP
0.0554074394017591,-0.288565002719128,-0.137204053006282,0.0941140249908736,5.01488568389564,-5.60614955164367,13.5055061537587,17.7451411506039,0.194325111037229,0.324291068789599,7.52242305827291,0.620035741509324,12.57490931824,239.657113008798,91.3162984422833,0.0204361414793779,DROP
0.0353631077924215,-0.250332655916025,-0.165247426900307,16.9272647531045,-2.38395819267111,-7.47332744827217,10.8799876066592,16.1200853091594,0.204539506975859,0.30203261431157,18.6565316132231,0.520221865785478,27.9364493963116,175.386328381943,78.8112122507936,0.0186588506445797,DROP
-0.0219451002693973,-0.37160705589455,-0.279099783374156,10.748430532068,-9.19434194502019,-2.80717659349447,19.6401196601582,15.5526189287402,0.193566582328034,0.46526345278342,14.4202955285844,0.504583873931915,22.965695054018,305.4552967893,80.347229332976,0.0419013736578754,DROP
-0.0302676323821282,-0.314083494224386,-0.157550560182232,13.842106897085,-3.15510812317914,-3.77596578060327,13.8072044274791,16.787870227346,0.185231786662678,0.352685057704398,14.6906959738321,0.436286357971057,19.1908244937318,231.793556130955,90.6312026602389,0.0230403799263187,DROP
0.0144660747663358,-0.305654945910067,-0.241864691648339,-0.652650897629412,-2.7835276569115,-6.56071174712626,18.3942548734527,15.4937079022516,0.228456957334407,0.390041975105984,7.15659961433139,0.83788690248227,8.13340164523139,284.995212088845,67.8186397314785,0.0347557834269814,DROP
-0.00130286213799854,-0.363555197352705,-0.286731599969783,-16.0732205278446,-11.0552464032554,3.91429120084274,19.6980626155052,14.578683711973,0.222065514700078,0.46302169430076,19.896948680097,0.463816105835254,28.2226872749362,287.171824610091,65.6500766523172,0.04760842348217,DROP
0.0175591991261614,-0.41782031057066,-0.153079973108768,10.0488944854272,5.56873039669451,-3.15578942504925,12.537885616235,16.3660716293071,0.207543351982788,0.445326414628973,11.9142790594132,0.585690100848974,12.4808021206083,205.195934075361,78.8557793693384,0.0411590876051591,DROP
-0.0393157646060031,-0.372556262598674,-0.284174287455878,-2.28062879032302,-2.80371292715973,-12.540046207694,10.8172458273088,16.8559157751787,0.162987352965704,0.470211573442321,13.0504725105367,0.88248233385965,19.9993484848434,182.334584584519,103.417915872341,0.0360363283335817,DROP
-0.103112932278454,-0.287989384771066,-0.238264343402087,17.1954724109459,-8.68472264952182,-6.30559000433659,9.53576051159938,18.3924868152225,0.206781553229476,0.387737101501399,20.2699073564116,0.875764490103389,22.6331447212633,175.386349482711,88.9460282213051,0.0310875510947449,DROP
0.0183135787698015,-0.388950032136843,-0.166404643860748,7.32356431636458,2.73778952780891,-16.6312141998672,17.7274287189975,18.3007960252329,0.210153469346156,0.423447777376421,18.3773602989214,0.79875073816454,25.0558127400995,324.42605703823,87.082592543339,0.0376822025192717,DROP
-0.0531963705535191,-0.389251309878843,-0.150141223477434,5.24969914178033,8.47165747073986,-12.4099803105631,15.9327853157552,17.3194176846379,0.171392127119039,0.42058152963458,15.9165301711559,0.760388685686279,23.1343137840836,275.94656376323,101.050829608873,0.03031735164951,DROP
-0.0390546272669539,-0.334954601986014,-0.31112862161173,-5.68062418670075,-10.4076897000733,-9.73762462308203,20.0168056723115,18.2329130419838,0.198014393164612,0.458825531644202,15.3431036411671,0.794318743979505,18.1763513447023,364.964677201544,92.0782609401818,0.0416861620222541,DROP
-0.0679566295050534,-0.341649208136921,-0.152618171379068,2.91823563740654,-4.17407416857222,-8.46526982973056,12.2014707493473,16.1286252466814,0.195343177591608,0.380308547299903,9.87926048296723,0.787885541112495,18.7901077193569,196.792949174568,82.5651700784259,0.0282533806247796,DROP
0.00164519256542008,-0.355041868244408,-0.147991567534142,17.8854218369907,3.59776930013444,-6.78690113943314,12.7990872352835,17.1901507090792,0.204660941170562,0.384654310942005,19.4652070448925,0.737087364066409,28.7464333189209,220.018238513177,83.9929036671908,0.0302814156952479,DROP
-0.029269463073637,-0.303277139356687,-0.239421158338264,-2.18805745241525,-8.33944541849134,-9.72993793946308,17.7376686702315,20.8816788119144,0.232460891210938,0.38749995585165,13.0002168293021,0.484269762266727,20.2099199895668,370.392300043932,89.828395971218,0.0349054477422502,DROP
-0.0177720611947502,-0.388460056923477,-0.207966554057714,17.51955811857,-5.03795296302651,-12.4740562656945,11.4839218504701,14.5252204374152,0.198095740625855,0.440984296308543,22.0888652141149,0.524720115897987,31.7843851266074,166.806496364127,73.3238739391928,0.0385231140255769,DROP
-0.0248891405250319,-0.313622057608549,-0.244287013213401,17.2195087912648,-4.5223024569064,-18.8301016324668,19.7978718721843,17.8845207909546,0.213376460793673,0.398314460143514,25.9140006562711,0.829698419918332,34.6054335251786,354.075451114736,83.8163540068,0.0338531163157482,DROP
-0.0521874804770274,-0.418733189891216,-0.172342557711588,17.5362998551325,-2.2037646371843,-4.65352655685964,16.2619410074887,20.3397181572598,0.233743021257798,0.45581023971998,18.2765888666518,0.673540542090207,21.149941808381,330.763296782305,87.0170627159143,0.0485631453963615,DROP
-0.012478125725179,-0.385261667091146,-0.102235754921008,1.5937386470383,8.71195020322115,-1.2156158349232,17.9153485900007,16.6350012249284,0.202146233756548,0.398791180112763,8.93956380795979,0.608073428256891,17.6618122308484,298.02184573968,82.291510577693,0.0321482060763302,DROP
-0.0152229379609594,-0.429554183329599,-0.164843367904665,27.3772402715687,-1.638575065333,-3.25782266496263,9.95723993479765,16.7785992758799,0.183774561098004,0.460349725967416,27.6190445462597,0.583095126054325,34.4501182162745,167.068538759759,91.2994044237046,0.0389458486827562,DROP
0.0108270743662584,-0.32677183594269,-0.174330538483647,2.70202220832678,2.77012582718094,-14.3976659994269,8.93539144754997,16.3758842806581,0.194547277862855,0.370524216418694,14.9086319742543,0.501068151114144,23.5145814506916,146.32493634746,84.1738845522041,0.0267090446107503,DROP
-0.0407387803665464,-0.302586893734241,-0.12803991267547,13.2226930654328,0.611702980397652,-6.08769151952083,18.9517867226851,15.540527518775,0.186107931286494,0.331078081007233,14.5696184052884,0.683205172056886,21.8778131327439,294.520763093843,83.5023199120524,0.0203997920438239,DROP
-0.0676077667375249,-0.32965888684355,-0.249304274305872,0.542551518555042,-1.6446144873919,-2.16125983379525,10.251264267723,19.2992260404332,0.172911500299734,0.418805937141944,2.76950591831871,0.90993938237294,6.24888628148637,197.841466303001,111.612671189064,0.0303284027394879,DROP
0.00244496865662264,-0.362337899742771,-0.124712051833283,-3.37326152252231,8.44875771496511,-7.64463998011053,18.6832898254503,16.1252813465224,0.204047569967419,0.38320729029365,11.8827993608836,0.679520030392143,19.080536830054,301.273304914006,79.0266814861638,0.029963942322539,DROP
-0.0204429326440615,-0.311683277353194,-0.352715328267442,6.67132901883047,-9.56021029136744,-5.03800878805684,12.938316012635,18.8507192381584,0.214667119428338,0.471139556470826,12.6998340241593,0.846731962664032,16.1732870926741,243.896562568752,87.8133152158687,0.0476501932327862,DROP
0.0535988340718232,-0.314190175679227,-0.148408921067147,-1.70819379549844,-7.36134266809482,-13.0729568217115,13.0542300576434,18.4615912578293,0.208226074670007,0.35158712911527,15.0999831782166,0.634243381677985,17.3243176547445,241.001859509882,88.6608587624197,0.0257395558301164,DROP
0.0210605047706986,-0.396413371682315,-0.0934574339225274,29.9538199395422,5.52891954506611,-11.2002008342968,15.9283165663819,15.612293433432,0.187233733100708,0.407825205284226,32.453732898311,0.468695769767734,33.5106726823276,248.67755213495,83.3835323974562,0.0311409762542616,DROP
0.0553236328087205,-0.288385866341598,-0.189831527747934,9.74803275864282,-12.3658526712512,-5.51901364209439,10.7470565945214,16.5062462993404,0.185992534666569,0.34966143793656,16.6852619557587,0.535685696852649,25.5487855881944,177.393563142121,88.7463444841305,0.0227400278044885,DROP
-0.0355572704841194,-0.391600981719385,-0.195993587669634,6.3875360997306,4.4070060141983,0.195898971753553,8.99833467591159,19.4150409480622,0.213065954209404,0.439350810600688,7.76277629728409,0.603475114299786,11.0115751326337,174.703036197192,91.1217838547642,0.0411279367911536,DROP
-0.0682269463831183,-0.273302514915733,-0.207464640055593,22.1662435697183,7.81985501161027,-10.4555660058007,12.6116749131718,18.7968351444994,0.177393540384571,0.349843904828176,25.7256942937667,0.515457418033895,33.7560219083804,237.059574238909,105.960618087513,0.0217113298268115,DROP
-0.0201439105954675,-0.400571716011266,-0.279345627856228,-2.31563061303025,-2.15531126874003,-10.7685755213592,18.2837375750203,15.6553568618495,0.223850379309538,0.488771374575761,11.2236237713306,0.557053353601134,11.3933085590224,286.23843650535,69.9363877503813,0.0534772862770413,DROP
0.0239036535957412,-0.429905161238146,-0.0663459519589182,14.1283111108042,0.727956265697141,-3.56954497888147,13.7173887381614,17.5851236205798,0.20180144063173,0.435650797836704,14.5904333905713,0.581403812827074,19.4642646444449,241.221976712118,87.1402920873043,0.0383002218627582,DROP
0.012603369915932,-0.352555589185531,-0.247739953783375,18.6512321343584,-5.53920788040571,-3.84604364518158,15.5727146105237,18.8469657119241,0.190510305688265,0.431079311843869,19.8328852110002,0.653346953238305,26.8482652185088,293.49841830612,98.9283320684575,0.0354024106750985,DROP
-0.00382442743724665,-0.309748505491038,-0.178089559390965,-3.3419406773999,7.97438408655305,-6.23094418729058,12.8438248589344,16.9245064891957,0.184616024047792,0.357315902337445,10.6575810818525,0.605586032226019,18.2665546338699,217.375397171129,91.673596064545,0.0235707870048294,DROP
0.0211616239923451,-0.375619593602925,-0.0560930321612642,8.37130466315607,2.21193244399563,-2.81554218519031,14.1352812215159,15.9665575889349,0.232231852531814,0.380373923508782,9.10487038330394,0.606894071989883,18.3591858714776,225.691781659123,68.7523639091826,0.0336003080573244,DROP
-0.0126713188670508,-0.309590091882658,-0.312119578224008,1.33786754428342,13.2596927862215,-10.8452869622845,12.6077187883727,17.4335008611987,0.208442144987532,0.439801339725649,17.1822464085846,0.493617340959793,19.1453899022821,219.796676354845,83.6367195584266,0.0403179674230797,DROP
-0.058173367425153,-0.336726899006411,-0.183369882835864,13.7619762694614,0.326485480971816,-6.81146405897951,10.7310537985923,16.1458267850311,0.179861366338989,0.387806213363446,15.358861488967,0.439127643803857,20.1318531381066,173.261735852922,89.7676768835613,0.0270500090186358,DROP
-0.0299693092533448,-0.301086650781073,-0.251699282728344,10.2046473794381,-8.76828574391925,-7.95390087819649,14.3442087587447,16.9685486569777,0.206112100181,0.393578276460539,15.6295298139728,0.618702956656452,22.6571101618987,243.400404268605,82.3263957607579,0.0319275598492498,DROP
-0.0470098319019509,-0.320840846748746,-0.14301284234685,8.86925858447453,-10.2960726203657,-5.63940199297417,14.6324229181743,20.5627721100428,0.210477651718701,0.354402943433074,14.7131136772772,0.802005323747413,21.1297358890984,300.883177884186,97.6952861591131,0.0264362974726489,DROP
-0.0173763711913074,-0.449230179527733,-0.188457535659792,2.8521883445372,-6.77470900228214,-8.8157885010312,11.9599812212404,16.3341727589131,0.198850108814908,0.487468906927672,11.4782310184641,0.507658287104088,20.2718572337288,195.356399461096,82.1427290813702,0.0472519430759916,DROP
0.0278658774364944,-0.289488337206521,-0.149301092476632,20.0688748932821,9.62297901844066,-4.07989715939549,19.1715926705333,19.0495303230729,0.164835553298512,0.326911028750359,22.6275722405829,0.372648960390967,30.4172525965471,365.209835918926,115.566177172942,0.0176161108646194,DROP
-0.0949397058547971,-0.409139958041079,-0.30388421479088,19.8326483975493,6.95361866476081,-3.900595909076,20.1105713472145,18.8962512452189,0.211051039364333,0.518415537009377,21.3752521258025,0.639460787894081,28.6245861417027,380.014408861867,89.5336112464609,0.056720952229152,DROP
-0.0719422727939789,-0.35726335675955,-0.212023021129486,8.43485368368141,4.14382867327771,-6.19517912737836,10.4680023265143,16.5432561312788,0.21565490798768,0.421623716347573,11.2560346996132,0.464485673362522,20.6312058930763,173.174843670349,76.7113513635983,0.0383362307490478,DROP
0.0189302816400923,-0.418717718902592,-0.10515275796354,1.66459506292998,-2.96989235762092,-3.48391800420104,20.5781974683218,15.6322052690915,0.189749992153413,0.432134222427827,4.87122387079286,0.809034543233687,6.83836706380254,321.682606892705,82.3827327155844,0.0354339109149075,DROP
-0.0610917556677891,-0.355526723538254,-0.316942112914558,20.5945364368449,-7.30801039641418,-7.76804708985709,10.6803492219005,20.5166242791469,0.199985982504336,0.480191375077857,23.192337152449,0.571985267672796,27.7711349402073,219.124712155811,102.589798707033,0.046113519133023,DROP
-0.0423269778449162,-0.304487652678149,-0.182695673696724,15.3246096732634,9.30084013312992,-7.81173035380757,17.9155206861152,16.4157124980048,0.183706943924731,0.357605946363358,19.5543452956246,0.793160513173811,24.9141175529877,294.096036835325,89.3576627515394,0.0234928137681052,DROP
-0.0890956694004967,-0.369566205809343,-0.276207811799321,4.72223065763437,-0.920585881086306,-0.83065430538043,18.3328720801776,17.9383397311929,0.209727735811982,0.469902089888101,4.88230758181052,0.674767367621019,6.99499261127575,328.861287622725,85.5311488992821,0.046309556453282,DROP
0.0468081245778588,-0.315159836714519,-0.313562057010673,12.4673559235162,2.87679708744841,-2.8087155608882,17.4256380274713,16.1775999252321,0.170014650809593,0.447032310690383,13.099610998345,0.577153191379824,20.09776106055,281.905000450341,95.1535923204505,0.0339753685430301,DROP
0.0470308163413745,-0.321622509772729,-0.263337933914346,1.75778822927896,7.75987997608275,-5.42654167266583,20.5288588766014,15.6585233326435,0.195017285159425,0.418329778902389,9.63083128433784,0.874053467415839,19.2728517051963,321.451615711809,80.2925906144793,0.0341279866632317,DROP
-0.00296059257789139,-0.29599048801199,-0.0521922435521026,15.1012685877879,-3.80242301073217,-6.00306895788412,16.3264731378367,17.8137252121865,0.18107083793893,0.300571396491733,16.6896246400621,0.384418042832516,24.0062113225445,290.835306161566,98.3793251062845,0.016358512477969,DROP
0.0470225422803326,-0.386784744329491,-0.167089058315187,27.1990190427056,6.47059340842815,-12.6146521651165,11.4492631519575,17.6715705265347,0.192695679441542,0.42394847722004,30.6722132424371,0.425123563214351,40.6496925199248,202.326461266672,91.7066686242289,0.0346336398507188,DROP
0.0506264857238249,-0.374361026419832,-0.109953135995581,16.4521155422481,3.67389744853302,-0.671807198493014,17.3181507680055,16.7465437811483,0.203488822053788,0.393444927879516,16.870712883271,0.832430415619859,17.2274357142605,290.019170044931,82.2967144603514,0.0314998481103791,DROP
-0.0608660603676857,-0.374913866160039,-0.318815306062334,10.644499196914,7.60581568538673,4.73674387463728,15.6312524273522,17.3234706585781,0.222056388243384,0.495891403155338,13.9136816812478,0.610132098510441,15.2782198291954,270.787542782064,78.0134846924834,0.0546055053227408,DROP
-0.0496137757609438,-0.339482212417755,-0.1715732622756,2.78833281273517,-0.842247886681402,-7.95410087041553,14.3364756862876,14.3287464128392,0.195835161065558,0.383597554242988,8.47064944581819,0.563407040757325,15.6232234840545,205.42372456265,73.1670102951137,0.0288165728212853,DROP
0.0552165033703376,-0.299408251861008,-0.0947053519285483,6.5575119308441,-13.20061168348,-5.65368506310265,13.181491308989,15.9867888619726,0.205160400827781,0.318846777011814,15.7867433732844,0.395717109208146,19.1995390241304,210.729718442733,77.9229855005348,0.020857276650434,DROP
0.0467382416322751,-0.316514010020955,-0.366351959553643,0.659425939584277,8.59581226822766,-12.6521242862741,17.2196308933508,16.7116243049431,0.231902241059024,0.486394222867846,15.3100973241758,0.626271052511499,18.96942025467,287.768002159471,72.0629182611971,0.054863279143359,DROP
-0.0192446408365901,-0.312381508414793,-0.186002634689174,15.7914727258682,8.64465903895294,-8.17148410104292,18.0862351674331,17.1115296735057,0.203890146617799,0.364073540801505,19.7705309277517,0.721668625346832,27.9139761155089,309.483149749535,83.924829289336,0.0270255457791759,DROP
-0.0465875717556902,-0.315917940584096,-0.0752185291767504,11.579947476996,1.57359435940141,-16.1576477953936,15.4070537671092,18.4567710772735,0.220078212955693,0.32807373280484,19.9409369152483,0.743752524461381,27.4371894765308,284.36446435478,83.8642179304289,0.0236875405605414,DROP
-0.0124933318768362,-0.356365325147758,-0.226198511420934,3.95206225382239,-1.80399617523968,-7.60298544370097,16.3609054154123,15.6123479539459,0.219314486140692,0.422277272509542,8.75663096832886,0.563962632697967,15.6704855045844,255.432148187014,71.1867101985243,0.0391077413477772,DROP
-0.0154846868467571,-0.334417932129262,-0.263306620447382,-1.35590380103011,3.38098597059504,-5.9846007639309,9.79110878859646,18.6366025552102,0.194852665325663,0.425917251620283,7.00606790965166,0.568272644430762,10.5710778437855,182.473003067898,95.6440953987832,0.0353473461983804,DROP
0.00618682051056598,-0.308177610297278,-0.122264109873568,9.70396734069018,11.7747908281845,-5.88221074853398,12.3995227360239,19.2938000925873,0.1954472738525,0.331602516274752,16.3527699331596,0.767050682518695,20.4908461091942,239.233912912336,98.7156331047867,0.0214914269511077,DROP
-0.0161655921094384,-0.415446607243366,-0.307410908996848,2.00231025647626,-1.63826901919299,-0.569343443725736,13.6715122895346,15.3327880688006,0.217528920075998,0.517067381303966,2.64902315945917,0.991181959609679,8.46344209323396,209.622400515437,70.4858810385431,0.0581582442391098,DROP
0.00773577601943543,-0.333360625174385,-0.199764376830341,1.98066020919144,-10.5721003075075,-4.66265529614585,14.0364364510478,16.9726055758839,0.187552366981582,0.388709345009473,11.7231682657442,0.394820032019328,18.5681923942251,238.234899574594,90.4948060865826,0.0283382164300378,DROP
0.0057710338585051,-0.322138930322469,-0.1733183075492,15.5912705932376,5.10293995346019,4.39033359084709,12.5509774838096,15.4869998600633,0.183388842667016,0.365849738270809,16.9824245594996,0.459093452774192,18.9453118117491,194.376986535417,84.4485148950335,0.0245458687193467,DROP
0.00412239600801047,-0.381177244186183,-0.236612663181729,6.20081406355861,4.17501870393301,-3.32663109030086,15.647271376873,16.4306374996863,0.212920166246064,0.448663167657175,8.18213606828761,0.876592222064398,16.7524818460596,257.094643852618,77.167703847245,0.0428605394706576,DROP
0.0414246097995235,-0.347958426649938,-0.296263232858943,11.2468373882225,12.3343793379749,-8.62830016897655,15.7290247182395,14.2550243309818,0.203223842106829,0.458871406951638,18.7903120968265,0.938021811508572,19.9800148625746,224.217630061118,70.1441033645306,0.042791415386312,DROP
-0.0245005131602235,-0.404730400978001,-0.244070960561685,13.8136266941658,-0.0469104010670895,-7.98181513552718,16.9959856389212,18.3353243249738,0.175020018359618,0.473262724509792,15.9539291677389,0.879432031620518,22.7780027739769,311.626908912216,104.760699582378,0.039200564786097,DROP
-0.035927575394276,-0.31160796941135,-0.279587114228105,9.66816859424019,-6.36299790911989,-4.21254879623811,15.4695930020235,18.848819154322,0.202761255219392,0.420189566406373,12.3169311810533,0.500440726564798,15.5892046860809,291.583560886107,92.9601968272015,0.0357993795539152,DROP
0.0377643520803022,-0.301278947701809,-0.407846923465655,-7.48131556950499,-2.71835099009271,-6.22277754796849,19.0964535911687,19.7696034896912,0.23637130763996,0.508462647199137,10.1035872425271,0.696366050066948,15.3005279899249,377.529315556694,83.6375618069613,0.0611100819560989,DROP
0.0022816662677025,-0.356961159894042,-0.160099797552794,7.01506065862318,0.675575241060153,-5.72275573484322,13.3458660175057,17.1022185661097,0.224110533825527,0.391226815096183,9.07840355740904,0.874638399470823,15.5822117485723,228.243917585399,76.3111932446279,0.0343020044032535,DROP
-0.0195871794576418,-0.384563311600175,-0.161970872996111,2.71708741124578,2.22308753020737,-14.0431772957345,13.4580340969079,17.3599405351841,0.182409947154562,0.417740543791384,14.475341471853,0.838466442105921,17.3311888733391,233.630671642801,95.1694007732692,0.0318318421852187,DROP
-0.0176729254764233,-0.299323142479357,-0.185985681624887,11.4395883605602,6.65312027904999,-10.1811262261381,17.6183837919301,19.9547727606964,0.212324431414686,0.35284181964173,16.6968117477298,0.758981342828602,26.1836067465094,351.570844978702,93.9820191474065,0.0264338289851584,DROP
0.0641385976602907,-0.3194481254587,-0.132116233163369,14.723147654811,0.0372013260995789,-18.834620718286,13.8137277087119,17.7181219720821,0.182843078319236,0.351590050533549,23.9063882342298,0.517170770654284,26.8548091757862,244.753312432087,96.9029029266521,0.0226022501830415,DROP
-0.0400695683270077,-0.333907585133801,-0.265419496748729,-1.23533597863228,-11.4788636126882,-14.3712922212427,15.224326845193,15.3268157717627,0.176391884144517,0.428424269819239,18.4343268097088,0.898407172444095,26.7641113682325,233.340452805375,86.8902158162207,0.0323762637729269,DROP
0.0188136568083667,-0.389997878823174,-0.302139073781276,7.81042800806506,-6.88354533808286,-2.31646316702276,11.1576416964169,18.1519668005645,0.183414352003738,0.493700637101559,10.6654575004911,0.711460930411251,11.4154771948035,202.533141645954,98.966452929167,0.044705472680231,DROP
0.00752382183257948,-0.302209241127058,-0.114563874136984,14.0033039282302,1.59451177687441,-10.5539693495105,10.3537746710615,17.8458567078736,0.190721740957173,0.323283025497528,17.6074205306565,0.354850937562725,18.3710673540592,184.771979165375,93.5696321178656,0.0199326942984799,DROP
-0.0132099118473956,-0.423513628005011,-0.185800676245514,4.16031398103781,-0.0159023420437765,-10.542954682756,12.5748179274066,19.6387084409381,0.220267268000321,0.462666387551843,11.3341236426972,0.913516292933219,17.1938503022653,246.95318297422,89.1581371171879,0.047150452395366,DROP
0.0227254776406974,-0.258176966922014,-0.179800159756148,-4.63655792489025,-0.459147919593791,-5.77697772043745,14.1361302216341,19.1036523497639,0.168994551430451,0.315436033184836,7.42172202291089,0.814027480910723,11.3269351425764,270.051717325089,113.042338618161,0.0168149394522277,DROP
0.00848977790302027,-0.370321573247215,-0.148860836404152,-2.586324019598,-5.81061997692419,-7.88515815742509,14.6820826977206,17.190732029021,0.170413241365849,0.399211338210827,10.130552582075,0.693825362484282,12.8643071452036,252.395749284441,100.876146801109,0.0271587058839603,DROP
-0.0801925515958805,-0.359187459978199,-0.27967033394093,22.2970212318815,8.2660442570554,-15.5872458190711,11.0718918100808,17.8115667944223,0.250149680767346,0.462235840695721,28.4332002366726,0.64437640811221,29.4425255674161,197.207740515871,71.2033512752583,0.0534474741939049,DROP
0.0113246993310318,-0.358558477753962,-0.150239893467541,8.3236501902712,0.16547633840264,-10.103387493534,10.563029465036,17.4918328737601,0.199938236156359,0.388927315025976,13.0915611656163,0.859869122131555,20.89802919362,184.766746043012,87.4857442192129,0.0302435486004311,DROP
-0.00962531018389603,-0.383403077776479,-0.287610331876804,-2.98144279643184,2.3715187025846,-4.94841531478623,19.1191816918241,18.033130310376,0.237189892393554,0.479385303953822,6.24499129164443,0.737657639570301,14.0998438696848,344.778694876421,76.0279205006529,0.0545086731284814,DROP
-0.00829300756629381,-0.325714932601703,-0.0738307795575686,2.34332582962973,8.39467519337563,0.806192461779088,15.6372867143859,18.8037672840681,0.19552861950945,0.334080791582373,8.75281062468025,0.562965689260705,13.9856370361253,294.039900331563,96.1683827301643,0.0218229443947345,DROP
0.0463999612118944,-0.407970896436049,-0.222909878756823,-0.0562853441833138,-1.35909824042265,-6.34200069056991,17.2261948474882,20.4159483191938,0.213273227070419,0.467206616805328,6.48623841885873,0.678400829700665,15.7330083382072,351.689103742682,95.7262797274275,0.0465537114111741,DROP
0.0272362742040158,-0.328577981609814,-0.0460177631471451,2.63269714887171,-3.49114314903609,-11.7161745390665,17.8355818638531,17.2094038938464,0.185063838354477,0.332900794766793,12.5055156069076,0.42817865962846,14.1910629465033,306.93973197681,92.9912134950412,0.0205093184980011,DROP
-0.0288247526519659,-0.286618124427785,-0.129069219810077,14.620210241504,-6.65702793244851,-7.89516741185118,15.3091073360396,18.9214332609044,0.168400324542286,0.315657534550231,17.8997272845241,0.607329549389623,20.8519527283757,289.670252742896,112.359171237713,0.0167793543008161,DROP
0.023655622584397,-0.379466293459809,-0.131705094782233,10.8551983032769,-3.54505543385758,-8.47991803536859,18.146899848605,20.2383291726203,0.186263558735682,0.402368597611169,14.2236337874383,0.54469430276491,14.6826993648871,367.262932598641,108.653676845413,0.0301561611199197,DROP
-0.0419374549649915,-0.296985035915856,-0.118313173432813,-7.86754104695759,-4.08547807259326,-15.9073313949161,16.5372660939612,17.3227603018648,0.20312471140743,0.322423430746938,18.2107804696803,0.70678167283929,22.3442158211886,286.471096593847,85.2809828053665,0.0211162089524159,DROP
-0.0368047609434928,-0.34210473608341,-0.232904678706613,12.2014080043776,5.43296498604735,-3.72110821971053,18.8779872040148,16.2529221784767,0.185622070614175,0.415493477977979,13.8649959326248,0.508793329683971,20.4179173808891,306.822456913132,87.5587400030625,0.0320448346496908,DROP
0.0437763349883482,-0.347507226599713,-0.264104387869273,13.3517009566578,-1.72187679613662,-4.64787903785016,19.4206504736975,16.8432275528284,0.206255806383871,0.438667035159744,14.2420348857731,0.445796529607815,21.8055627570997,327.106435152432,81.6614387089893,0.0396895506608103,DROP
-0.0188403905204184,-0.389735680272588,-0.116418917776444,-5.6962259609374,4.94109320709569,-11.8562579478831,13.2282993761807,16.4813583147989,0.219414848732925,0.407188193847436,14.0510584941493,0.852786291842726,16.9958579154798,218.020341914265,75.1147121321222,0.0363794701637574,DROP
0.00901434724960614,-0.359982421609917,-0.155088488616008,-7.65579050543258,3.25364402877946,-1.6270587557777,16.1612818648418,18.4872317211764,0.195618295966463,0.392072750424809,8.47612222209171,0.436427740503975,14.5212878400667,298.777362746577,94.5061765499141,0.0300706482170041,DROP
-0.0245011231036258,-0.341106401147521,-0.260019790727023,12.6705822258864,-1.47937011158433,-11.7569050892994,12.6675616016833,18.1556374588762,0.205741138046451,0.42960932660602,17.3481124952772,0.521052794390932,21.5371033900433,229.987655928143,88.2446232515435,0.0379724430999078,DROP
0.026719766803917,-0.302904742621819,-0.151544356817413,17.127648049589,5.22451243076032,0.583971750577191,17.2830635720034,16.3358120004812,0.183390986294271,0.339751263609202,17.9162741901108,0.594985152343584,26.9595482257826,282.332877304613,89.0759314546534,0.0211689904737957,DROP
-0.00168391518103047,-0.321376916379836,-0.264393356628279,11.485705225502,-7.54331894969087,3.25586632566728,19.9593475179532,15.9804919898985,0.237851196026033,0.416160792220167,14.1217474426681,0.860167018451102,22.6356911293723,318.960193134252,67.1866489227177,0.0411934022543216,DROP
0.0218153257087212,-0.335408449602492,-0.141751829034662,9.99498075257469,3.97241312572948,-13.3483756838196,10.8859836954228,16.5397608479217,0.165506873644745,0.364785303343209,17.1423113868053,0.596786816283683,18.6039215907277,180.051566916669,99.9333776918892,0.0220237212164167,DROP
-0.0915362625323052,-0.313962071505545,-0.224780341451474,15.5830087090112,-10.3377192961198,1.70828554352695,14.7196198955886,14.7041632683135,0.23273717628291,0.396834060541025,18.7780946895235,0.490337332071905,22.6570229190872,216.439694192251,63.1789915309791,0.0366508155221958,DROP
0.0161474826110781,-0.335432419786145,-0.211276705397494,-1.99515346296724,1.50156297656932,1.83571280502348,19.1753853992719,17.3675937743909,0.214943651304156,0.39675369649429,3.09922090466637,0.539242008646489,6.79611358633181,333.030304081942,80.8003068185916,0.0338350315264148,DROP
0.0223355523308289,-0.350602098431076,-0.155849789679386,11.1898316282699,14.2255858752852,1.89020106877863,18.3125012335324,17.7323072513672,0.1877788868943,0.38433041158007,18.1975955951482,0.78924395852833,26.0754959388077,324.722898414037,94.4313448295377,0.0277367940828261,DROP
-0.0764879900230834,-0.284713415486555,-0.283726135364415,14.5597492785196,-7.88833518926759,-4.77784029465681,12.0630982825704,18.880079308909,0.168836982590831,0.409160923677491,17.2348451978204,0.676498792745762,27.0208773600378,227.752252286093,111.823649034375,0.0282654486091863,DROP
-0.0514641095813805,-0.377633860179631,-0.281116627829155,20.5734073462406,-8.94571298017669,-8.68014762378476,15.5474015573986,17.7884047785395,0.208090313045099,0.473584676030812,24.0548505156184,0.812480102478973,33.8513006355339,276.563472157502,85.4836490684464,0.0466710042678153,DROP
-0.0562040985280445,-0.405827352535508,-0.317549503124316,10.0706990145677,9.88444922327009,-14.1560705530633,17.494969684376,16.2452604852111,0.214175757899394,0.518355503194313,19.9878875470302,0.669048657659928,29.6791902932036,284.210339703559,75.8497824158961,0.0575474043427256,DROP
0.00583366600921726,-0.353331808250046,-0.263774659034235,3.3181330761385,3.47536136941659,-6.44189352165244,19.3234517333038,17.1594566351466,0.21460445940707,0.44096991862142,8.0365500000501,0.499885879137688,16.8340836150897,331.579932058975,79.9581552238054,0.0417307962267139,DROP
0.0622464257471697,-0.384516132845061,-0.268926142741348,9.15794531754186,5.23484836251668,-3.32647858987271,18.7571657465723,19.1899880116298,0.207520794262612,0.4733376640266,11.0606084654739,0.739510263358509,11.155160978487,359.949785808876,92.4721573452929,0.0464947318428936,DROP
0.0093079840992291,-0.394908586515536,-0.215135064664033,5.36974539277832,-13.689392090663,-5.90794280197282,12.1338402596099,19.4250855498324,0.19078864883725,0.449802763797298,15.847315531236,0.91358173548668,24.5113204646207,235.700885090922,101.814148032751,0.0386008414258723,DROP
0.0227605695258968,-0.305372854506988,-0.334874823749538,17.1377542786405,-3.37189592354793,-8.1367819086299,14.4600767728686,19.3661919779175,0.227665452392277,0.453775022865046,19.2686149907798,0.863834540431037,23.5762257268617,280.036622798799,85.0638808415607,0.0468789965832516,DROP
-0.0186459101773449,-0.30292345348642,-0.0702564759953688,5.79601915318292,-5.73310656209236,-5.07074907610435,12.2982771901171,16.8908487201334,0.198359363631721,0.311522488847545,9.60077314955326,0.760908196319585,18.1673577057872,207.728339536534,85.1523379514124,0.0192500345862569,DROP
-0.0310819481188806,-0.373511829449335,-0.203515012457491,19.894463369742,-0.336533404800214,-5.29161034800169,18.0989613935623,19.4596329470702,0.208053744348034,0.426492127164179,20.5889307050568,0.771705062166334,24.4537659416155,352.199145441917,93.5313107521263,0.0378440470397833,DROP
0.0162488149314549,-0.431503085070453,-0.0569761629139897,7.84931606337706,-2.11355157679216,-14.3416821168474,10.3740418399807,15.8011551604572,0.212490911895787,0.435551626736024,16.4852269887694,0.856326601941243,21.2369527698408,163.921844754611,74.3612075371917,0.0403106350940791,DROP
-0.0252720760743055,-0.442937070053605,-0.188068571970667,0.920161262175238,-1.54966893767499,-6.85231207164274,12.5607899790713,15.6450375223571,0.212694161628461,0.481873130211535,7.08536176154637,0.766367629470171,9.22298082023458,196.514030533018,73.5561514543808,0.0493879488070689,DROP
0.0194107761318798,-0.332213676131891,-0.238894624243235,8.16390079401005,7.81053830522777,8.21077083101499,18.6205970368211,17.7781398229128,0.216073547648942,0.409650273198277,13.966765639593,0.632277706090258,19.7102122072953,331.039577706721,82.2778065086922,0.0362600250846711,DROP
-0.0446269904853922,-0.24123526716182,-0.233698919857383,8.75423483757442,-1.38733862012686,0.575268784696751,18.8235972911665,14.9168031218953,0.186975545665918,0.338823268895342,8.88213207585564,0.380654846040692,16.9019273259875,280.787894838172,79.7790068736641,0.0214650184238188,DROP
-0.033182533585009,-0.303784247536802,-0.228096042091892,-4.22134150413204,9.24279886315569,-8.92075494049817,17.7878230360803,17.0326650511585,0.208389859292428,0.381331553906318,13.5214246153163,0.49964100827128,21.5108047952348,302.974031762836,81.7342234155152,0.0303027517362038,DROP
0.0283355632355191,-0.453361956753349,-0.272819481919324,18.8018555492118,9.43118649580388,3.94140486162909,15.5217952989181,18.6835842218198,0.199883530504471,0.529877757308068,21.400741180981,0.774135106326899,29.889057387232,290.002769741182,93.4718868672123,0.0561213863467284,DROP
0.0685052028759976,-0.442849549551655,-0.210629658736855,12.0638844674317,-0.914000730499825,-13.167985016237,11.5007775880045,17.3211074373471,0.200510321912185,0.495150017165293,17.8820730108882,0.986724591166689,20.2269308672902,199.206204214859,86.3846852744452,0.0491598253292521,DROP
0.0248035831324827,-0.292205554698579,-0.26344481216991,-1.76055367556085,-6.13473705649115,7.31193664855636,17.9444946855288,19.6151855271313,0.165540666950079,0.394211203534544,9.70561515563636,0.784144008871191,13.3808518632452,351.98459244727,118.490926716634,0.0257254290248128,DROP
-0.0528799797681231,-0.350240934213811,-0.234189158599196,0.28738399549413,-3.2335481602175,-2.65167274167617,16.5641575888986,15.7548039149645,0.20457845103618,0.424628739329593,4.19163352337255,0.603862917722089,11.8456121832895,260.965054829668,77.0106862403215,0.0368874517734255,DROP
-0.0115045788197805,-0.32586418123507,-0.143505879973298,13.9265277958754,-2.72059348795503,-8.41160565407449,17.9722630589308,14.6239750951503,0.198450241131117,0.356249571975509,16.4956029006414,0.852799000016701,18.4173574789632,262.825927377295,73.6905197054843,0.025186065785227,DROP
0.000388189041156881,-0.349925109786704,-0.181314966734657,7.21989698105858,-0.984251859551371,-7.56139145676593,15.4813986553573,16.7246858450486,0.176095935788472,0.394110200720507,10.5009668556082,0.548688602147058,19.955130286513,258.921528952809,94.974314971263,0.027351722675017,DROP
0.0608095713166836,-0.333752079009497,-0.1745377863567,0.807058411204966,8.4678347156015,-4.12349953571384,12.9501105442404,14.711674648882,0.185714463860937,0.381512376041955,9.45297923783157,0.576058952271578,19.0242286629875,190.51781299392,79.216207110777,0.0270310546431369,DROP
-0.0269498398059263,-0.39265887217339,-0.174898313468715,3.42742070808945,-0.0562009745537964,4.78922189187688,18.6907069221001,18.5992520437553,0.186475149254868,0.430693282761927,5.88956854017456,0.874360882321314,9.43911968647965,347.633168920101,99.7406484318513,0.0345905255304204,DROP
0.0399130266566973,-0.410788499669952,-0.183867085418708,-0.0413057591282275,6.63425388989554,-5.14637706080003,15.0325962386863,15.8620507685884,0.200991225981009,0.451826677231833,8.3964413707987,0.834694372714568,9.90273859119572,238.447804721734,78.9187277824724,0.0410318254052371,DROP
0.00771802976431015,-0.402426562940177,-0.174832067332464,0.624888485309272,-12.8845312535064,-15.4024970211947,12.7564755157806,17.2374653193107,0.185264199051191,0.438831355204969,20.0907577191496,0.561048073848808,28.5154146059395,219.889304299904,93.0421115654202,0.0356768748804114,DROP
-0.0117891217805812,-0.366896149698344,-0.121433106647343,-0.724760298307648,-8.02395080609517,2.94152935686046,15.7566871972389,20.222808503895,0.165170698408131,0.3866494115421,8.57680937096717,0.850981087423753,9.5558511809731,318.644467845536,122.435070286227,0.0246926506594877,DROP
0.0405948748002856,-0.353636504661947,-0.278205139532655,13.4526772883543,3.19486024633248,-9.02256229505597,14.1144128326042,17.6719279041691,0.214806752215603,0.451779615467491,16.5102479868221,0.663095454621818,26.0615468273925,249.428885987461,82.2685760727656,0.0438430937002365,DROP
0.0138918007858366,-0.286666868521703,-0.166802282613918,18.8662065513792,-0.644799043954701,2.40407631254547,12.6131689590286,19.5593046154721,0.213159091706116,0.331954631120468,19.0296899176769,0.40958833958954,19.9797370758756,246.704813836056,91.7587549288468,0.0234888267589705,DROP
-0.0413724560206629,-0.449286634561505,-0.179226081558976,9.5529695478638,9.93581832938844,-4.45364301941531,15.9579992825218,18.5240690242141,0.212656106212602,0.485481357442044,14.4849801243016,0.724239621755312,22.8921987587295,295.607080197792,87.107688777138,0.0501213745486815,DROP
-0.0674735954799033,-0.365395015183666,-0.210673550606266,13.7359385278096,-2.49320566272888,-7.45531745814318,12.9820885210845,15.6899496138484,0.216179093928148,0.427141133740487,15.8263653476761,0.746928829770128,20.7766044068443,203.688314778336,72.5781422736512,0.0394417780030155,DROP
0.103944910219243,-0.402683734368246,-0.200611149061425,19.3403418047179,6.93643200160004,-8.87871210406487,15.0065281018416,18.2883347523221,0.194160889403071,0.46173971825368,22.3829050541481,0.683815366841463,26.5307986855948,274.444409396607,94.1911659829199,0.0413957942728135,DROP
-0.047009598539078,-0.42034139539725,-0.231380489776886,10.7033054578167,7.50635697458851,-8.01784014325198,14.1852333500675,21.4119873906682,0.19622515398029,0.482113806158571,15.3359676354648,0.911174512928391,24.7042038589008,303.734037625331,109.118927096838,0.045609342907068,DROP
-0.0231758764843692,-0.308029096953331,-0.108740870300348,5.24559447581669,0.216027722077982,-6.00563363596234,19.5980870732552,17.0828805333556,0.212393581165462,0.327480721103366,7.97687687950786,0.450517678074006,11.4481963360155,334.79178015472,80.429926411576,0.0227778570812171,DROP
0.0257351932318072,-0.368229502801402,-0.279540237493008,14.2897113813899,-3.0409423819672,-2.76815692829283,14.7417961265483,16.7512378926511,0.195512961273547,0.463031328617939,14.8696292729013,0.860309450330769,19.918564459965,246.943333880773,85.6779627579341,0.0419175900768432,DROP
0.0120639795843991,-0.402822156972387,-0.237881866894028,12.4111627868928,-2.43871032546218,-1.58226182010233,14.4530207961674,16.1119162488025,0.201477134244056,0.467973303029443,12.7470711240513,0.840565427119775,21.1284956866537,232.865860610051,79.96855990976,0.0441232934102116,DROP
0.0323547356890569,-0.347654245267266,-0.271798006083555,20.6843007542723,-7.76295018175021,-1.18226218908389,13.1630990087691,20.5671189593537,0.251127160905359,0.442475377037929,22.1246793671968,0.836167594365681,30.0278052740132,270.727023187105,81.8988953098921,0.049166795409597,DROP
-0.0544339498610262,-0.412548312420385,-0.208469700067208,-6.57910625145348,-9.9285947812458,-8.24608221697318,14.8941923936449,19.3593148030542,0.215440284491823,0.465423227637483,14.486528408393,0.687998951314963,19.9691018327493,288.341359285828,89.8588905497774,0.0466684117671005,DROP
-0.0464942406361297,-0.404442546256836,-0.230832501992363,-0.153706805618091,4.59058356120438,7.33423625445895,11.1872776350517,20.1597206812421,0.212179716014233,0.467994798700901,8.6537913454574,0.731966863983722,15.2115957246367,225.532392306148,95.0120305932506,0.0464714171469265,DROP
-0.00568751177629714,-0.311742158401205,-0.2116790925351,13.8847412988831,2.21637491157544,-4.2546242866113,17.6010745015355,17.6068543958975,0.188661254006441,0.376860132318784,14.6901390907572,0.859584432056841,23.5567161877525,309.89955595988,93.32473254187,0.0267943428019072,DROP
0.0618898424396246,-0.334225608384897,-0.327221439346084,-3.30277333085451,1.93175134195013,-8.95852342457824,17.7314766034315,16.9612098193728,0.145603527721047,0.471816680783097,9.74141246795592,0.712791571717396,17.4008119847511,300.747295078102,116.488203250571,0.0324129440360504,DROP
-0.0346543824273929,-0.373864332794911,-0.247627644547398,22.1210317482752,3.08391419878876,-4.0847572038761,11.5015283747649,16.6890189760141,0.17531042110423,0.449772071055663,22.7054137554969,0.819916931278232,23.8394979282182,191.949225299616,95.1964160172528,0.0354644068939719,DROP
-0.0160775630036929,-0.346505078889991,-0.182355763106404,10.3721761758678,-8.54397357734236,-0.703277097589221,19.077337126184,16.9557504089506,0.208953699130613,0.391890140303141,13.4564527937179,0.844455908678449,15.9512637422167,323.470566778983,81.145580738301,0.0320906665625063,DROP
-0.0319408185831516,-0.445476196578396,-0.294952417899259,9.20858623696832,-0.305966328508639,-16.3063393751835,11.7570551609984,17.6736544732442,0.17869329290437,0.535225360417773,18.7293454155911,1.00491859786105,22.9893420464747,207.790130538359,98.9044148304303,0.0511895861597085,DROP
0.0183086410673054,-0.371510524227618,-0.155864302152245,11.8685543564846,2.99109784487733,-8.90743023571241,10.9792143686937,19.2078197853772,0.181945733498605,0.403297603061334,15.137752879293,0.481048740487543,16.208044611487,210.886770978893,105.568368368232,0.029593283717741,DROP
0.0342743251270882,-0.38026064877937,-0.172837846820023,-10.1452304156981,3.08243395596739,-2.05771506544298,14.2325085346924,17.5090321271639,0.226922672479714,0.419101195019063,10.8009856296107,0.445696006190437,14.954878683092,249.197449184062,77.158244161279,0.0398580169932095,DROP
0.0885988675343436,-0.334684610977344,-0.168717436429889,9.70478425095931,-6.56365682146426,-5.05833368317993,12.5910732070005,20.1803638681217,0.227936909330473,0.385135199000166,12.7613152879323,0.594428281597168,15.4141656815264,254.092438807428,88.5344782155715,0.0338096815204423,DROP
-0.0131619141135605,-0.280643414627489,-0.160663369855134,-10.3817832024708,1.56232960861042,-13.5253971561773,18.9838352359868,18.3791033050311,0.199111409230002,0.32364591851299,17.1218767809307,0.628848432204491,26.5494453535104,348.905868927891,92.3051625767872,0.0208562591804809,DROP
-0.0502177076046834,-0.387841417962944,-0.205747331000581,3.54774638134887,6.36428891124588,1.62671693183107,15.7196069308929,16.5522964479701,0.162528126450076,0.441899024504964,7.46571401196745,0.458242620393292,8.1402555643178,260.195593965705,101.842031699189,0.0317376389124431,DROP
0.0344041021863369,-0.348167185307188,-0.231394441872711,3.28103538487397,-5.16001001216192,-4.78347233607491,14.9819864531163,19.0244333921563,0.163855946500522,0.419460866948946,7.76353683010522,0.627049145592534,7.91646571182546,285.023803359499,116.103917462515,0.0288300308584391,DROP
-0.0341246820635229,-0.330320634332428,-0.219271226674335,6.69237927869863,-10.6997497959522,-8.37488349702343,11.9698323289748,18.3651212074528,0.188110924950331,0.397939802280422,15.1463282578534,0.487162833865284,18.3592888413975,219.827421554509,97.6286921326331,0.0297885098539291,DROP
-0.0192496312909328,-0.334914424331981,-0.120157903972545,-3.13849092692192,-2.26093997432103,-6.801320157531,18.1790017052148,16.2835025324208,0.199507793560774,0.356337118214669,7.82431663157183,0.41249992214128,9.22866983701312,296.017820303747,81.6179690218042,0.0253327298888762,DROP
-0.0664865070841024,-0.396045802560197,-0.299390207230717,13.7928529380389,6.03264054320513,-13.8833890369258,13.7111956988581,14.3091464168711,0.204588116144448,0.500906407960056,20.4788680166781,0.840789008210644,26.7799882771577,196.195506805334,69.9408975733014,0.0513326374176796,DROP
0.0135174979895236,-0.383736662785501,-0.186058093779634,13.4487122808579,-7.23082682326457,-3.45870345398723,13.1711842925701,17.5323482178793,0.20814445792528,0.426678055890576,15.6561600702076,0.896601008636162,24.4182233300774,230.9217894592,84.2312313352189,0.0378935651494709,DROP
0.0256711738503559,-0.404953988871556,-0.184020615476672,27.442694694724,-7.9680245031254,-14.9816226659098,10.1062761992138,13.5044783633981,0.201665558248248,0.445544979985469,32.26515030639,0.806820870873781,38.5643588359138,136.479988266808,66.9643915218425,0.0400326963541957,DROP
-0.0287145899304305,-0.285027749465418,-0.180175618338728,5.71138722605351,9.52637275426195,-9.01472166861782,12.669426776842,14.6618443961775,0.192978935085545,0.338420742691604,14.3051364433101,0.792679124941142,22.1600753596271,185.757163990822,75.976004394851,0.0221016070880575,DROP
-0.0204123650848127,-0.367860399764103,-0.136710629423998,16.0919564634942,-4.82298343600627,-13.5986151859498,10.1606671518747,19.7223505632965,0.208958576029574,0.392972943802072,21.6132960703019,0.715733367871467,30.6331011818933,200.392239526245,94.3835690042994,0.0322689995132282,DROP
-0.0440897719578247,-0.338852900575628,-0.245147726518409,33.2000815491563,-0.676063421036896,-6.30537495093647,19.153737691924,17.2241552535203,0.210063532612225,0.420550358502943,33.8002992574295,0.566156413123538,37.1998776844624,329.906951690902,81.9945901353837,0.0371523833909996,DROP
0.00909529022978114,-0.343558480520633,-0.206360158939514,-4.48228669381483,2.81224842683789,-10.8063948725797,12.3773791740742,19.91817799027,0.178017973990819,0.400873632257787,12.0323649114345,0.435297855831115,16.3519119596082,246.534841442271,111.887949603042,0.028607429503416,DROP
-0.0463598831129427,-0.329295521105305,-0.271688989302243,7.14402438991974,-5.03569811061446,-4.38637285434173,15.9216961757242,17.149980664165,0.24542326279101,0.429417845332881,9.77934592712213,0.58485364436599,10.201512647591,273.05678155438,69.8789128227679,0.0452559725688431,DROP
-0.0320726360917253,-0.344986271017963,-0.295883192205434,-3.40571482686737,1.98441389089086,-1.62590516311779,12.6974741502166,17.1376448730575,0.204166339484415,0.455621602436089,4.26384328649142,0.649510557819488,8.76565902395262,217.604802771241,83.9392084764162,0.0423831036870406,DROP
-0.0519123693099648,-0.323132932343758,-0.140770214892993,7.98776898956394,-0.918266280864907,-11.8368757248112,9.75166020675561,16.3326783851213,0.243336322945681,0.356266809362687,14.3094127523752,0.398108902825897,16.6956633386038,159.270729877925,67.1194956343265,0.0308857157266656,DROP
0.24937661115112,0.305737093306104,-1.66476416057467,134.239002834748,6.68790791977602,-79.2962631800985,32.4884110332783,28.3454610993606,0.747166928206485,1.71087801281867,156.053629719844,1.83477667018959,164.806871261346,920.898991123827,37.9372026411807,2.18703498648547,CLEAR
0.102361677149925,0.358792993856424,-1.27053076172408,120.083068581706,-23.5658493871436,-18.6113075828641,29.8119587350654,26.8996576748123,0.610004071049075,1.32418229178485,123.780747239949,1.46797813066128,126.622300855628,801.93148458889,44.0974328763379,1.0696169709613,CLEAR
0.206831749642694,0.283042554431119,-1.12267568559992,144.160714345336,24.6730605441685,-41.4357419690695,36.6915701725423,29.2857878685386,0.676219180940688,1.1761348372174,152.013131635727,1.62914306640207,160.484114137433,1074.54154063667,43.3080654703314,0.935409364488914,CLEAR
0.192418735793813,0.294882946249607,-1.6281762592545,148.883707643234,1.05671013786126,-48.1697293006981,36.0579527133732,29.6839885843259,0.879500655963295,1.66581477153773,156.48577526029,1.99237580575389,158.719920857385,1070.34385671793,33.7509183559339,2.44056054153602,CLEAR
0.180148965167915,0.473580748960224,-1.23883563491252,128.623618300588,-56.8946960390091,16.6919027246497,39.1214277800413,28.279453892771,0.73013121947565,1.33844914201695,141.632133496166,1.36256174103853,146.486588761432,1106.33261312505,38.7319627027007,1.30799072982776,CLEAR
0.240496455763384,0.326752029351206,-1.58402757665911,83.0742862678897,-16.4173061311191,20.1045958437438,31.2653150455388,27.616062479071,0.777468965977796,1.63516017488698,87.0348192022161,1.99869697793639,89.5991516222959,863.424893725438,35.5204235373121,2.07875671290502,CLEAR
0.219867917120068,0.231144112866976,-1.58421768695992,103.952358724222,-41.8068143756463,16.7905373323006,36.3426253773292,26.2760498237812,0.692521272530339,1.6160183110251,113.295298916047,1.65565341421914,114.290024080545,954.940635141716,37.9425339314701,1.80852981677206,CLEAR
0.106970520965105,0.195833120251741,-1.43252646027237,141.604617473987,19.4709471067646,0.16952387891514,33.8674655232126,28.093386143967,0.786648265495948,1.44980183567396,142.937098786614,1.57950976837162,146.679907662121,951.451786661101,35.7127215090646,1.65347594078844,CLEAR
0.178041923151772,0.338769953385303,-1.29297635097457,168.17777006066,35.7507847533164,-14.5196693525804,33.254996477938,30.0651363181558,0.848786462361847,1.34842569387259,172.547679645837,1.74652676945446,177.028300467359,999.816002368995,35.4212775887336,1.54330755705348,CLEAR
0.171678482433875,0.20857433118113,-1.03804743463625,99.0618551851789,-24.4718107643042,-14.4874795793251,41.4781825424116,25.8757330585707,0.788303552330001,1.07262259416505,103.06312502236,1.1095664644922,112.831788715435,1073.27837922211,32.8245384123299,0.906958395649353,CLEAR
0.205914686213757,0.21314337807124,-1.61519947225923,106.749975100789,-35.9219026878254,-32.781712725078,31.8214820082411,25.7209655510578,0.674732860195818,1.64216329663058,117.305502709473,2.11055489139053,126.933145987254,818.479242517576,38.1201642134769,1.81955230165227,CLEAR
0.324558845733812,0.174808476815127,-1.03657800815936,135.635543325877,-53.812108746302,11.8197689744835,33.2785035680207,26.4557168595598,0.526023222866758,1.1001774470103,146.398260234334,1.38005459132878,153.451685163469,880.406667905406,50.2937235767962,0.636693466978046,CLEAR
0.120117264292238,0.31139705364729,-1.50703368718166,127.301119153427,20.2802702426207,-52.8451128790244,34.9994215108159,32.3446007133191,0.670354229044022,1.54355006932124,139.317874854685,1.77298225062705,140.924637536766,1132.04231396449,48.2499416905347,1.59715033433722,CLEAR
0.201481031132391,0.369986238409855,-1.25704593749716,155.86842304333,-39.631679048183,-67.7382484375737,36.1652314710584,33.1053221951077,0.806725090334358,1.32576352020145,174.511047179206,1.82399722437415,179.228319151456,1197.26164011004,41.0366326213484,1.41793947690346,CLEAR
0.371635661038997,0.196566751371512,-1.57344407503247,162.892261465447,-8.49895535073995,-72.2879829597327,37.2043138472344,30.0201988049367,0.833979761690279,1.62864293494782,178.414331172605,1.92622884459671,183.809809579901,1116.88089809524,35.9962725568069,2.21211281150179,CLEAR
0.270425295333943,0.375954978644894,-1.28266366945531,164.695285004139,39.2269360804275,5.62744866707355,35.8889982510666,31.7390737685401,0.812190701245869,1.36370747422785,169.39586062048,1.83152031001845,175.783636868365,1139.08356296961,39.0783034594588,1.51042948385498,CLEAR
0.0872280266915038,0.269261584649977,-1.50276885251437,90.4346651235529,47.5561546656327,-23.6477160900763,38.6404451483292,28.6924055325906,0.747236092015195,1.52919088203405,104.877218588536,1.99800200204867,106.962293553043,1108.68732215569,38.397994209858,1.74735537442346,CLEAR
0.189372333740163,0.250476413098651,-1.542358408052,157.901048545822,-25.2783869085626,-40.0599121067472,31.7166822852329,31.5388473062517,0.715661344989924,1.57399802197896,164.853069533355,1.88858731685518,167.20095525657,1000.30759965486,44.0694519238619,1.77302935005566,CLEAR
0.083508576245003,0.325946449730602,-1.38471841791117,122.908593747503,-38.0680449229809,-68.3050616708233,31.9741216772833,30.7826366092034,0.674011201782762,1.42501223408814,145.67525497181,1.77468254223561,150.443589839859,984.247768490267,45.6707408675738,1.36868749757148,CLEAR
0.25997417713679,0.270805668914482,-1.06360967043477,92.8340110187869,24.9034191680884,-38.5562971587288,30.486472104442,26.234578014666,0.625494110679368,1.12791303482872,103.561199001798,1.3412550008305,104.582825213517,799.799730815924,41.9420992534569,0.795745985420461,CLEAR
0.215329781729223,0.307028756765793,-1.33393544549848,174.016226547337,16.3912683314862,-22.29387295143,37.3578656478597,27.002380288648,0.710956763410535,1.3856469049285,176.202546946585,1.74509233418603,182.195576017915,1008.75129499573,37.980287547765,1.36504931739135,CLEAR
0.176641585148938,0.293388799090472,-1.36170864121334,103.825956006633,61.3590151582069,-36.9851222322158,39.5447461859115,31.5238564822413,0.682356460514247,1.4041116980464,126.145381003065,1.6569307404751,131.261254306266,1246.60290339133,46.1984492094274,1.34528600099956,CLEAR
0.165122508231128,0.329801698060522,-1.2728390855048,132.005568092197,48.5690644519018,-29.0075132773761,34.0904388561526,27.8526958046899,0.615992593294231,1.32519958510288,143.617059765244,1.34193216765688,153.036915294947,949.5106233088,45.2158855350075,1.08177781994429,CLEAR
0.140024584598917,0.394224070837658,-0.904260613017152,103.746800073907,0.90685618622352,-23.0625700775158,40.1199589812361,28.1883730104483,0.736246339711641,0.996346706008541,106.283126846635,1.16384005021953,111.450337019942,1130.91636892697,38.2865532953757,0.730876717407166,CLEAR
0.277759887648147,0.414503397655122,-1.29315331061522,115.132293994167,-29.7294242795856,4.30887538539104,31.3938570563411,26.3466285325316,0.722645373630324,1.38607687615408,118.986764791054,1.58091295412276,120.896889384328,827.122290066816,36.4585355907556,1.38835287266749,CLEAR
0.242294191297286,0.35714748983176,-1.34432302637094,83.5385428871296,-38.9524141367213,-8.96874312140801,39.5240364471649,33.5836841189976,0.758841926487614,1.41190127270311,92.6089470189638,1.7003516711984,97.3516898881972,1327.36275514934,44.256436934114,1.51272497568365,CLEAR
0.200200543341692,0.306165370604708,-1.39089070756328,116.103194441276,54.9191393620192,-15.1619484369068,31.4989382399172,29.4885715287994,0.724710461686097,1.43819138229156,129.328837882883,1.63511279010093,135.866412101379,928.858693369034,40.6900857621211,1.4989870983287,CLEAR
0.226807691455118,0.29887258785819,-1.34967541356508,109.474698512039,-29.6694029846352,-75.2191109779704,38.0670021389798,31.4409576113009,0.705221817035841,1.40085340941097,136.098852838967,1.5503403499731,144.1655685962,1196.86300064096,44.5830124207439,1.38392043522801,CLEAR
0.133038083116158,0.346033049038041,-1.32847739550992,109.759221854234,-17.1112604344446,-12.0507054335002,37.4794266107987,34.381883740559,0.736621359479665,1.37923536532624,111.736750969174,1.84251105011275,114.590202488366,1288.61328839529,46.6750476660058,1.4012675880679,CLEAR
0.147487960052539,0.382258207206752,-1.35957248229977,174.136309148987,4.62162535745853,-56.5979196054662,37.1648823143596,28.8412777791978,0.790344985682122,1.41996879189795,183.161508206946,1.60532002502615,184.063791957396,1071.88269445964,36.491964660649,1.593581580825,CLEAR
0.324711311342787,0.365436434030148,-1.21953860367713,153.475141034673,-42.9812320074567,-42.4502804719997,32.7583669595605,29.913895043126,0.7554615205142,1.31387047645093,164.936446950464,1.71788688781469,171.537575428503,979.930351012499,39.5967956461498,1.30411970219697,CLEAR
0.2830354561174,0.224556895698022,-1.46235524841083,121.565284266884,43.8782708250454,-37.8637506839333,30.1012223795156,31.5999136156145,0.753189034230582,1.50632590808889,134.673993797389,1.57205138008543,137.294049268868,951.196026917097,41.9547686234262,1.70899928128193,CLEAR
0.184913200530429,0.352990871808615,-1.08236806280986,154.172267746839,-40.6878706954525,-61.1336094547344,35.6815187929429,30.1575952203924,0.846010978970587,1.15339328535474,170.7685836707,1.26530880328622,178.744035265869,1076.0688006064,35.6467709323545,1.12546200131439,CLEAR
0.124178990758047,0.289965180213628,-1.12153851287255,84.2308300439192,17.3365445860146,-42.8954616762359,34.1432002164882,25.8028341465027,0.837857580875946,1.16505315901824,96.1010361051737,1.39217885444609,101.030348222159,880.991332416881,30.7961686320942,1.13726503504142,CLEAR
0.184532084319519,0.236193726122927,-1.19741124173667,157.30902915052,-37.0694376447947,9.24388269162425,37.6090942464537,27.2403518021034,0.835252867108385,1.23435539786583,161.881818703636,1.25566739341032,164.514660744438,1024.48495823186,32.613260320971,1.27261903901454,CLEAR
0.172416341838165,0.20479919149964,-1.49111562554535,119.902955252437,-21.4392705341728,17.1612510525162,30.6304150109752,31.0123772406176,0.80008781402388,1.51495739627135,123.007599509107,1.91497707370327,126.767443708722,949.92198535704,38.7611683816042,1.83627827162107,CLEAR
0.351754688464025,0.47359955480871,-1.08123942145134,134.273011974872,-38.0663613080804,15.8051299295925,37.4469167903096,31.3918083936199,0.666968087577737,1.23170880717475,140.456725506943,1.62704306703913,150.044176432946,1175.52643681322,47.0663618123997,1.01186167809714,CLEAR
0.162903743585546,0.171746260042444,-0.969802174732234,143.126459421209,-37.0668768503722,-1.43799617803391,40.6313078123846,27.3949971715642,0.836909358317754,0.998273843005076,147.85535018693,1.24659348772771,152.143089986146,1113.09456259723,32.7334903903328,0.834022578101963,CLEAR
0.283862286311379,0.392468629173918,-1.05526781431335,147.480174892666,32.4829845402679,35.6676366056655,31.9669564370191,29.1053382179918,0.819810752615667,1.16111996899599,155.169992498706,1.57110497808053,160.765909713787,930.409078899251,35.5024652002477,1.1052685143245,CLEAR
0.252162875371923,0.301903749892651,-0.97128307031245,108.102760139704,-9.12529989042386,-8.00853601272493,31.8824133999663,24.6602960944907,0.823131322668829,1.04791354251706,108.782418142729,1.52866941621981,114.815275926243,786.229754650126,29.9590909205642,0.903899266717938,CLEAR
0.24476156013719,0.478015199244464,-1.31355502475755,91.2279936075895,-75.365081189145,12.1945565130151,35.8437100044132,36.9364783331886,0.707206899608414,1.4190960344865,118.958604097652,1.47661739505653,128.187480392604,1323.9404179591,52.2285997563667,1.42419698482634,CLEAR
0.189528632837699,0.243324978823256,-1.20953210558129,170.013560381047,-7.82116983495114,-42.1073054281221,40.7104219038523,26.2518372192308,0.523446694191484,1.24823718195565,175.324860135248,1.32625579256207,179.812855377415,1068.72336894614,50.1517869130732,0.815580233104722,CLEAR
0.189645188557593,0.405375938300919,-1.58739058887064,132.841021509268,27.4861518525223,-40.2023231736544,39.6845822536393,27.8278207113224,0.644032669458296,1.64927372820023,141.486580027382,2.05436188650115,143.733009272711,1104.335439958,43.2086427014425,1.75183573118093,CLEAR
0.153427583862692,0.243609687494871,-1.20770252300386,163.826494935379,12.6892645124163,-49.7666946642362,33.8106836255809,25.3066237371154,0.709196136231625,1.24154383225127,171.688269181331,1.24284166809405,173.408338699679,855.634248807225,35.6834826936614,1.09317697145223,CLEAR
0.156706133667986,0.193573944982881,-1.35819497642238,138.617698381461,18.8511357252756,-15.0656131066906,33.5684806948948,28.002793906359,0.718976192474131,1.38084078679781,140.702538431213,1.85296426761271,144.911900653667,940.01124664873,38.9480976580026,1.37088720491411,CLEAR
0.113224382233123,0.285940467795725,-1.56238122223878,104.90022335732,-62.467975242671,16.472892948983,35.7859708995878,27.6461096862145,0.760874408782825,1.59236201771446,123.197650113317,1.99838687164683,123.294583567733,989.342876717685,36.3346079622156,1.92928593014517,CLEAR
0.276147204280273,0.251253188811995,-1.33117635269387,138.133777786306,-65.6821085816872,10.3738279564154,35.9133508177049,31.309563566266,0.815165643499887,1.38253966499749,153.305891144869,1.768530473362,157.660180293677,1124.43134030454,38.4087889463185,1.55812059273607,CLEAR
0.0996690010589436,0.188861851872607,-1.42009524653422,143.378867391757,19.0626983978026,-2.80301375099712,37.722545803661,28.4525703546557,0.676018203928752,1.43606170413877,144.667698436233,1.8671051875459,149.495139890186,1073.30338843539,42.0884054614142,1.39413423690623,CLEAR
0.288748130646289,0.176564983565508,-1.173017830134,174.283321035815,31.9262213013276,-55.5418004394601,31.7851038208009,30.2076740942012,0.861971445196907,1.22086916014186,185.684816810398,1.22676254958499,189.746734790566,960.154057269102,35.0448256931236,1.28478697678378,CLEAR
0.24823478704355,0.448994199754334,-1.4857839376458,151.553887212247,16.8984080256156,-43.3571774813044,32.1558610631801,27.8031768392391,0.811628912066873,1.57186838198299,158.537004393574,2.0467637876324,166.698913946562,894.0350915576,34.2559785265139,2.00534853773504,CLEAR
0.170684249740416,0.2754099008702,-0.939353259891852,172.252033163467,9.06865432090584,-10.4145314054317,35.7665336500666,28.8478161092897,0.725731483978379,0.993664064700053,172.804704462972,1.46545681470606,174.441617130511,1031.78638560384,39.7499309265439,0.716564242343075,CLEAR
0.124732640226648,0.262691629850244,-1.38620225203705,79.6115700074465,46.4732576693534,-32.7312737280037,39.2473595993362,34.2288714336691,0.574506884153184,1.4163762944514,97.8217871300161,1.72693665858,100.551935768136,1343.39282583666,59.5794633595359,1.15253078884932,CLEAR
0.186042046118095,0.276192601228422,-1.51061359468051,108.455668636016,57.1398993746699,-13.311053322628,33.7544578627807,28.8979648109199,0.857042903209228,1.54688313337844,123.307681433034,2.04222949299712,125.145229379101,975.435135530314,33.718184917611,2.05077290691327,CLEAR
0.24747189083439,0.261739855698909,-1.17355295549862,161.208408953994,46.6177308640389,-34.1788961046936,40.7350748155454,28.7467493856078,0.834573218864465,1.22758976379488,171.258754191795,1.47124630851514,173.567421927769,1171.00098692647,34.4448087849168,1.25768233532867,CLEAR
0.197554443312799,0.154119894264204,-1.33134155505021,95.0111776921561,30.3223794841872,-16.3469028387648,36.2613381938059,34.6403924544516,0.836209083794979,1.35471437435504,101.063305984188,1.38737492215059,106.801102859998,1256.10698595703,41.4254660709697,1.53465358741772,CLEAR
0.157158376927099,0.365100661833416,-1.34253346566766,136.965965398138,-26.6311328806371,37.1056382966796,35.1607315098583,32.0920809801377,0.917163451975582,1.40014047693336,144.380474127751,1.78044784679896,145.919924143868,1128.38104293525,34.9905416754989,1.79800113683679,CLEAR
0.31819035867934,0.285837294444221,-1.17155453357887,145.513268817819,-0.752884803384248,-32.9999849167737,38.9464003927795,27.5565484481716,0.832548588186556,1.24719208159805,149.210178078043,1.38820958733533,155.065901845922,1073.22836930552,33.0989875428259,1.29501941193916,CLEAR
0.262065483129955,0.141806829350152,-1.44546634436431,158.970457861607,22.153775020584,-54.4267498400048,35.582204909405,28.6713218734313,0.588047779150286,1.47585922329618,169.48353111302,1.93038004083214,169.486194748067,1020.18884992394,48.7567067392956,1.28086241348453,CLEAR
0.212182233060241,0.241866659586859,-1.30741479131542,121.885194918346,61.516563894518,-20.8337301918221,35.3818896403004,29.4101307639888,0.776622411658012,1.34642274846962,138.109857314303,1.60656016755019,146.200158970371,1040.58600099825,37.8692302118489,1.40790321445418,CLEAR
0.0912440157590845,0.148549996717502,-1.07439912924262,126.201028250127,38.452906788633,14.4957715317982,39.1446541699079,26.5944610439883,0.840891239439775,1.08845122116423,132.723219386009,1.45623303769056,135.035990661981,1041.03098040201,31.6264793473492,0.996225765708049,CLEAR
0.180920827480517,0.226555465073569,-0.99191911484525,92.7806002330205,-23.8282006532412,-29.2354616832047,37.6570457298617,33.0747951267896,0.652248671464482,1.03342307646303,100.15355782897,1.29526795631139,102.253226015451,1245.49907259532,50.7087953797316,0.696577614224667,CLEAR
0.19875814208036,0.273616375816158,-1.46834005659249,153.385016917593,41.8776075874823,-14.3773728551415,31.4119340008787,27.2353556210289,0.952098343505645,1.50678241360591,159.647756897105,1.80340732356288,163.040678100385,855.515193258219,28.6055817670747,2.16163764476896,CLEAR
0.26063139520108,0.321377501732184,-1.49083024099438,156.63191651352,12.7477119387615,-52.5704931080269,34.616399473734,30.1603841523775,0.698970478000665,1.54718681168353,165.709740739623,1.79876007587265,171.559795715509,1044.04390609998,43.1496636152424,1.67318646476386,CLEAR
0.280500466094922,0.228239668538061,-1.50339455697904,113.615913242956,51.9413841036515,-33.1122659816142,41.0406683178338,31.3520283532609,0.641828140725489,1.5462758653384,129.23972022204,1.63611484243362,130.177964372163,1286.7081967375,48.847935320952,1.53459122100279,CLEAR
0.208991722214334,0.2361100136321,-1.31270505680955,173.22735870093,19.6976677065349,36.9345263715599,33.5329642825492,30.1111504897847,0.668024179381001,1.35004446025485,178.213005007685,1.54741032935213,182.438835484536,1009.71613388041,45.074873551452,1.21755425966058,CLEAR
0.354826725223009,0.367467432528327,-1.31076871431445,118.194264217552,-7.32050062524799,-21.6856548573557,33.8880288278809,28.9775167385803,0.801471341714194,1.40678674337193,120.389955768432,1.49540403874304,124.457524792305,981.990922597411,36.155354627214,1.5861510103234,CLEAR
0.205483893016765,0.422847111294595,-1.36853954004563,142.337348864685,-43.2635734530442,-50.7633009019051,31.3883260861046,26.4242642209018,0.66461483787903,1.44703966168444,157.189600127398,1.54512965211561,160.95055174052,829.413421951055,39.7587037727372,1.39165281522919,CLEAR
0.125970111217144,0.292489217222181,-1.58375630075588,153.509807928867,-45.3855435175406,-37.5290032843932,35.3320831728931,30.7332664304275,0.550458882531842,1.61545734431314,164.418778666734,1.71643322668448,173.387821052312,1085.87032569455,55.8319823218901,1.43653388407142,CLEAR
0.0872371736947501,0.262745937474214,-1.45016045105442,156.748484004554,7.22111783204055,-10.7967973360746,40.3415259657177,31.8507371625473,0.774658418985992,1.47635059722811,157.285735568063,1.6214275251022,157.7375147518,1284.90734027015,41.1157940921173,1.68845407783538,CLEAR
0.242376988132833,0.225548792218435,-1.25540676790944,114.62358723085,34.0455798271626,2.82255960769147,39.7024061737527,30.6023044482493,0.707748585831363,1.29833162749752,119.606166639413,1.49019716714294,126.132055311076,1214.98512105723,43.2388871161289,1.1930270305236,CLEAR
0.0993398615299941,0.16825638923548,-1.09503852853323,134.941522029417,7.53161643348776,-34.0966543560202,32.8168595381014,25.3880011901782,0.683505415370827,1.11233448188015,139.386231213814,1.19771912212703,147.183904260561,833.154469011229,37.1437643001555,0.845693048085981,CLEAR
0.314192314046003,0.192771483242187,-1.26138601061682,93.8052461314582,-45.8357729398398,-25.7933013561811,38.3895528371581,27.4061981727179,0.585699362554333,1.31414318958658,107.543650103699,1.35076961253588,114.259358397822,1052.11169281718,46.7921823595858,1.01148658857592,CLEAR
0.301733972564717,0.216460045637193,-1.02259157694415,113.073844022281,7.04821750138867,24.9307764825762,35.4823334201038,31.6630025651138,0.690140268338229,1.08793008727311,116.003944708558,1.44819882086573,117.745252475461,1123.47721409697,45.879016395229,0.816844414073324,CLEAR
0.0464540979876849,0.397647759962258,-1.1087829451222,109.912494022108,-43.2614923438088,-69.520215842205,36.3880566745908,29.8365419945405,0.802027020577783,1.17884746410073,137.059744172825,1.316765410444,145.235377757919,1085.69378107115,37.2013710606348,1.11456198757345,CLEAR
0.20157668405302,0.214516808973329,-1.32355485155691,101.376393722301,9.02914192624089,-55.5248261472363,39.5480762191715,24.339754830393,0.732988089504712,1.35589382547667,115.938366931504,1.57179247164683,123.653758562328,962.590479188331,33.2061625185167,1.34756053552587,CLEAR
0.204877900751576,0.205570200562855,-1.55187120129216,119.756847474182,19.8753252467469,-63.274213082878,36.0546532647101,30.1373273862645,0.628688144220111,1.57877746594503,136.895423999036,1.84409778049709,137.616199075347,1086.59088923682,47.9367707607706,1.56702927003639,CLEAR
0.261169171210642,0.48575471698286,-1.49191360882079,104.541586703528,2.07788479175783,-67.208708973065,31.8939053439139,27.1110499635208,0.848370012419145,1.59058894666304,124.299121145425,1.79075808839481,127.240430464136,864.677261310653,31.9565963082746,2.14635339276823,CLEAR
0.105230926827277,0.345372206873567,-1.0512778878544,149.272149837678,-30.3967817374003,8.39245117804948,42.2575568920607,29.5032940826596,0.746178252395486,1.11154878738328,152.566615922125,1.56177255004831,155.478705305024,1246.73712820119,39.5391509318225,0.921933605313697,CLEAR
0.219060565338331,0.312415115289055,-1.27246203297666,108.576677337768,-13.379824469228,-45.0167406513222,38.1569215458086,25.9834843908867,0.949502893679264,1.32843906932705,118.298019862572,1.48683562890031,127.338219621056,991.449775389807,27.3653268447405,1.67563557430987,CLEAR
0.304090027075378,0.218999529665647,-1.27775586253067,94.0719931010237,-0.516189057092543,-63.1255801091366,34.6656541978896,27.6554087238966,0.890030674761206,1.33157485061561,113.29009312935,1.36411876298958,119.109149605951,958.692835523899,31.07238709377,1.57810589784576,CLEAR
0.237616853095553,0.257555133667463,-1.54157167528488,115.660087383929,-13.7468210943921,4.22436957564587,37.5510371656545,28.2801194747707,0.693077815954849,1.58089836668716,116.550745180676,1.58413858759622,119.050095494727,1061.94781744627,40.8036125527938,1.73216755525477,CLEAR
0.218740017268827,0.329544461594682,-1.01162118501012,154.8027972615,22.1499640994252,5.21276036158253,39.674444145994,32.9309961758198,0.836955857768625,1.08619711345767,156.466289724587,1.36886871003202,165.198245595341,1306.51896844951,39.3461095039185,0.98746074961906,CLEAR
0.267360020504182,0.440841095362441,-1.20001198023699,132.959635804163,48.0458011107566,-4.32990567286206,34.8495930719867,31.0361094903048,0.840518910345937,1.30608231158555,141.440488689363,1.56697034638022,148.461531811696,1081.59578627475,36.9248950658779,1.43380002762971,CLEAR
0.157758206619305,0.303764140723066,-1.21402209004737,111.142652516256,-15.5892069981305,-13.1570905432068,39.0308239049881,26.3744783391054,0.950703225771799,1.26135242500578,112.999210681942,1.59855278740615,116.381351596324,1029.41761963955,27.7420438703679,1.5125782822576,CLEAR
0.112033263850612,0.397595325239296,-1.41226376511897,103.911176290998,47.4936787255639,-55.3077659783843,39.0950611764963,31.5051909583557,0.83866940046497,1.47143550219817,126.933569454993,1.77736639713914,130.946246218534,1231.69736789412,37.5656407342966,1.81582193628038,CLEAR
0.205904502944548,0.207745618547859,-1.08773452600499,144.219844340768,4.11405111487291,-19.3641112900698,37.386523010441,26.0747155795489,0.60952856935221,1.1263752951046,145.572173592021,1.51754213316135,146.342437167184,974.842954005511,42.7784260036152,0.773321882200525,CLEAR
0.169336162245392,0.412913344271308,-1.41725813390923,105.180848181543,18.7808887624981,-41.8716628609378,36.2454588652019,27.6423975258327,0.640018781234843,1.48586432215501,114.756127320672,1.64320876866223,115.971253993505,1001.91138245813,43.1899112125877,1.41302884674079,CLEAR
0.384666509939896,0.284392020551576,-1.24230209725652,152.793932732486,13.7598209180291,-50.1395509038333,31.8055707713274,30.3474887209557,0.621776691965608,1.33122561801924,161.397934052434,1.62271461692215,170.895755089216,965.219200246418,48.8076190463172,1.10188880592217,CLEAR
0.286812077683487,0.391519063663631,-1.57740196280361,107.819153209901,-37.8983430874238,-2.7027164646394,40.8353125584371,26.3689567086152,0.724807683239583,1.65037731969809,114.317797756781,1.68778245164632,118.964440126201,1076.7845890362,36.3805750653501,1.97419151872425,CLEAR
0.135800263655474,0.273503903002897,-1.26381354135363,110.148041167163,-2.28659117122137,42.6877171266949,31.3277043688065,25.8360363611832,0.611769487778691,1.30018105042164,118.152700627773,1.5534269824849,124.198198636952,809.383709184882,42.2315833753155,1.03417843332098,CLEAR
0.29013555318595,0.357933327021129,-1.36748822925757,112.198249122424,27.8851560277943,18.5747993059509,38.893490369176,27.5439158832961,0.565991891851032,1.44302424199074,117.094202256509,1.59485432441798,117.643958537451,1071.27902713637,48.6647734978015,1.17857564929033,CLEAR
0.257615412316432,0.189391610020615,-1.24272808142982,104.138976334927,57.9422856319821,43.2569987072063,37.3256148150063,29.913156046786,0.741191791737192,1.28320223152215,126.780924407025,1.50987719352107,131.91141972027,1116.52694050351,40.3581313529455,1.22045230933717,CLEAR
0.204025542398008,0.267658850411657,-1.45149518924431,102.30532016155,-14.1588894097728,-69.1932367523459,41.3840109100212,29.3831406159981,0.752061708106966,1.49000200219794,124.316357310458,1.83034115001435,134.231322268718,1215.99221182315,39.0700672952646,1.66965668538497,CLEAR
0.276939375861314,0.32212749462348,-1.2036282120804,156.083779484602,-14.642616447961,13.9136644200707,39.7198946622663,28.495119677551,0.7915502450963,1.27639430177775,157.385331248609,1.53306929246448,159.931189786918,1131.823151981,35.9990838926471,1.28957973880013,CLEAR
0.124851267264682,0.370540751655166,-1.57284559748136,128.719312378037,41.0659026626238,1.17525202349773,42.7360139415457,26.863966703304,0.760366629207943,1.62071945786162,135.116434817862,1.8562861266451,135.607501620338,1148.05885555762,35.3302345751983,1.99727902294108,CLEAR
0.0109419615598028,0.282903894604755,-1.56691639797455,128.639495966424,40.5368744609966,-3.54731030879578,37.9232879498629,31.2871484580461,0.776249564074907,1.59228808271206,134.921983101306,1.67406995456003,135.217479686808,1186.51154010459,40.3054759713217,1.96808865865539,CLEAR
0.191424424296364,0.353684456879394,-1.24213138336814,157.623672509493,62.635980768407,0.977759549441018,35.3332967067925,28.0738210890483,0.79578747529513,1.30561341093116,169.615577810344,1.65647145611676,171.174043063262,991.940650232753,35.2779940406108,1.35652032230937,CLEAR
0.146618078009504,0.136588396121567,-0.982341286194111,124.20048795668,47.3120822703042,-68.4887079187316,33.7378476060741,28.8125131010227,0.713939073307607,1.00257052286398,149.515542502466,1.15596232737197,152.853199754014,972.072176150318,40.3570470103148,0.717614184145572,CLEAR
0.119123304052602,0.213377379185067,-1.13685257134983,150.89065716891,-40.1967127676013,-26.1378103841572,36.3170993269422,27.4072975244066,0.664200397539422,1.16282158412244,158.325459954692,1.41360301755197,160.872243344785,995.35354647693,41.2635348644835,0.898101248578512,CLEAR
0.109177406246753,0.341913387867723,-1.40910507850128,120.531172333079,-37.2772319359092,-30.3517500697674,33.406507560341,29.123095949819,0.759776348893533,1.45409820613879,129.763570608578,1.75869247205598,136.96376455316,972.900925028165,38.331092644748,1.60647232249719,CLEAR
0.186880589520286,0.30106594652778,-0.928276635306452,92.7477338875791,-19.0289262281905,-61.0908680276595,37.9279149340113,29.3756959774955,0.661660160507039,0.993610874816689,112.678020620936,1.39897824681242,119.809454028771,1114.15889816183,44.3968873055577,0.653232310895342,CLEAR
0.292412460175924,0.447814467985139,-1.11428722013343,154.562132010857,-13.025422841653,4.8250310921078,31.7377255136308,30.3755612054161,0.927571461551328,1.23599306371663,155.185035415742,1.37640393441484,155.446220115199,964.051223859991,32.7473728086043,1.41703130697365,CLEAR
0.316648715863971,0.206981486470428,-0.940980588791836,134.561461175527,30.0160140800672,-37.704960644153,35.8036009384209,26.8977344945196,0.665232459962947,1.01417563246355,142.931494052658,1.51201744220153,152.421409414166,963.035751989376,40.4335261428638,0.684226319175524,CLEAR
0.240961855823372,0.273785796003776,-1.2444572438388,126.671278878038,-64.3239035348806,-6.99158634682965,31.8232822822496,25.3450829985422,0.711998973713957,1.29680187761976,142.239445085417,1.4587494237617,150.723722788582,806.563730729651,35.5970279975382,1.19736519227605,CLEAR
0.143303178077594,0.301769023330597,-1.23541245435327,87.4122523885591,23.8324317173121,-40.3025044543682,32.7256584081107,32.6209295808742,0.66102143533537,1.27978290215966,99.1623846753186,1.29813942208802,106.637643898446,1067.54139841872,49.3492018380949,1.08265017461375,CLEAR
0.125028761578809,0.412150789977387,-1.59842889449615,92.3903967463556,-48.2414054556924,18.1093068743484,38.8413026585678,26.4206101713923,0.710810408762652,1.65543812800753,105.78830562382,1.67487233672809,106.034912418915,1026.21091609108,37.1696484407644,1.94795843619385,CLEAR
0.221644191268904,0.349891177456286,-1.08821561033827,150.817694103066,61.9531143720804,-40.3191228363409,36.9785138866867,28.2336303392376,0.67818912011487,1.16437244821788,167.957723553453,1.22644538613021,173.153629161428,1044.03769157108,41.6308487868497,0.91946385045028,CLEAR
0.0697959996845492,0.36866516150282,-1.27532888378942,157.284017826992,-53.4198581332266,-15.3093689859746,35.7847992660958,31.8311550272814,0.750916398952244,1.32937927045123,166.81223062331,1.37015175399199,174.952249099838,1139.07149305924,42.3896890279749,1.32705643888528,CLEAR
0.207397653200721,0.274072256971212,-1.29230378259136,108.020660958177,34.6146674413605,-36.386934985497,40.9190498929418,28.0920866500154,0.607275829918848,1.33722789946007,119.124503917356,1.63403249085773,125.663712905912,1149.50149522882,46.2591116044547,1.08591755536045,CLEAR
0.22677057982863,0.356676412954283,-1.43304563782804,91.6951236928933,21.9242903737788,-2.15307395789869,39.5128079101877,26.5250136541186,0.653266226746585,1.49407588814348,94.3043262258787,1.85816905538432,99.7018609672306,1048.07776933029,40.6036191134507,1.45826187002621,CLEAR
0.383146001542739,0.299656201607202,-1.19044461910206,122.864897405819,-71.3322093478893,-61.6233199496821,38.2873199543051,30.7996123402422,0.637720984501623,1.2859833159139,154.8596159966,1.57139327439638,160.352786897078,1179.23461213942,48.2963000943303,1.05463304791781,CLEAR
0.197271642005417,0.24641685532656,-1.07668927167904,123.021466169065,-24.9376274149645,-37.4765412501172,35.9730253162469,27.9338274169978,0.736662870908038,1.12200586231859,130.998692907775,1.32692572916834,138.572202481322,1004.86428085133,37.919366647594,0.927382792437201,CLEAR
0.201800791862038,0.336151097580631,-1.23353904371392,159.101927171287,7.94160488724051,21.8420848055487,38.3105705189781,30.2942552269351,0.61561494981019,1.29434913851227,160.790450544973,1.73558577846242,165.901377582755,1160.59020119142,49.2096659228461,1.03136416063181,CLEAR
0.255690643360107,0.300892035344601,-1.30142897843522,162.721974180326,-38.3712470804514,-26.5792046832218,39.4139506833749,24.7063215029144,0.637641095125443,1.36001143669701,169.28451673217,1.45375752379225,177.61223092638,973.773737283471,38.7463777749082,1.1794008052492,CLEAR
0.197674761924995,0.218822301449249,-1.24627028289412,127.89038284922,-3.72476235971616,-34.4405937167708,40.5276984206231,30.7587545554756,0.719577908139621,1.28068268089275,132.498974997998,1.4308641070341,135.943718967134,1246.58152841828,42.7454921309442,1.1802143598047,CLEAR
0.159295625246238,0.295970730033835,-1.37038771126183,137.72370345626,60.5186989864509,-30.803104733727,31.6222827395732,29.2729962465132,0.611310932923091,1.41100540340453,153.555080287034,1.87445549181757,160.079229085899,925.678963941706,47.8855305613608,1.21708109542229,CLEAR
0.235337629474665,0.0883522381414088,-1.53450493074831,148.208789584477,38.5273204539788,23.9592646719908,41.7780259637443,24.9323791439524,0.658799806783461,1.55495829536429,154.997568029572,1.7012325126585,155.429360638076,1041.62558321396,37.8450950381841,1.59290895667492,CLEAR
0.232855219018314,0.369924223782799,-1.53305607593418,103.658724221484,39.6794286912569,-40.5672053323693,34.9780774783038,32.1761904787859,0.674930424929913,1.59415382454896,118.174812531981,1.61844594680966,125.911043771941,1125.46128352364,47.6732735953541,1.71521851805523,CLEAR
0.105652838830588,0.297011520732224,-1.36528029182527,124.283290234037,14.7934712701946,-63.8920688119485,31.285621857199,25.4305495304368,0.645575118065637,1.40120256959768,140.525369526967,1.515376993207,148.707325226433,795.610556230016,39.3920233707456,1.26750194225037,CLEAR
0.221995193779678,0.261261099227496,-1.2940409311121,158.502869051499,-10.8469966637904,-24.6732546307274,37.7399633282461,29.2263285893697,0.831912751500118,1.33868635588188,160.778065445053,1.76953742853336,165.997109790041,1103.00056918208,35.1314406531548,1.49085516824819,CLEAR
0.261238111608599,0.344842790647376,-1.20794651111908,100.671326573651,-29.4320087135523,44.3833255123191,38.2567356555991,32.9519199914773,0.67372248629333,1.28308093078459,113.889590018341,1.46041782254963,115.608972920196,1260.6328924584,48.9101547769561,1.10914708901907,CLEAR
0.274107619762992,0.395703178662225,-1.24934588630281,117.028831499275,-67.3075317264361,-51.4994962123938,34.7188167655524,31.0887424472619,0.747707515998606,1.33887308451447,144.493077132856,1.55878559811439,150.310367833992,1079.36435249794,41.578692474488,1.34032638875148,CLEAR
0.272558630331065,0.375220908732856,-1.67726047768263,137.590659190719,-35.8210314701221,-7.03776307453223,30.5414151015728,32.7104754465476,0.779559130125037,1.74019586464122,142.351206181097,2.06805177159807,149.529961670525,999.024208782817,41.9601698220522,2.36072460675404,CLEAR
0.280700867418758,0.198592435142589,-1.45342493253496,115.142453567851,21.3723145918398,-44.0710557937127,38.30072091002,27.7736892201453,0.856277249263929,1.4935447655761,125.127208885238,1.79482198311907,131.48669672458,1063.75231946242,32.4353552645066,1.91007708083333,CLEAR
0.133972543633235,0.300253235809801,-1.50044475448171,175.466375386804,-14.8527291332878,7.43543594529904,38.6465268584883,30.2403301717293,0.895936219427852,1.53604528231217,176.250782017517,1.81338215394117,176.948651231337,1168.68373219129,33.7527334683572,2.11390337182366,CLEAR
0.13158408887649,0.307297395569874,-1.32399799893451,146.614584975381,-15.616221536352,-39.7545852965526,34.9552200321146,27.6130124585701,0.630116108198497,1.36554632398614,152.709298848094,1.794925531271,152.896094619564,965.218926238839,43.8220326020279,1.17498806956386,CLEAR
0.182981263721113,0.316689998199083,-1.36995665511676,139.480266759906,-54.690244144102,1.89690265945789,44.4301911647172,31.3007589938384,0.812808181857863,1.41794073738327,149.831124469035,1.46843115751449,153.651505896446,1390.69870569698,38.5093570452702,1.63419631383226,CLEAR
0.105452447894345,0.320808645431681,-1.71267367490578,151.463578436786,57.3401519666532,-5.72295734067047,28.6891854302926,33.3024828428585,0.921156864777324,1.74564873971423,162.055116738591,2.12884505703373,165.113570991856,955.421105567904,36.1528507938309,2.80703166258346,CLEAR
0.189594552633697,0.300917310143035,-1.34517057302918,97.0731715472637,3.72675631010337,-34.141740425429,31.1798393031578,30.3471283789699,0.638987266157943,1.39139541197883,102.969644974219,1.44333354091893,110.49947242081,946.218586168579,47.4924658029147,1.23706732951327,CLEAR
0.231503274234025,0.209596398421342,-1.29786294706444,107.318716366443,55.3286848334698,4.36377615784765,40.6147150699854,31.5888997496205,0.656356920756368,1.33490548188816,120.820580988085,1.35952369441387,124.727423684412,1282.97416270517,48.1275516767107,1.16961007852172,CLEAR
0.183047035025455,0.313602646694661,-1.26610560630443,174.597056965086,71.3401408219091,23.3315828223402,40.8957948309639,30.5652541106357,0.897120196996463,1.31714700901646,190.047127708774,1.35580621426313,196.364068989335,1249.99036106483,34.0703733374792,1.55639251720852,CLEAR
0.100015427744191,0.262198391923006,-0.998035357959654,99.8817034130538,21.8956023663726,-1.96059212091747,31.6096999070074,31.24898611767,0.668035743375757,1.03673798920051,102.272264085353,1.17579507522241,110.065885429842,987.771073577789,46.7773463473896,0.71802195760939,CLEAR
0.0681781275674263,0.328928725407979,-0.957728838155784,127.212737696962,-47.4941147982443,-17.7930416639541,33.5083346535365,27.0154472731736,0.509036914984422,1.01493196368641,136.950224185578,1.48599785734096,142.148506089656,905.242648044472,53.071581660082,0.524352253115915,CLEAR
0.13352349430149,0.29226263069182,-1.11467559480863,94.7814443507865,-29.3725543529117,9.77061695034705,41.0080281447565,26.2061402880211,0.59224439266916,1.16006364070742,99.7082448848961,1.4631700176657,101.882213930334,1074.66213849661,44.248787094677,0.797011499951202,CLEAR
0.0729133207755677,0.351560784071299,-1.19722865705688,91.4232053713155,23.3867832619548,-25.3357128438379,33.7223777831015,26.3481918459522,0.696062027084092,1.24990711435753,97.7089681503842,1.57979904538455,102.779644270949,888.523679330836,37.8531696423076,1.08743528790287,CLEAR
0.159270215840396,0.343000645008808,-1.18677522344073,150.376091698294,-12.7488359669327,-1.25173533996307,34.8365935437062,32.6663916607627,0.822685378329956,1.24557291039228,150.920736197272,1.74513130252541,160.687850677869,1137.98580882551,39.7069801095712,1.27635677282992,CLEAR
0.130093056736563,0.297385456193763,-1.32685151513647,131.915173723602,-39.0720543670518,-29.7684343685792,37.8824280217749,24.4234463425196,0.836693212787328,1.36597849770287,140.763625186858,1.74572076260644,146.812641927575,925.219448114181,29.1904090756841,1.56118357000982,CLEAR
0.308311465724997,0.369420733604688,-1.13637949706922,110.250306926292,-19.5567369126058,-69.4239906547621,33.4267059202768,33.4462394137989,0.888520798254548,1.23405267297382,131.747055429877,1.63634927416442,140.539484599162,1117.99760902423,37.64256485266,1.35311588408086,CLEAR
0.235124590821173,0.240513041792628,-1.28679399660099,112.993109468738,-56.334136935316,10.1055399632898,38.1744021327006,25.0732130479267,0.845852599034223,1.33002589680409,126.661358391622,1.79278836500705,128.11501338747,957.154917650432,29.6424973264342,1.49628692997717,CLEAR
0.128773188450955,0.387580232227284,-0.959641666164449,176.671579680084,6.3907250482676,-24.5497099960589,32.1420898548223,29.4102110103712,0.732177165942866,1.04293484835634,178.483547404766,1.32057886552706,178.815044938929,945.305644944635,40.1681071334571,0.796398693391116,CLEAR
0.214408679506452,0.37747035661064,-1.16848477106609,157.118270970178,6.6983854353436,-9.53316600715425,35.406181787803,23.3068569767709,0.853919189699842,1.24651980015595,157.54967690928,1.70777131125614,164.261500265918,825.206815021877,27.2939523598375,1.32682955281966,CLEAR
0.12286938788398,0.346168079558068,-1.1257443664657,103.01750783937,-59.9265210644429,-25.5123955273586,40.3159172482877,25.8353208941655,0.893512709822891,1.1841577616235,121.879765235523,1.67718030259448,129.674695249612,1041.57465925213,28.9142971284531,1.25290997363309,CLEAR
0.184572708721312,0.150100432781989,-1.0639719535847,145.200809415,14.0857475884522,-37.0119785808597,31.0651108159351,28.8504845493328,0.645994071923897,1.09024471690575,150.504384980527,1.32426283280093,154.889263509699,896.243499618447,44.6605334982054,0.767850222300523,CLEAR
0.25187452230553,0.297069227668782,-1.28399652266809,146.147932702697,-45.4656515542797,28.1070482855796,32.8083264451079,33.2620004703117,0.819102005794946,1.34176673503188,155.616033453674,1.3458613047334,164.946506848161,1091.27056964732,40.6078359314903,1.47466044334993,CLEAR
0.190118467466207,0.231057000068796,-1.38849638954755,121.866834977638,-8.29630331491914,-58.9208339200893,40.1973215499891,25.2079356303313,0.807624236995512,1.42037128693137,135.617177326468,1.56303244174303,144.197684397895,1013.29149414385,31.2124169424281,1.62934522613398,CLEAR
0.198907518418474,0.255939149288011,-1.00373481836939,97.1482794513896,-62.1275260720696,-11.1641687877932,31.7362089663942,29.3207992762123,0.895676691752497,1.05477610639827,115.854461981071,1.47594083321764,123.791007753242,930.531012891574,32.7358820546739,0.996487463184758,CLEAR
0.246648311132848,0.275152697125455,-1.1213054395381,137.547707599825,25.5257618701547,-51.9236409977021,42.5539182468062,31.0834513678256,0.802950199058822,1.18062283768264,149.221315097666,1.44834116348813,157.362232530507,1322.72264833503,38.7115075041423,1.11920842268876,CLEAR
0.321155221007219,0.271861407771258,-1.41867390976146,169.535973382565,36.7464085788318,-82.8714399159483,40.7355119780307,29.6217183247379,0.874871077782117,1.47975841381404,192.250930733661,1.97048059360565,196.880018863085,1206.65586162721,33.8583423531263,1.91569204380483,CLEAR
0.231111742881407,0.256093572003852,-1.06087907305755,137.09135832258,20.6280158204039,-48.2234598326551,31.4083430866392,26.6958713537169,0.996162941306725,1.11555410580161,146.782347854395,1.2834274097626,151.789774024392,838.473086474323,26.798672634846,1.23968589321441,CLEAR
0.0568873445266341,0.27740055449085,-1.44585864982464,121.475229151869,-54.6415812851036,-9.32338225451453,34.7215295379865,26.1650163979868,0.853461234252288,1.47332768686122,133.524751111918,1.48031636520238,137.698431244761,908.489389724598,30.6574975996563,1.85260358400182,CLEAR
0.261564564222078,0.261365211717724,-1.05592039841527,147.242221293506,16.1840618637002,-24.931743832139,33.6967838951782,25.7953029623514,0.524403566189815,1.1187920642114,150.212474316767,1.57756956009771,150.39749207181,869.218749433007,49.1896993761387,0.656393679919392,CLEAR
0.325420980117725,0.24101403065141,-1.7002830546621,95.0831908845137,47.4356551464227,-46.8534885429829,38.3891050445114,26.9600918814443,0.631412467219987,1.7478412523003,116.130116492659,2.06586413138878,119.210235036954,1034.97379924644,42.6979994584931,1.92893291262521,CLEAR
0.314610431074126,0.363970896275269,-1.25264523642373,153.279102110931,23.1313138621886,10.8079549139042,34.9656998958352,30.0422694439203,0.746438137191237,1.34185491950924,155.390967286858,1.57107536544324,155.700290891964,1050.44897756594,40.2474467737126,1.34401756896712,CLEAR
0.127204707086932,0.289010365502728,-1.69935558854094,131.303844101927,9.85107752041197,19.4292777510796,41.4250310906242,32.1159785804721,0.771208744525639,1.72844364825077,133.098610203807,2.03160869161625,139.824640920007,1330.40541120188,41.643636907397,2.30399957814449,CLEAR
0.118162923298647,0.222772972132387,-0.977983061447702,141.465025385395,5.67071983294498,5.14390801055335,31.2866505684628,28.7166254270145,0.837368919260947,1.00997086197266,141.672051796871,1.22922030579038,146.653919450883,898.447025240438,34.293834500718,0.854150748706545,CLEAR
0.250181229661102,0.227468072798753,-1.33410602237322,98.1207719029878,-19.2691235607325,-59.4114278847934,41.0423062992409,32.7586120499494,0.569754499502582,1.37628894159258,116.312951836616,1.51233584593102,120.598400900107,1344.48898969203,57.4959119807513,1.07921259294325,CLEAR
0.2707377118828,0.16960737327756,-1.52882405682349,158.927008417438,-59.0055043392183,3.99858635676468,30.1905918433819,26.5111226677564,0.850004015084502,1.56184780514232,169.574267622462,1.99230548527894,172.416611265251,800.386483772062,31.1893720593176,2.07347307573462,CLEAR
0.196170074009849,0.255139909044998,-1.29885624681827,154.192187013383,46.1327020266333,4.23358751499401,36.4172340222734,29.4040999510986,0.656097147378098,1.33813550174239,161.001180105909,1.59064129792345,169.028995509294,1070.81598913348,44.8166178621346,1.17481189612976,CLEAR
0.0946654868085974,0.271673632272676,-1.29320701181463,162.444457749621,-38.5695336075384,-55.068143819024,32.0364501753592,29.5289738282044,0.610542319361812,1.32482168319796,175.807597219074,1.44809970319586,183.53714957619,946.003498776758,48.3650756494567,1.07159487346509,CLEAR
0.11892778254591,0.366426852907127,-1.55419672199945,84.4396332852959,14.0068395183459,-32.2511328916379,33.5936182299305,25.7956098468296,0.758050695420744,1.60123074747724,91.4679112882875,1.66405591057917,92.2301553537954,866.567869202629,34.0288267972439,1.94359642926556,CLEAR
0.283961372060293,0.218469579243073,-1.33413825705492,167.937841905353,16.161985934608,19.11952194352,31.9644861342548,31.5726663928485,0.652728319520706,1.38140794366275,169.793653157374,1.38231606792864,174.27344545034,1009.20405713566,48.3702285903628,1.24559355857674,CLEAR
0.200508128944734,0.271284059684563,-1.34376711408393,111.786318321977,29.7051951949141,-69.6758800915995,32.8583255099509,29.9602543674972,0.848273321429858,1.38546331878737,135.030766316752,1.82741023447351,139.761142146241,984.443790368148,35.3190631976174,1.62826794217138,CLEAR
0.127824412970511,0.280433199502493,-1.13643771660793,122.473656328555,-35.1334808034577,-5.77634282638526,35.0677447844674,29.3153499268474,0.792480357063726,1.17748568724359,127.544204510827,1.49178951006581,136.033313462244,1028.02320950204,36.9918480296692,1.09875225646151,CLEAR
0.0780838119674901,0.289875603858841,-1.11342408589817,133.121657526564,51.0385466114778,-22.4839135534303,35.4403079527931,29.203243205864,0.744978631252621,1.15318608318956,144.332377904301,1.30301899433216,150.703885686618,1034.97193243613,39.2000559220138,0.99070099915893,CLEAR
0.32322196996033,0.262774123817483,-1.07238740912325,138.294858259172,43.0298007173141,-58.8805300472475,34.3948836617225,33.6543301970871,0.822781670639347,1.15045097125395,156.345605596515,1.22990708867531,161.824973200384,1157.53677184201,40.9030615228391,1.0889823437818,CLEAR
0.143822558946455,0.33073791273306,-1.46357878098851,143.435309856041,-30.1130181108185,-25.1644255751988,41.6390206416341,29.933101507301,0.896891418016723,1.50736038940286,148.706860257927,1.56309616721498,156.016607651425,1246.38503153063,33.3742385441181,2.03785869019418,CLEAR
0.3574696991871,0.311405746367144,-1.42636987534865,161.597364063069,27.7966755376333,-1.99703946117654,39.5756361618999,24.2782725325771,0.787955466937464,1.50309319272276,163.982777783785,1.63837454366144,172.061113947894,960.828080388717,30.8116927156382,1.78021923399067,CLEAR
0.280485852487006,0.345948104103136,-1.28022051298968,113.121484617327,-23.7868467893222,-33.969819554255,34.7131924637769,31.9704927672026,0.758688796587755,1.35547665640449,120.483330808687,1.62106793594229,123.113981151925,1109.79786858969,42.1390836030634,1.39395179792842,CLEAR
0.195232901389701,0.327721716472349,-0.994932828107314,169.136968030461,-21.522019843151,7.85332202558522,34.9582614814709,31.401128024564,0.820552883076082,1.06555560234004,170.681533739018,1.49171827517604,170.764281080762,1097.72884429585,38.2682096474248,0.931662916453868,CLEAR
0.0745582895115894,0.353158064803904,-1.36803477055222,105.036174369564,2.41896627412908,2.83528181126254,32.7142156393453,29.5222023730129,0.677318997402933,1.41484935265589,105.102274699352,1.84137656945995,113.919853110453,965.795694579136,43.5867868750528,1.35585628219475,CLEAR
0.263529348487973,0.385455102570118,-1.49084225434389,167.264711251135,17.9280901762937,-24.9738733954378,35.1275297371986,25.7776709677647,0.650444416982757,1.56225285435777,170.066441133065,2.01538020987522,179.462440781968,905.505903475873,39.630798057338,1.58749674680668,CLEAR
0.235311692405527,0.379475431466231,-1.05629124862288,160.018837562947,16.9419938491785,-46.6332191846041,35.9554256258475,29.1624243834918,0.774280414503293,1.14678873276054,167.534225345455,1.52610602784217,172.452204353018,1048.54738099004,37.6638568836109,1.01827506368669,CLEAR
0.190065711432598,0.29834641616306,-1.38530889414441,113.074577743817,-41.4692268872619,4.45417527329361,32.4515684457138,28.2934711064551,0.707452538752582,1.42976092088689,120.521353244705,1.59709309565012,127.49922224631,918.167514177955,39.9933982326862,1.4461860047533,CLEAR
0.237006309650828,0.208314117458319,-1.14983830877113,126.854912761851,-27.6245851624562,6.70891771156917,43.3019225374399,28.8026455646239,0.667660548297683,1.19234848037996,130.001139126068,1.1990257725849,134.818968051335,1247.20992711268,43.139590168194,0.949209595554284,CLEAR
0.0494723603631313,0.281048000039082,-1.33858188836447,150.392451499643,-27.6675665587564,-20.6360928602844,36.1156317042212,25.5064024370945,0.56936959712228,1.36866247286293,154.302404504576,1.58676359975635,160.251625847806,921.179836517757,44.7975405930853,1.06656417586211,CLEAR
0.274860023648143,0.351624374712416,-1.36549926028323,155.593367631347,-9.13985316680003,28.3628310419098,34.8791691423247,31.3482183143195,0.968865815499249,1.43658482635931,158.421220647634,1.90978499403287,166.300870631984,1093.39980889567,32.3555496099493,1.99952198171541,CLEAR
0.3585215602595,0.140048643769088,-0.905309229238451,109.323482548474,37.7889694391774,-63.5917976381298,39.98984588882,26.7923534049806,0.73271328324426,0.983735804134822,131.998283226148,1.38880731591431,138.619477252578,1071.42208366398,36.5658948073884,0.709073118838588,CLEAR
0.235628268073459,0.283199741293707,-0.94741284952334,149.16237667943,-59.9023082247548,-10.810729663265,33.8710362366511,32.4715764223323,0.767772731052733,1.01652047772096,161.104230308089,1.23952007746669,163.858582324793,1099.845941662,42.2931589204138,0.793350220930737,CLEAR
0.206239046799502,0.215959430886286,-1.05421928004351,118.487177623368,-8.41088244989816,-12.4205104225073,37.7379683786905,25.1750421794468,0.846235534917959,1.09569672383783,119.43292378525,1.21324081881729,125.950560174514,950.054945700165,29.749415371067,1.01594918054655,CLEAR
0.0489144466917071,0.187579765496318,-1.48353715702532,142.169419423961,28.63892453496,-50.6917383976112,32.9025475330789,28.4034423177322,0.784143374638131,1.49614881873214,153.629372711201,1.58507276900254,156.908316597789,934.545610962248,36.2222101393508,1.75527458820726,CLEAR
0.214872668020752,0.299140392836886,-1.29241449111008,150.791183646554,-26.2874524379138,-5.5127041762833,32.3039877573258,31.2394643244252,0.792263184556858,1.34387144285467,153.16462100805,1.69504251630261,160.328617173541,1009.15927308165,39.4306153595705,1.43081974909444,CLEAR
0.0810963785287629,0.298553653546904,-1.39076861080162,121.057784360284,19.0023430223902,-15.0750955942371,29.0793021181282,29.6974449946368,0.75214200319772,1.4247625189651,123.463900399012,1.75639978884835,128.23740118769,863.580975135538,39.4837748518284,1.52680933219736,CLEAR
0.0897687832323357,0.260777549250568,-1.14023524254999,148.884864877398,17.564260386451,30.0027871373477,30.2581963789851,27.1979996462808,0.797889529138138,1.17311541332862,152.890069881903,1.66656232587798,160.502939327912,822.96241441273,34.0873824829822,1.09805538887036,CLEAR
0.138259552845845,0.337780629488509,-1.2056144616987,132.354139123913,-46.0760393911648,-55.4662669765127,40.5893796419016,30.8373811986439,0.816184855996384,1.25964982747898,150.722016711289,1.73505476136362,151.184510210257,1251.67017263379,37.7823028567411,1.29505494757932,CLEAR
0.178723865165604,0.399244883186898,-1.29863097571438,133.186048266786,23.9101726800859,-6.54904280260004,41.6866445324395,25.9654906054878,0.668586529838236,1.37032153446392,135.473649733609,1.37581300224867,137.74640427609,1082.41417698137,38.8363369741134,1.25545915467019,CLEAR
0.262297744149479,0.25689783086073,-1.21913121694186,105.655002603142,-22.8249072477093,-27.0267929709051,36.446570642615,27.4882117693356,0.898466005880883,1.2732154280439,111.419942129893,1.47985644595681,120.197301978176,1001.85105209025,30.5945700725931,1.45648305019627,CLEAR
0.193076006004935,0.273894528216096,-1.19239623201704,100.937278316458,-50.0094017649631,-40.6034356456645,38.8573840014138,27.4596104677313,0.841424803363056,1.23859005760985,119.741026407223,1.36768856969603,124.769335327889,1067.00862847388,32.6346189503332,1.290834276315,CLEAR
0.117805280236378,0.359263481615886,-1.39468455907303,155.747498563671,-40.6987977462607,-80.1650859442819,34.3755588723859,29.5212924278805,0.613655382919589,1.44502365122204,179.833579876746,1.73503456605304,188.906996714145,1014.81092584353,48.1072033952083,1.28136972585612,CLEAR
0.159728977015513,0.357313141816192,-1.3530218461653,142.414249122186,23.0510089930659,-1.32201093500893,37.5007765489285,27.8914931882663,0.837296781769359,1.4084935724431,144.273750493798,1.84982345904831,146.187562298077,1045.95265366914,33.311318619914,1.66107468994742,CLEAR
0.236641199276959,0.205230526850356,-1.58535818790563,111.470798973093,-24.791107665145,-15.1526908389827,34.6966133831192,28.035634836385,0.746125130223293,1.61600718139058,115.195234635059,2.10946224218238,119.433306712747,972.741582868358,37.5749269469959,1.94849026586493,CLEAR
0.0175235222972986,0.290687673095109,-1.43526430808249,165.602531752023,-10.3706220949576,-48.4973997135592,29.0679385894731,28.970440821669,0.862453892749446,1.4645101676597,172.869158915906,1.65407861497346,173.639886155766,842.110994714239,33.5906736285225,1.84978251152023,CLEAR
0.232436983317695,0.389651419012566,-1.48634129544896,169.796415914133,-50.1149439631307,-57.8501383031583,34.6471126494317,27.2696213347542,0.774197302202531,1.5540481415031,186.249748905623,1.87257249280231,189.010021743459,944.813642292578,35.2230446090807,1.86973729237584,CLEAR
0.152517886424764,0.351626600579379,-1.10609295189832,108.339043339233,26.0869575414083,9.45842285362031,34.7986038205629,26.826881105172,0.83869744948392,1.17061718343515,111.836216979588,1.53999114963772,116.215140243363,933.538007320226,31.9863249081711,1.14930451267594,CLEAR
0.249386132271385,0.230479554623204,-1.53602925393422,121.249682412744,27.3429515954424,-14.1841660509473,39.8119036025608,27.0120327576692,0.711226008906838,1.57311796665422,125.101211239951,1.77737679294567,125.50633182208,1075.40044425754,37.9794811212061,1.76007110168705,CLEAR
0.129012538500866,0.353909909372302,-1.37956186626193,126.063968219727,55.5898453373136,32.5012824050466,35.2710061357093,27.2189384979848,0.792787620348423,1.43006552363395,141.558074110605,1.74075881762602,146.415022954889,960.039346769918,34.3331599361534,1.6213199747461,CLEAR
0.175145382380114,0.382414127347028,-1.20612781614096,129.144386513066,-0.924961690023242,19.5401478312251,32.6062828909934,28.1263054278656,0.619672304554102,1.27736477900114,130.617554330305,1.49619889126426,132.013811976694,917.09427145947,45.3889254566234,1.01109499494582,CLEAR
0.150391801339369,0.347857646026087,-1.43542428640262,177.172306732,-8.08978829531396,-37.9234824039648,39.9865251507661,31.9815711469159,0.79092020657913,1.48460955062379,181.366097893308,1.65444061304271,187.939610559662,1278.83189902717,40.4358498430478,1.74323995465499,CLEAR
0.0955814351831824,0.326781061807982,-1.40166890703703,128.974140777588,30.2669774479706,-23.1994210037849,40.1809729454231,31.4637037958389,0.650205274701974,1.44242760583067,134.493985174297,1.61366809339333,135.103027571399,1264.24223098341,48.3903416808158,1.35281540275138,CLEAR
0.163788592223655,0.265545014873172,-1.55018970330536,119.691269064372,13.947097964107,-56.2213582711846,42.9020015075009,30.1922676105606,0.588575298938532,1.58127447778701,132.971284711088,1.94781110454316,139.038248848762,1295.30871054314,51.297117578487,1.47169073090581,CLEAR
0.190753404532103,0.258067571226957,-1.39715114158244,113.833641189597,-5.64019535853684,-53.9455415257887,32.0523130496905,27.37905160424,0.602073611461816,1.43353306382682,126.095325530628,1.4754388891907,135.904206475196,877.561933022734,45.4745160865772,1.23727153394973,CLEAR
0.213538717465954,0.178683753693838,-1.42032094300626,123.605714995544,4.36425458030797,-5.03611996950831,32.9069345485825,29.8811006903439,0.763493113343747,1.44735560552109,123.785225297484,1.89200732694271,129.123955090188,983.295424656749,39.1373033113231,1.59939457655331,CLEAR
0.0414511627290908,0.339152488679685,-1.57619088408084,163.842261775736,28.1770632852599,-55.229890720938,35.515006648939,26.5758391475513,0.669649923043832,1.61279890641355,175.181547168122,1.96797156119325,182.857197805817,943.841104026417,39.6861084380403,1.74184001711262,CLEAR
0.350678851510086,0.22101634080802,-1.14507734519169,128.841868673625,-10.3874993193194,0.101083122792976,35.4202907856076,26.9655154142751,0.829855915461352,1.21779555191824,129.259960866535,1.35903106022392,134.837618799863,955.126397157407,32.4941744918567,1.23069790408771,CLEAR
0.285081595805338,0.325806005315732,-1.23258287821961,147.126673156815,-20.9819506980263,-36.7763774216421,40.0856245907986,26.6755986006143,0.714276519839586,1.30640025300321,153.098014832151,1.56283396905187,159.190470549071,1069.30803123906,37.3462664856164,1.21904260875553,CLEAR
0.187410183652414,0.340068850097928,-1.07279972573288,134.907999994801,-2.93080737820803,-51.0492293946906,37.5720344648766,28.974908143711,0.836530779197891,1.14090694242612,144.273288990988,1.46573404920483,145.036775836418,1088.64624739214,34.6369484868747,1.08888589110947,CLEAR
0.140596842414402,0.300243642278963,-1.12561151962504,139.974203312459,15.5359738469681,-50.2086805727284,40.7446527882485,32.5099990797502,0.852599200339793,1.17342021882121,149.516071648454,1.25701416684541,156.767073725233,1324.6086246507,38.1304145445822,1.17395663640936,CLEAR
0.152379159095407,0.320173348817775,-1.18175672001115,118.505043977347,-41.2223197009855,18.7064788328141,34.6220759408459,31.15507688946,0.857837046307688,1.23380684335569,126.856838364851,1.64712738550604,127.248759897849,1078.65343800978,36.3181337358,1.3058676012813,CLEAR
0.319482390529407,0.216359698752415,-1.0836276059707,146.911159155445,32.1498310508205,-45.913467024621,37.9351295476659,32.4761258394749,0.834768180193447,1.15027357855617,157.240410757584,1.5268685112926,161.980701977201,1231.98604092678,38.9043182355498,1.10450624253323,CLEAR
0.148820495016808,0.276783789445624,-1.33448470806024,115.034329887102,65.5810378066427,9.05827473265927,30.5583645837878,30.3524095178371,0.775419856794118,1.37098732375013,132.72460929874,1.51903301121253,133.068691436659,927.519996042499,39.1431430453463,1.45748400291067,CLEAR
0.13976646322463,0.292051651343785,-1.06282949144135,143.0871363965,32.9427222126809,-12.0431536420512,35.3358428625384,24.5878812191072,0.895110114386211,1.11105146558223,147.323416667475,1.42015781387071,151.186868281632,868.833507081129,27.4690826914459,1.10495557555122,CLEAR
0.149103866245715,0.307502414748664,-0.950378618395434,102.698033814276,55.7660663875893,36.3657874642076,42.8059775894657,27.1112348304564,0.797380743233375,1.0099550565787,122.389586189165,1.3010137663317,129.127966161137,1160.52291057526,34.0003204995898,0.813335707005278,CLEAR
0.270519627240792,0.367177015697448,-1.02740671757458,127.003213739772,-29.4314856653297,-67.1118077455886,37.365093508059,29.5113797562443,0.620639112375801,1.12408380154522,146.628862737114,1.19263269907669,151.411624523625,1102.69546414391,47.5499072131757,0.784217483236865,CLEAR
0.216792128561024,0.433516017685381,-1.66086713244078,126.03920026841,-4.92241340545696,-72.4488252317541,32.8843284454009,29.9327355087159,0.835052001804682,1.73014872083814,145.461137199926,2.10588273134579,152.660390473919,984.317905737928,35.8453121466859,2.49965685080308,CLEAR
0.223297531293281,0.293225079059977,-1.69576789315761,111.912147941964,-51.5605043558377,-68.4768907336856,33.3335125052619,28.0707900313525,0.953625567177817,1.73535917951749,140.967723365902,2.16246133877391,148.078346068552,935.698030542668,29.4358305415355,2.87181620000067,CLEAR
0.0884232998278792,0.394807983755684,-1.08229286341575,153.363774125782,-61.6917643947442,-75.6772229092444,32.062992843314,32.4340797174459,0.831843012447035,1.15544357983865,181.805838947752,1.60569847495688,184.952589240373,1039.93366585994,38.9905790414173,1.11055190245879,CLEAR
0.214877144727777,0.222396994564171,-1.52833244033064,147.869769145383,52.8375225822782,-62.9430907093078,40.9441110731566,28.8752014754754,0.779229648610626,1.55930518458849,169.171821198986,1.83160225796053,175.237791003538,1182.26945647164,37.0560392188887,1.89464441624717,CLEAR
0.162619851350919,0.351688654339965,-1.2969396387347,124.007613183556,49.5823241206883,-54.3906342544494,31.2104636079257,29.2223229927428,0.899282286793819,1.35358137995695,144.203453798072,1.66657913031293,153.40674447181,912.04224830405,32.4951251978985,1.64764931533571,CLEAR
0.34873881393043,0.297212316621994,-1.34379430831486,129.950483589091,-44.5683649630071,26.100163734908,35.4364287706422,29.5823690199308,0.87448549103287,1.41976655283636,139.838070236625,1.5722319332962,144.958000853977,1048.29351264163,33.8282744482314,1.76273281668864,CLEAR
0.330622722564245,0.424662776848049,-1.46933330852355,98.8675264280121,-63.3201855497947,19.0125500591344,34.9326175173384,28.648181663066,0.831950521419006,1.56479718502202,118.93574206186,1.66965911271064,120.437218142908,1000.75597260311,34.434917090124,2.03710591880034,CLEAR
0.206881074811399,0.316507469822158,-1.41748372422803,152.934863270658,13.365297259258,31.9895116443108,32.0369410645551,24.1534454526703,0.825815564882555,1.46705039655075,156.815281237782,1.57199129427366,162.176967413536,773.802508473146,29.2479546666703,1.77735070327312,CLEAR
0.328201519987737,0.405230877997759,-1.52019900000433,105.481550141868,29.232039768048,-66.024540823444,42.1787205903808,30.5985161952728,0.862634875541788,1.60715067800728,127.828437995145,1.87671280883884,137.677279074529,1290.60626508065,35.4709525337733,2.22812834734759,CLEAR
0.113377903591265,0.246548962934134,-1.37580512882781,153.117398180477,40.6134991746564,-20.8989830737277,35.4565207689816,31.019662324374,0.838026605578094,1.40231262301084,159.78473467226,1.85592413674758,165.667656984968,1099.84930145096,37.0150841307618,1.64796313980099,CLEAR
0.162882373744575,0.422991431742834,-1.48860922349446,163.124669991232,-20.9761583052819,-16.5091357032308,34.095867857026,28.5745169130852,0.862356673460935,1.55608799213839,165.294309456389,2.04700619831388,166.686755900911,974.272952746909,33.135342552709,2.08811893408474,CLEAR
0.33185006363123,0.268556740686874,-1.12396879150614,108.015683756792,-57.1662461990121,-61.3930820212943,37.0265278911977,30.1903661990782,0.521019594309934,1.20231153699039,136.764316113549,1.36174079775162,140.526789341093,1117.84443611564,57.9446696134226,0.753161454275815,CLEAR
0.314712872865132,0.364516652310427,-1.47964924671687,124.065420950537,4.45550066335212,-46.3519453021067,36.138290547891,25.4654423413675,0.667473437869186,1.55604578193201,132.516349916093,1.688132761971,134.268665671073,920.277554262905,38.1519364586638,1.61613906805956,CLEAR
0.150023510720778,0.240246740338603,-1.18999334221557,147.91295894538,-47.2991130334563,-59.4597570303867,35.0282552904606,28.9294651354286,0.750991787278702,1.22323738682633,166.285634448205,1.68838059441605,171.629107711553,1013.34869018027,38.5216284703045,1.12371629932723,CLEAR
0.127190209076913,0.310985835448461,-1.10198164975917,107.936054660112,10.4100945069051,-3.60459834756016,33.3613533450675,30.2424917482186,0.633895683182035,1.15206470978871,108.496797613941,1.64665723392309,113.053221937645,1008.93045324761,47.7088657356705,0.841340007753151,CLEAR
0.298773395514158,0.354008553376161,-1.25929599173389,103.466680047743,1.34462126641038,-8.90237173857012,35.1765137487721,27.4237158735275,0.659585532016463,1.34179506353525,103.857662736188,1.59877006150476,112.652282744314,964.670718467559,41.5771313427045,1.18752702111118,CLEAR
0.251183662216698,0.175444951106756,-1.25078763424745,101.368452598548,8.71464300537685,-49.6622087662381,34.7071345732084,26.6826891267457,0.779430331940764,1.28776700882565,113.215913918833,1.5207502083458,123.200583372923,926.079682297046,34.233534159201,1.29256351230201,CLEAR
0.288103466663906,0.358785561444546,-1.08910857037329,99.5703630317605,-22.2834425296723,-33.1080271570464,30.7059522464936,31.0295291095094,0.712659254181147,1.18232320651563,107.270454774283,1.55830900394205,110.259812483388,952.79123906778,43.5404232626423,0.996217936859093,CLEAR
0.102981210013567,0.312551473738014,-1.53098557537145,170.219185277497,34.7611775084346,-70.0270748203866,34.3409486894331,27.4475214000523,0.52747318031087,1.56595350676421,187.31444606919,1.95153684119225,187.318440350328,942.573924051313,52.0357629332225,1.29347521075039,CLEAR
0.190135594586119,0.169818987768845,-1.52338257203322,119.438542988135,38.3697421197038,34.4965076948436,44.5412996736145,25.505166566233,0.926367125688122,1.54456611827076,130.106924122436,1.65297736685362,136.371921768905,1136.03326725204,27.5324310703019,2.21001968723686,CLEAR
0.111585528515752,0.270332554144969,-1.58748023585521,175.234213028389,34.5850157396588,-70.6775301560735,35.4397654440523,31.8650770117813,0.647303578037553,1.61419469681807,192.08973423469,1.92418749522811,193.331034864098,1129.29085515419,49.2273314494196,1.68663007432358,CLEAR
0.162083206607743,0.519920173569508,-1.61731401592856,104.897898851008,27.5227573566913,-56.7933511691494,33.0382575633492,24.6556575336584,0.546094415324922,1.70654404539343,122.419590315006,1.73750756237372,124.984818026238,814.579963990737,45.1489919925229,1.59038671311191,CLEAR
0.0757109289298503,0.311294482239435,-1.28866198507615,115.646101629026,-79.539916467468,-68.8002491834542,37.0310552728133,27.1415880359869,0.802649809380545,1.32788783834048,156.314085805944,1.78329248304786,161.801482925226,1005.08164675256,33.8149388486056,1.41530126104812,CLEAR
0.149550453437085,0.291994388290254,-1.51813855417224,85.9442197253441,77.8009334340034,-77.8999404763055,33.9838295360099,24.5001713678924,0.613439736961175,1.55318084284491,139.670307773744,1.65845907873502,145.162105432019,832.609647369488,39.9389376865642,1.47984406642009,CLEAR
0.174600450437197,0.458705910593178,-1.10012450604324,122.258506458345,13.1478470893965,-30.6444210108958,38.7930434495058,27.3089608939387,0.69922712522849,1.20464532477525,126.724460241914,1.46855784841802,135.38929855584,1059.39770651942,39.0558673323028,1.01469767799276,CLEAR
0.302747669211567,0.419510126718242,-1.28103980858771,148.618597805141,-9.16686214164666,36.3458894952247,31.177289497805,29.8746034940313,0.83012718684539,1.38155994760221,153.272772070872,1.40301244748855,155.385257236128,931.409161765552,35.9879401367627,1.5844703102546,CLEAR
0.282137941764948,0.160266252176511,-1.1529631810335,169.196852655383,3.35375845912361,-36.3892751382153,36.2544859093323,32.2415003269265,0.893161750707187,1.19775255649444,173.098243750115,1.48457884297048,180.93063770915,1168.89901929829,36.0981246714537,1.28133983899791,CLEAR
0.308904008835673,0.320993751732184,-1.10594529708736,113.180028734877,-37.5131706983248,-68.4967951123082,39.1789024592008,27.7558251592375,0.798291054380286,1.19229764550447,137.509155407655,1.23371516761135,145.844014854102,1087.4427665884,34.7690109239336,1.13482954827459,CLEAR
0.0101870533661515,0.265320656840173,-1.3120699005931,161.465615844687,-52.3789058532456,-68.8073385219716,39.8704441810842,29.1409949495094,0.782942244745449,1.33866584741853,183.164256100814,1.65262783734162,192.465413650897,1161.86441251567,37.2198050689916,1.40305305563577,CLEAR
0.0711013058327631,0.235312339088905,-1.63331396282028,110.930124136338,-46.2678705941701,-35.685286559631,33.7242958656671,25.9170478370869,0.797180102134491,1.65170874967784,125.378020270959,1.99876584828278,127.505468250502,874.034189222567,32.5108658091527,2.17482035378882,CLEAR
0.107808644768454,0.323256629873922,-1.078847424921,109.095131832739,-26.8158379505522,9.26781217145116,36.2985661758366,30.4428475285729,0.915702544076053,1.13138380707121,112.724129169572,1.51431581401094,116.031361784307,1105.03171559681,33.2453092766937,1.17212610381136,CLEAR
0.224364889450121,0.262326724324617,-1.21079651474248,128.170539219566,-53.8978119818217,26.2042051980229,33.9793324481827,25.2026209071723,0.641109984848825,1.25904055297095,141.489652025588,1.37915844080398,143.364907209203,856.368234370328,39.3108549108937,1.01627672221543,CLEAR
0.24914841490649,0.423039415313648,-1.24995031404924,145.735486820251,-12.462233748629,-41.1852818117318,41.8047111587977,31.8282572673002,0.803612667504101,1.34291215913444,151.95514741743,1.41224865983647,156.620253602321,1330.57110174739,39.6064160607843,1.44924558550507,CLEAR
0.199787588756226,0.408923449685328,-1.3423729961201,97.3017768052251,-45.2569213582696,-73.6729882658372,29.1859700519002,31.2817520662768,0.755909891737529,1.41742679847534,130.167330387854,1.54476052597229,140.048022471905,912.988278977322,41.3828566411749,1.51869760275564,CLEAR
0.239814952965778,0.285769957636103,-1.13760390968469,96.8355667483939,23.6209699695848,-51.3777576930049,38.7368706915471,29.1736857548915,0.958521940355848,1.19721273618485,112.137198089429,1.63232230769684,120.062024525431,1130.09729268306,30.4360850707036,1.37386707226669,CLEAR
0.190125053384411,0.238993475914418,-1.20022656475841,145.10866325207,35.1769086364669,-37.3790805273564,37.8702568077978,30.8614672317768,0.687907370777777,1.2384705181012,153.919247376966,1.34426207292319,159.576501033039,1168.73168953282,44.8627586794497,1.05511867069814,CLEAR
0.284886752080254,0.345664830325587,-1.56543813089604,125.427372055163,-52.0111624439623,-68.3493735108452,32.7696585765703,30.6728964921423,0.744968140475678,1.62826323980435,152.015866075754,1.89643034647288,152.43221982084,1005.14034560199,41.1733786349285,1.97509021040032,CLEAR
0.179771442063049,0.359274875265147,-1.04080425325509,150.255740804243,10.3295692310711,-9.32077586681101,36.3109350798433,24.2959779873872,0.74931920585654,1.11564765986942,150.898523875784,1.41975441119779,160.39433475213,882.209679401316,32.4240262006744,0.932654911886115,CLEAR
0.132731531057328,0.402274237382741,-1.50998127830641,151.772372511723,24.6199009023043,-72.3600239295959,37.5390381680348,27.1188351636075,0.664130664866054,1.56827474704994,169.932238381563,1.79893934726437,179.44368969059,1018.01498827931,40.8335223243376,1.63341986137098,CLEAR
0.268772385829365,0.193891195228046,-1.18652524805338,88.5920295045886,-39.0825204049931,-39.3629107996295,39.9967508731964,33.200695997572,0.66039477497171,1.23193934722433,104.524780983115,1.59526932128109,114.238024052048,1327.91996663161,50.2739376232294,1.00226434638768,CLEAR
0.242425054881568,0.420285669813812,-1.1319968854596,154.11540577142,-31.5705445612054,-21.3792045628227,35.079490609484,33.8848343596686,0.728118081440286,1.23159526638235,158.761859297879,1.32561943018648,167.519154474019,1188.66272872391,46.5374898466351,1.10442909243274,CLEAR
0.142575757833595,0.221837481585183,-1.54577986447977,166.918422539269,-29.8311875614662,-55.7292376958203,33.3706180019863,32.147271168534,0.738749538089608,1.5681119553109,178.486434970512,1.94124339357086,180.151592430521,1072.77430597142,43.5157329992152,1.8165667225412,CLEAR
0.152234971395729,0.42326261963134,-1.13424938864919,184.083476354203,17.3176203754595,16.3105056921404,34.4886533329019,25.8990746995797,0.591702393885802,1.22018375966249,185.614274338075,1.71518344784545,186.892371529012,893.224208956734,43.7703669899486,0.880955166758566,CLEAR
0.124112351711955,0.387875793075775,-1.22375270297723,136.360680112227,-3.33054714172225,-34.7580481187816,31.7424089045018,28.3145385633441,0.710061334545382,1.28973725415129,140.76025551966,1.76190040719512,141.769667348614,898.771661019953,39.8761308490929,1.18113177641293,CLEAR
0.224299415138857,0.23296841443843,-1.40115498129665,97.6010505925027,2.38861478739454,-15.3617584854778,34.8644627981046,26.5783534759553,0.89749002445254,1.43799158251014,98.8314432816246,1.45297208935153,102.48137162217,926.64001599732,29.6140604772821,1.85584763512011,CLEAR
0.263963408141023,0.316210637273523,-1.20267169864578,127.239103215216,-34.9983543147289,21.1995834911005,31.5937668266239,25.4119908398074,0.601766369990304,1.27125334323489,133.656636692489,1.65678730492307,136.735354001476,802.860513193178,42.2289278333866,0.972505641768036,CLEAR
0.205619863768889,0.124440296863149,-1.51729260790441,122.135861804097,-32.8846681193589,-8.46338953094396,33.04850158963,29.0473217219566,0.8910207803262,1.53621019846279,126.76828900913,1.71221017280552,127.630443878769,959.970458102577,32.6000131122749,2.10275716087009,CLEAR
0.102488660100624,0.322163074351389,-1.14445575314984,113.090733072792,-54.6963268872001,-59.2140753991842,30.3116101824817,34.295383668594,0.759315820912006,1.19334485495288,138.879475831648,1.64464303872097,141.510326044372,1039.54830082107,45.1661055360294,1.08132035631722,CLEAR
0.236890909956641,0.364386407161469,-1.63640935265711,121.234657890535,38.7121773619967,-50.4598648992466,32.7374067289817,31.4612762520991,0.959022840184727,1.69314214595461,136.903882032585,1.77321835058727,143.867762510446,1029.96059687782,32.8055205030555,2.74925985967528,CLEAR
0.213456181521676,0.22794746454618,-1.5291915027704,119.429361479549,-54.6525634994821,13.3875307908155,33.8762621823063,31.7965937925181,0.924766269347201,1.56075310032306,132.020835708432,1.81781074757459,134.939760108713,1077.14974781963,34.3833468662483,2.25268461591562,CLEAR
0.391336868912636,0.328932569356081,-1.23074149306148,139.760730805589,29.1339228386149,-0.912977241944773,32.3540238589631,27.4742732262554,0.561489878804806,1.33269118812152,142.767926589703,1.37448504786774,149.589826847849,888.903291469938,48.9309341671539,0.997242972417857,CLEAR
0.217456842080692,0.254025111160225,-1.65929059101818,147.753248318445,4.28743029800762,-40.8040317564222,39.4421934871502,32.7648382483256,0.779672528867741,1.69264925507594,153.343971041549,1.98685773636954,154.179532488163,1292.31708976564,42.0237920555126,2.23380974561949,CLEAR
0.214137088379534,0.175932499318054,-1.49663184273901,145.141266333377,33.94430795564,26.6311947875562,34.6560069979494,27.1331866855975,0.678348353954014,1.52207549406602,151.418043083565,1.72775583270511,158.089457976568,940.327907652734,39.9988391342035,1.57153899934934,CLEAR
0.124828920343016,0.403682781959579,-1.16955941699088,94.9142715691596,10.3831566116766,-60.8313022271266,36.3718250828754,30.4788580231334,0.928501509710365,1.24354785902138,113.212085129525,1.64592893018376,116.545037694582,1108.5716927432,32.8258219061152,1.43584520595592,CLEAR
0.084740258806368,0.260163262058054,-1.30054341261196,108.962844628731,-75.0640104953852,-66.2338336676798,36.9254755114566,32.1422804269143,0.564140863087213,1.32901429731799,147.967658302597,1.50984711740969,155.838791486785,1186.8689887864,56.9755278415587,0.996430160909423,CLEAR
0.087888909468281,0.278512982931518,-1.4142608451449,150.283422470504,-11.3332213224392,-36.6372182216579,35.9820093679646,32.467674753126,0.668080970609347,1.4441009937601,155.09943498934,1.896401643573,163.666467162683,1168.252177123,48.598339996382,1.39323454870952,CLEAR
0.0787959198666443,0.217863213184028,-1.04020990265159,149.214568986693,46.067317525428,0.88477570992649,32.6500725956355,29.266852662907,0.898454122320603,1.06569686976219,156.166475819652,1.5117133583614,159.029519549334,955.564864089681,32.574640553347,1.02038316794058,CLEAR
0.0803649765692143,0.407392490369498,-1.51093308872665,138.939893218679,-35.965910549532,-58.7708556360844,40.5764280130418,32.8317389461821,0.775689322271251,1.56695436094275,155.086602005049,1.74524404989277,163.872573922693,1332.19469189274,42.3258328788343,1.9045856508503,CLEAR
0.148631656569913,0.366673428775964,-1.33526860696982,178.571713264797,-0.773286618115218,-20.6708076988683,38.9979635577199,29.1080702901755,0.661171224375562,1.39265323231024,179.765783845097,1.74834676575398,182.113686072731,1135.15546441181,44.0249442082452,1.28233036660176,CLEAR
0.269879871895842,0.393234125349647,-1.45670986295876,96.8929773202174,-23.0237968989606,14.8267867437797,32.5244171272901,30.3777938775977,0.763615522660955,1.53279869762319,100.688519120932,1.57086768217135,103.719431835574,988.020039481829,39.7814779750194,1.79409317275655,CLEAR
0.110213680920054,0.364287546002386,-1.28466774127824,133.735599765535,40.9967523700886,-54.3951557376547,34.2250669105675,31.3131728963048,0.896076927388671,1.33985957365514,150.082568332453,1.42638443678076,153.673800138739,1071.6954375582,34.9446983785851,1.6086585165649,CLEAR
0.10420575506418,0.270691569378051,-1.09122832666755,115.623736728115,-26.3202741480984,5.69468945646212,32.716418827284,23.2229476140366,0.655744696698675,1.12912002286847,118.718300249832,1.49372541500482,126.380006368345,759.771680544897,35.4145634976357,0.836016799834733,CLEAR
0.188902909270763,0.272440671277103,-1.47293904257121,116.225395877939,34.5738778065155,-58.3518387836119,40.4064207020455,28.4754046389915,0.631725570434191,1.50978728688099,134.568320057108,1.58863700359969,137.784712716326,1150.58917950407,45.0755215494896,1.43999168525494,CLEAR
0.141705628870357,0.251403848880502,-1.23954225823255,150.908586394448,5.15222615567544,-31.6608922968248,41.3064047262328,31.8604911203017,0.675931998709666,1.27269375359106,154.28013152367,1.59264309623793,161.603002477773,1316.04234099173,47.1355758353599,1.09484044288192,CLEAR
0.0540207853439512,0.377224890887012,-1.25326347323933,113.891373614076,31.8178607542868,13.5032882665062,28.4489348934753,22.8577115497472,0.677104063830214,1.30991839322525,119.020838682512,1.73586106947173,125.00058996945,650.277547692596,33.7579982350846,1.1618335169978,CLEAR
0.209083058639272,0.367304375615869,-1.03488988549447,133.035982201396,24.9416082004889,-30.3089180618881,42.9806804871484,31.8431621955735,0.88403382222747,1.11786640742769,138.705756527979,1.44953737195946,140.378574087746,1368.64078002839,36.0202577940759,1.10471103460338,CLEAR
0.182775458405121,0.35618502838606,-1.07472788263993,180.853290292899,56.0416662067493,-11.1166968017474,36.3007239828279,34.4135704419132,0.617224260347845,1.14687168609452,189.663285611049,1.14888084799238,198.25900765592,1249.2375218755,55.7552852300941,0.811844120837537,CLEAR
0.077108778481092,0.277514999199528,-1.10037221652021,160.14262265507,17.9173057231515,-53.3269162543672,31.8885517245987,28.4619099224487,0.621304486688195,1.13744421990231,169.736411628211,1.53915684747862,173.990862248391,907.609086742874,45.8098480252637,0.803830917045239,CLEAR
0.238320610907303,0.19771531473874,-1.08354722443201,162.241511251822,-51.9411445309111,-1.73953078318545,35.7195112063191,30.0569276072812,0.862714651128379,1.12692619405167,170.362015824543,1.54782106669093,175.843027732321,1073.6187624958,34.8399006879828,1.09561538181446,CLEAR
0.272508821738216,0.155947460177838,-0.917032039270895,127.182718870757,-44.4377179930982,-31.7234174722815,35.8453789885894,29.3989210902535,0.644552338939895,0.96929274696059,138.407116782023,1.15293343686851,147.588970897611,1053.81546833577,45.6113083497577,0.605575246612548,CLEAR
0.192376969209776,0.276262306858858,-1.42105376532377,150.200091072992,-17.4713084782064,-31.0154617852138,34.1143593228902,31.2565181365358,0.912871784449763,1.46038473164237,154.360852705684,1.62070115513938,154.722417804066,1066.29609089222,34.2397305177367,1.94690316598482,CLEAR
0.314094103895407,0.363926056428728,-1.35658467474742,128.742104592125,-1.09414447935866,-64.0345024943939,40.1908367408675,29.6158873661404,0.66383072640993,1.43924259956728,143.792017012962,1.69785263425907,151.924722165639,1190.28729406847,44.6135461562017,1.37507175233695,CLEAR
0.240312897695315,0.390520927055362,-1.51492783385103,152.974295851609,55.4245698581831,-51.4306395068567,37.0763492585683,28.7540386932185,0.732660303701982,1.58280233290309,170.640349317928,1.79496551721732,175.598715219961,1066.09478118416,39.2460179730122,1.83550691531375,CLEAR
0.0647900550183294,0.463364543783314,-1.20459029834247,120.202594637026,27.1090201390651,18.14018020747,42.0397585529946,31.3012284447134,0.874688582265031,1.29226244955334,124.549704408854,1.73218225877943,128.290146304537,1315.89608622788,35.7855278939736,1.46067940908045,CLEAR
0.252090725034179,0.263170509240509,-1.07349439230473,119.627156457596,-22.7474912572031,-5.14002055777709,32.4134584841214,24.6690995626966,0.654435441615233,1.133666027052,121.879139855683,1.22098285678224,125.837431373002,799.610834516124,37.6951801489081,0.841079553204069,CLEAR
0.161737865343603,0.244099411394276,-1.39295928933461,160.180507770011,-31.4128928163355,-5.16708689852191,34.6077612076647,32.1148764125178,0.65728630808216,1.42340410336367,163.313391035659,1.56573001550854,170.112121778964,1111.42397409808,48.8597239253302,1.33171414450938,CLEAR
0.0929974173857879,0.456727888204211,-1.48191723585476,134.513158689762,-69.3034300779554,-52.7391541380462,33.3088593704973,29.710139601322,0.926023662878369,1.55348884045793,160.244106476537,1.80647227956059,162.876051227326,989.610861858278,32.0835295131058,2.23479844297463,CLEAR
0.164264472900656,0.154204476138379,-0.96368160198352,80.1960666090086,-47.5954172684149,-21.642797617155,35.1588001855893,26.2218233461074,0.670291911913878,0.989668665523955,95.7347561401197,1.25812892280274,103.533784488546,921.92784752761,39.1199472350627,0.656513436630663,CLEAR
0.207534795999241,0.248262713843515,-1.00035365796284,144.791777959604,-34.9725004875374,-48.2108709139278,35.7260249392762,28.2737438073821,0.85119251078156,1.05138599364602,156.563159234009,1.38852194091279,160.383157340182,1010.10847638924,33.2165875905485,0.940918847823198,CLEAR
0.17450931926149,0.315167168755463,-0.891456230144268,142.219498911785,45.5991876060612,-73.1680749124982,41.2244982909852,26.5467184162063,0.609047846541823,0.961497819567717,166.310670034887,0.973498423326809,166.433706457459,1094.37514798017,43.5871746033812,0.563051369811406,CLEAR
0.260578631289304,0.287854030447373,-1.09279634326134,158.15174979352,-11.5550823620236,-31.8012728994056,34.097111272738,27.5724808694582,0.772235409947233,1.15972626674348,161.730692353578,1.31372799477842,162.704855661664,940.141948271356,35.704714921875,1.03862960877704,CLEAR
0.0971688033286353,0.293530940645891,-1.18333747924917,162.376560054726,22.0677761617018,-19.9099684034814,34.622515597501,30.9325464601004,0.847489363857393,1.22306572973514,165.074349436115,1.22882510539323,166.682777276656,1070.96257228525,36.4989948904073,1.26775067741953,CLEAR
0.0587779424553982,0.27170805535918,-0.813173999071147,146.877441326285,-67.8273900392506,-42.4048272026056,35.9501805361633,33.660697273317,0.842500029046043,0.859378884213314,167.247442372599,1.29304158731772,170.684253658967,1210.10814394888,39.9533010795615,0.622213287588658,CLEAR
0.240907397146043,0.357135026623005,-1.38240460664842,156.882460043181,-48.9998578671531,-12.1966412842218,33.9527283694428,30.7225319570347,0.530762330026972,1.44797247823412,164.808526474869,1.52940911049158,174.271770933358,1043.11378235872,57.8836747359193,1.11280919745086,CLEAR
0.255550853538988,0.335502451746037,-1.16685842195886,121.989951756701,24.8853052236224,28.4470065802505,41.6559517964031,25.1349116078136,0.584504548600452,1.24073635828424,127.71084107879,1.57249264513963,137.250825412895,1047.01866634194,43.0020068551907,0.899801914681183,CLEAR
0.113634117835085,0.223071585561732,-1.18493905427734,139.698270626547,0.172126239393748,9.9471112415998,39.1974072432866,29.7994075474794,0.886816485913651,1.21109628327927,140.052066980616,1.3268257957007,141.239456686377,1168.05951324722,33.6026386723513,1.30074181188146,CLEAR
0.224317187935122,0.210218550037956,-1.04203811912837,108.442380985002,-15.0416297015526,-19.8496666007199,34.5629908094507,29.9239735193058,0.836671713698779,1.08644073989325,111.265492772623,1.51804911639586,118.688686632278,1034.26202173001,35.7654469057767,0.987568369969409,CLEAR
0.1844755884565,0.44145745627718,-1.10813762139493,150.70290488903,20.1670117989179,-35.5109860975231,40.8206303385856,28.8943993680729,0.686616244038253,1.20701487828026,156.138092855357,1.22483428902893,165.276821212506,1179.48759545957,42.0822512381631,1.00032084928762,CLEAR
0.400193058171294,0.257823937869932,-1.56781895552055,144.082289401786,-45.0985233722547,3.20909266372213,38.1328961935795,26.6148327984465,0.794598865425351,1.63850051694737,151.00954011367,1.64901874656822,157.746642870606,1014.90065631264,33.4946354215647,2.13324681595729,CLEAR
0.3331740472174,0.226730114782149,-1.32729660574792,146.421408697431,-34.7256693826956,44.3516240884699,31.8612263287631,31.2323532705857,0.901066781389114,1.38712932717836,156.882655505003,1.39441431380894,160.786371047514,995.101076334014,34.6614915277926,1.73376761698212,CLEAR
0.340694863754791,0.23658184082457,-1.15519289113196,104.54392921697,50.1497890984885,26.9295920976727,33.5140979283969,31.0460892660398,0.665956463461315,1.22740155341219,119.036286120211,1.25014073477968,122.479757291822,1040.48167595581,46.6187271251195,1.00327311740023,CLEAR
0.28517137628751,0.376875805283052,-1.48379689103347,129.394865866548,69.0142978207385,-18.5780761970213,42.0652142044825,26.7495547235635,0.660478038178598,1.55724477854384,147.821343288085,1.57071837243415,155.280116180772,1125.22574932123,40.5002326755604,1.60166670618443,CLEAR
0.12475217997286,0.275423771035404,-1.5110119708474,107.759256832351,44.007738305849,-47.0064212851769,33.7551402994646,30.1965325875024,0.868505476324848,1.54096675373075,125.532235325817,1.65460010952592,126.020848651159,1019.2881940485,34.7683447511886,2.06233446256931,CLEAR
0.0980997958983912,0.273065563723982,-1.55897032446773,171.171578439404,-29.6793004087116,0.638057326798595,27.9995244382524,27.9028607757796,0.8379191432893,1.58574173326498,173.726731550847,1.90715531464998,177.289562579566,781.266832188595,33.3001432168051,2.10701207537761,CLEAR
0.198129335950119,0.36172607116042,-1.43777431138108,119.27636182921,54.3335897014718,-73.7494512222878,39.1898730783642,28.2180378195529,0.773088407118346,1.49575932381802,150.392722618647,1.63115561966476,156.655990781068,1105.86132066876,36.5003550168075,1.72962756593979,CLEAR
0.17693366103993,0.385495275338173,-1.08338929625126,98.5839246675366,1.24363062802334,28.2997469852479,32.2555286221727,24.1112122909096,0.82506302488626,1.16346228772094,102.572961834114,1.56837894611038,112.443123665652,777.719898164715,29.2234439554354,1.11684202162313,CLEAR
0.254970716991923,0.410112358036863,-1.15272642966043,107.139067707119,-4.44081353709139,-1.47044574851909,30.9634083616467,25.2811886294422,0.777703645841243,1.24979215647067,107.2411435258,1.38140561746667,116.592327791357,782.79176740124,32.5074419506592,1.21475787854661,CLEAR
0.292101264723044,0.267083755240938,-1.36302786342047,133.706847541553,-52.7063447985147,-25.3314455232036,40.1841273526955,30.9706394590134,0.648999371972619,1.41933147559933,145.935472020394,1.57391637203084,147.07456855335,1244.52812021541,47.7205265150759,1.30741042745759,CLEAR
0.231372181253905,0.494703339372985,-1.35458749654345,121.788461441636,-64.0569910339499,-15.9936644470869,36.341704197197,25.5648368924894,0.814272027664504,1.46053817685017,138.533478780728,1.92942116710786,148.272937510714,929.069740196438,31.3959028777048,1.73698209928747,CLEAR
0.284009949310006,0.254518425859353,-1.15628157506666,111.184471719801,-2.27562958859794,-15.954490806113,35.2045297129149,30.0573929388399,0.779960395287632,1.21755014732356,112.346388542392,1.47611268478524,115.152723297841,1058.15638280815,38.5370264739262,1.1562354106243,CLEAR
0.224231633356889,0.278924539590947,-0.967166408762021,150.818736458375,-45.4383280562508,-47.1951168905303,42.3015485076401,31.2658820714105,0.787791978605065,1.03125631460929,164.433305573291,1.45669351819544,172.714473795204,1322.59522707793,39.6879420362093,0.837808565512911,CLEAR
0.232054324828482,0.389323220615342,-1.43779740265616,111.209209236123,10.5983633810249,-21.2797224456336,40.6890702998305,28.7354232625496,0.716909253946071,1.50754208925214,113.721766221965,1.7815713672832,123.438381506131,1169.21765722526,40.0823158887488,1.62930758214365,CLEAR
0.115726219759537,0.208776494137708,-1.22302780989058,115.249480491113,-13.6581853246215,-42.2930930890267,37.383295601717,33.0014510720898,0.824135826572924,1.24610481349284,123.522040554996,1.6386219363444,126.169754106588,1233.70300071353,40.0436553834421,1.27969932632349,CLEAR
0.229616781996767,0.315438809638858,-1.6824683398036,126.768635121412,-19.7628062054716,-38.9324323624337,42.5133973903214,31.1284903757474,0.769424970900907,1.7271147106207,134.076805038442,1.73189516067306,139.363700426651,1323.37788150494,40.4567710904008,2.29513715340065,CLEAR
0.296846670845146,0.296736302867251,-1.00044042031867,114.169641422809,-15.5961893743095,1.86283704631949,37.4656473236128,26.6292708109227,0.6318814864658,1.08492000352033,115.245035934192,1.22284164886702,121.969537628424,997.682868687006,42.1427581572384,0.743756997149357,CLEAR
-0.00577239640354731,0.300985571902296,-1.20991108542932,142.690781063576,-69.0261456552379,-2.30769044269235,34.1062627101738,29.5422303061615,0.697732675630206,1.24680009211515,158.526317120315,1.33903152834347,163.591128099457,1007.5750678664,42.3402672652691,1.0846327493178,CLEAR
0.299999179235187,0.177922472407316,-1.13196109442654,91.8679006577941,53.262968497145,-30.1577617728141,32.2615036185775,32.1467115502692,0.810113728262678,1.18447956209664,110.390876341951,1.22942505771557,111.47469442597,1037.10125100438,39.6816777041063,1.13658294457368,CLEAR
0.294897018244186,0.360147183076548,-0.935223385337663,163.824533348464,24.9833641006654,24.2119354539127,33.7747809983002,30.1128833947238,0.837751887562832,1.04465928671971,167.477950868324,1.07267103625917,169.482688314995,1017.05604188415,35.944827934079,0.914249546891881,CLEAR
0.231574720128971,0.32809531663726,-1.66355633691518,149.859134171923,-28.2775266116397,23.6999693960793,32.5567367852331,23.2678809887389,0.718987068804998,1.71134247709006,154.334270838999,2.14774123961559,159.641513009051,757.5262769005,32.3619848482486,2.10569244862765,CLEAR
0.297797909168293,0.216067609319907,-1.18742181302494,123.158510397519,-8.77452189779179,-43.5380779593185,38.9768873820606,32.6798838969076,0.665536470333025,1.24311679602106,130.922019348398,1.55099585179304,139.092225246315,1273.76015430858,49.1029962303325,1.02847970881121,CLEAR
0.187862411094638,0.301109625272463,-1.33040866911819,102.788134443204,-1.94344287888197,-7.7727760564199,34.2609744659941,29.8861101138112,0.685448743729046,1.37693373798409,103.099920466317,1.67155670524438,112.645580775276,1023.92725549717,43.600731326008,1.29957415948813,CLEAR
0.254282143345183,0.357801948519849,-1.11024890120274,103.834340591832,-50.5387165117604,-32.6236300008752,42.2827481615083,29.1587931468896,0.788188916523941,1.19387363879546,120.00013911338,1.64159134056668,120.282837306383,1232.91390732345,36.9946284970064,1.12343267033851,CLEAR
0.20561339004094,0.334862076859273,-1.11182946219123,142.05606276747,47.6687752685092,31.5960853350953,37.8900842677165,26.0645218227395,0.603957748052674,1.17922611473758,153.135723177505,1.28972707788593,157.168115599876,987.586928261334,43.1561292998546,0.839848080257059,CLEAR
0.296037119079808,0.253630676223131,-1.36306837341258,113.966684307602,-19.8662347113344,6.47800904352511,34.6630836771437,25.8753729710437,0.83654390144109,1.41771713906268,115.86646199329,1.43714761018792,117.762743208042,896.920218472589,30.9312422160113,1.68138789643427,CLEAR
0.231325489597945,0.29673172608796,-1.03289184069532,150.713520899095,17.6628857314725,-61.5924946072584,38.1459361483085,25.6472650633761,0.783412628201837,1.09928465557372,163.768673152438,1.40621038326796,170.585429696495,978.33893548629,32.7378336808412,0.94669677932476,CLEAR
0.266692395716165,0.29160094614841,-1.57128072426723,158.082204972559,-17.8344161380136,33.4610673534971,40.0602405050381,31.678789524751,0.705277290450396,1.62020957291988,162.56596493856,1.7082521219814,163.722962192025,1269.05992727001,44.9167228790223,1.85140864678268,CLEAR
0.291840395232956,0.217924056277201,-1.67785914091932,134.547206107798,-33.6805936859125,41.4463948608646,36.1354959096847,28.413128194216,0.770038815363918,1.71693710058364,144.758891641973,2.13267515152064,150.122060328189,1026.72247764344,36.8982585410704,2.26997663843119,CLEAR
0.147178659576165,0.357594341019184,-1.37369472685883,143.110506446303,29.2412402536019,-60.1178070307226,33.7588748422594,26.7037913258718,0.811849611536384,1.42708530689771,157.955113589492,1.90118594327912,158.938144139726,901.489949183918,32.892493947053,1.65339057120335,CLEAR
0.212447927892497,0.285545469267834,-1.25494087396805,102.054131177948,-45.5027995109485,-53.8245474763218,37.9423886453526,30.8183692743896,0.756824100789697,1.30443356835099,124.026740523365,1.35405480766201,132.090013931222,1169.32254442488,40.7205961353986,1.28777172845833,CLEAR
0.136596900218346,0.272464095597456,-1.14250421434196,144.192108630314,7.2505259312615,-49.8357327475097,38.467338073604,24.9555435209424,0.645375910317679,1.1824598413173,152.733541096962,1.67100791750362,156.774564567198,959.97332943063,38.6681691302813,0.902371875276715,CLEAR
0.206388844467827,0.219019902418332,-1.29299047727033,158.066217619759,51.3244016911371,-26.3806364504305,33.7497917372915,28.2055726242098,0.631748901052395,1.32755054408028,168.270797648018,1.40457569340981,177.194922881803,951.932201898132,44.6467384913299,1.113388228173,CLEAR
0.255672396953956,0.399305829060701,-1.51163006153118,124.292649645484,5.16474661805884,-83.5701948955418,36.4315489423012,31.6635419071375,0.886964892607071,1.5842471280109,149.86432143243,1.85617360817533,156.935238300297,1153.55187667649,35.6987142020405,2.22613904593312,CLEAR
0.218749548875897,0.445335775764115,-1.02646619580012,131.819177745344,-58.2634651185457,-20.7965291603879,31.2664372706751,29.2228445598449,0.758916657303694,1.14009129872533,145.613950616682,1.51638184395851,152.519184907101,913.694236301082,38.5059489374233,0.986446071079253,CLEAR
0.165259700473866,0.245464617770171,-1.34919388752306,116.911978286294,3.25674788319009,-14.1314973641077,30.0182600029577,31.081452212879,0.687745427695635,1.38126311516212,117.807963615968,1.59094423139893,121.416959763061,933.011113795707,45.1931859784727,1.31214110640345,CLEAR
0.0957644264292107,0.16881980376145,-1.06204750893677,160.554064563828,-16.1133172719847,-63.6613614517916,36.2544021022558,27.4879236196718,0.545033404404504,1.07963691246185,173.464738732023,1.4336141653773,179.493435312217,996.558235863676,50.4333733752178,0.635299581902615,CLEAR
0.238080981369832,0.310514585863574,-1.12778510973933,127.390261743856,60.5839617249353,-23.4466601603302,38.9157155833718,27.318027840911,0.810686985028599,1.1937341058518,142.998045714376,1.2214469503116,146.84498676759,1063.10060175553,33.6973389829471,1.15522985796585,CLEAR
0.180779454148897,0.354510672926978,-1.45926523891834,92.2606865883066,-28.1554587237544,-17.5401808843225,33.2824425386584,30.8854790085026,0.838787209124929,1.51255216960503,98.0429604364614,1.72482731645894,101.853660445155,1027.94418037943,36.821546455361,1.91898917522976,CLEAR
0.309472885706161,0.167629203188214,-1.27432582430228,127.422838822082,28.8985238098649,-32.1897616678838,36.6283756900985,29.4510693740799,0.833607233199901,1.32203605216821,134.565542722135,1.39631243481679,136.047592969492,1078.74483350895,35.3296287166318,1.45696148588384,CLEAR
0.0548069815692403,0.460725051075796,-1.36797803915018,157.039241862873,-37.3292367409716,18.2000879623367,39.9428642201697,29.2830168933214,0.857249331034511,1.44451905266587,162.437799179767,1.47250513159209,163.005871727049,1169.64756772687,34.1592366117646,1.78876670947847,CLEAR
0.366480539277233,0.286546160541377,-1.02754416227104,103.34582419362,-37.3579162625881,-16.5593748199843,32.28040568159,26.7467359067721,0.684136645343095,1.12794667126032,111.131391515493,1.44693414665571,112.636995778277,863.395485728954,39.0955476413794,0.870402215062611,CLEAR
0.0233965268511291,0.175035927376147,-1.36874003891055,89.2761156333201,31.237370768311,5.25312210700347,41.2149170017424,30.2061357669549,0.722607200709177,1.38008487690358,94.7290528136007,1.6290273089857,104.535599083174,1244.94337857841,41.8015402223642,1.37630243638258,CLEAR
0.0695395740975748,0.378844928182321,-1.00963356412699,155.743653399301,48.478600936508,-5.69341729448892,36.7310811211049,27.3091242856411,0.807766348169532,1.08061055232073,163.213588047723,1.13452297785513,171.006830996715,1003.09365948222,33.8081557115745,0.943244246235271,CLEAR
0.130659973336418,0.428860539335421,-1.67604253298838,108.91075763363,-10.9192952651866,22.3062713716831,37.5585797494554,27.0767898352546,0.641142359355949,1.73496742425253,111.706552538008,1.79795054581943,116.248204549861,1016.96577038665,42.2320366266512,1.92991028602281,CLEAR
0.162530739060192,0.242809247754992,-1.18169897806649,127.913636098858,52.038832418743,-42.9539121950612,34.505590279576,29.2660296368127,0.808065812428868,1.2172859346506,144.620112544549,1.66663767767428,146.660495702652,1009.84162775779,36.2173389460774,1.19737983760512,CLEAR
0.130150320500937,0.316930133833005,-1.43523193885327,96.8818671354584,-27.1319564989995,-62.8722790409155,40.0537665486671,30.0828293492371,0.633787622532286,1.47555905810727,118.63879093667,1.83599763960574,120.521820912352,1204.93062387774,47.465082647022,1.37992965048013,CLEAR
0.184600334012478,0.416055581929371,-1.04747801807033,131.286928433986,-13.4559584418457,20.5049394209958,35.4884410802846,28.0075188662322,0.71247120581484,1.14209882624607,133.558125682708,1.30178043882749,134.649884233527,993.943183089242,39.3103318805266,0.929340123010894,CLEAR
0.295018368776654,0.368747116060711,-1.38682041840678,162.184067806052,2.12957692873839,10.1657481316517,33.2764336187304,25.859107578692,0.764054995556507,1.46501916247832,162.516304976115,1.65349407734657,170.880008511966,860.498876781951,33.8445188953164,1.63987683179758,CLEAR
0.272828835096949,0.315613029952971,-1.12876832969402,174.60893003294,-23.7427782883714,-53.6781672921984,34.2384401787331,32.6411014512398,0.671858298770608,1.20339731595873,184.210052961146,1.42278939943454,194.029348805984,1117.58039940624,48.5832398404959,0.972961740463046,CLEAR
0.225658662150919,0.369636147290152,-1.53556875903235,122.074890258505,-39.1173655512695,-59.1533991703217,30.6380800393372,33.0802596642789,0.578776988226109,1.59546987652648,141.17921855819,1.77502323646355,150.218416276882,1013.51564331623,57.1553520300007,1.47329078762606,CLEAR
0.219065288150291,0.361697572157042,-1.52579357757708,113.474742014747,8.46132171326174,-73.2119178176577,41.1471255492969,31.4306356757,0.600188547202862,1.58330691135741,135.307412771763,1.76721274999578,136.824794947033,1293.28031224224,52.3678491606195,1.50458912691848,CLEAR
0.290751881521582,0.292628312370236,-1.34242183144075,88.1200191780122,-18.0519362176768,-1.7134575055399,34.6701735497855,32.9769222115642,0.62531358980731,1.404373297716,89.9663610343533,1.53417839541688,91.1991424802913,1143.31561621271,52.7365309383329,1.23328370658649,CLEAR
0.312419733095269,0.321601580293523,-1.34920464071312,143.99420109023,-41.4094677512979,30.8361893681232,34.5681667556862,29.1475987362909,0.832690756353585,1.42175484124248,152.970404136899,1.78809254920745,160.152513971192,1007.57905364393,35.004067848504,1.68319012718714,CLEAR
0.107158522389443,0.353976438988107,-0.970801845831935,95.8627936662396,-51.0593234601845,-23.4772888126036,37.7033421559692,26.7863567082713,0.694079891933478,1.0388640392997,111.121162753538,1.25024194497172,117.426714453043,1009.9351720838,38.5925574663977,0.74907773600198,CLEAR
0.207431970579931,0.324690001783673,-1.46541780473451,154.913141929699,-41.0509453743268,-25.7056754276405,30.3139220677019,27.2581127578652,0.698536689453896,1.51522307338222,162.308482242452,1.61279983962041,165.29604030161,826.300305854556,39.0216779558095,1.60377105738624,CLEAR
0.257625738544743,0.351134053226527,-1.30323545698201,115.035758966036,40.7562033151851,-62.5284086022804,41.4597544290506,25.0477447752059,0.740585368679467,1.37407743625719,137.128027156721,1.80691309080166,144.298311568311,1038.47334738157,33.821503925151,1.39829094066309,CLEAR
0.121959570212384,0.238143726658341,-1.1378045671898,108.767644145231,30.5745667783148,-66.1464211530892,41.1353644772487,24.486553958847,0.820318088043719,1.16883951183688,130.921936962249,1.53566753334319,131.345883330485,1007.26332188899,29.8500355724283,1.12070692700338,CLEAR
0.169571047610733,0.278465249435027,-1.53744939455517,111.597955058378,12.7992053693977,-20.485606851051,33.7378090391002,29.8061853327778,0.784637851119172,1.57163859590835,114.182237319802,1.6232458944208,116.083029856181,1005.59538894129,37.987139293783,1.93809305770284,CLEAR
0.182212191875794,0.223740046787027,-1.19173646228991,121.81219126308,-55.9823470873589,-6.79948598069834,38.0953716947359,29.6213774709991,0.823551859669401,1.2261715569021,134.232880231799,1.48659182681814,140.856032094496,1128.43738486779,35.9677914091514,1.23820749254916,CLEAR
0.166748255011718,0.205773285232718,-1.24274250002447,124.528465072391,56.0533355119102,21.8039022019639,36.6937004765161,32.6278088773878,0.597392921730977,1.27065201641991,138.292173265624,1.59846097912144,145.614434646487,1197.23504615188,54.6169080241847,0.96452465281184,CLEAR
0.200888453877607,0.344899051155009,-1.27776818685238,170.364388929726,37.8882041371619,-27.0685243875391,33.6504917370464,32.3280896284828,0.849714629949875,1.33865718752822,176.613266887449,1.573796738029,178.553890772455,1087.85611291776,38.0457749498969,1.52269122185814,CLEAR
0.216246463624626,0.23779783907152,-1.2566077112484,173.204609136931,-16.1366746275091,-71.5370542074625,31.7239400907571,28.0358497342036,0.860564527147644,1.29706333124724,188.089816361738,1.53347341656252,188.914282649646,889.407617361344,32.5784020504851,1.44779077072093,CLEAR
0.128364736796937,0.277010640030808,-1.21126120036079,153.109903910342,22.1609485487632,-25.8501444738333,37.8616653456596,27.7248891095895,0.821250513908332,1.2491461467109,156.850184205608,1.6371083492019,158.461442200472,1049.7104732128,33.7593156786364,1.28145145809594,CLEAR
0.186933841101076,0.323065061820852,-1.09834175908509,145.956386344952,-41.9622225286608,-48.3382968052098,35.5751921762838,28.1123157298705,0.714067600201197,1.16003013532763,159.375925950095,1.39168725759944,161.559442077316,1000.10103461051,39.3692086753984,0.960899286772913,CLEAR
0.171736177523574,0.248864910006203,-1.51432985044994,140.546623041709,-43.5155179664482,-58.9610266858746,40.007297101287,24.4623818922107,0.931851149691549,1.54422211940722,158.503489615116,1.6719142179554,167.350692260856,978.673780166818,26.2513553253142,2.22211270947661,CLEAR
0.148775255007022,0.385275317603168,-1.50710960217491,164.81486461323,23.163646727541,-43.3343016352718,40.6261566932411,30.9835209010938,0.759650084865151,1.56267415023876,171.983591733085,1.66709391498912,173.344413293327,1258.74137503615,40.7865157022633,1.85502790442813,CLEAR
0.181545078326264,0.314516886697358,-1.1994970041707,178.681628462289,22.7629007467766,-40.0234901834913,29.2341950076466,27.8968118475587,0.75109414853541,1.25326475674407,184.518708446627,1.65115557633143,191.668451599657,815.540837643159,37.1415151621679,1.17972296194332,CLEAR
0.184918624296739,0.223117287399795,-1.29224154678843,118.316753688106,-2.78782614723948,-52.1486725320639,33.3123685304806,31.4067766323073,0.625415967381005,1.32433546988464,129.329463869512,1.41698709646481,133.760640095349,1046.23411752991,50.2173402231574,1.09689482339303,CLEAR
0.132450765262545,0.393059331032178,-1.21413022363493,104.885108595054,-51.2674882512892,-42.8185288740697,33.7856453054464,26.7739529608293,0.84809631562423,1.28302417860066,124.348975755862,1.52628350152675,133.32655711568,904.575278159285,31.5694348603411,1.39609463442233,CLEAR
0.166511472657984,0.432846227549579,-1.0824822590593,131.476221706021,-18.1920617781201,9.62824266976071,33.728380053628,28.7057967289559,0.753754713139113,1.17764585865563,133.077612853318,1.57518939440547,141.592921916777,968.200021816417,38.0836870999053,1.04534454935398,CLEAR
0.274733300687203,0.337095782151473,-1.19378348192747,120.303968058108,-0.730040145371566,4.82769515506514,30.9764982727447,30.9679700474557,0.886707904827467,1.27052388980832,120.403007975924,1.56396461977152,126.657080331698,959.279270685418,34.9246183035472,1.43135134763766,CLEAR
0.138650444478299,0.249725936714631,-1.25319125775373,125.923298467428,41.2537074092993,-56.4561760980457,39.0969240862456,32.0308097226038,0.620481449602847,1.28533082034643,144.034180983343,1.59815076741936,153.389735881896,1252.30613614562,51.6224266183609,1.02508208799969,CLEAR
0.0957999127425801,0.342920665140997,-1.33991721732199,161.036897439996,-50.9424995646795,-26.6337714907685,38.2260651015601,30.2286902386583,0.805620406428166,1.38641637149095,170.989410148171,1.62172539937733,172.583854200395,1155.52388099785,37.5222033544036,1.54852355032242,CLEAR
0.146092356486071,0.420885761638172,-1.09566908035999,143.309643362091,-41.0524008135807,24.781813514946,31.8769125289138,34.1239094750461,0.689490579050278,1.18278422995503,151.11946193068,1.62949338509006,154.616288089522,1087.76487748062,49.4914086145173,0.964582519921157,CLEAR
0.128703603668714,0.313838512084017,-1.14756553593557,158.76872854324,-50.9488102051759,24.1147840039477,35.5491871258125,30.9391484631176,0.884414339378377,1.19664777128924,168.477930994291,1.42814977431711,169.133601904524,1099.86157822866,34.9826004655952,1.26645116531797,CLEAR
0.23977540244105,0.314682817387553,-1.46663925576614,93.6174749474692,-38.2774609191643,-64.3462870268195,36.4194948727668,33.0487200441434,0.679623844741954,1.51906162670545,119.874268648847,1.61195802872672,128.886862204356,1203.61769019919,48.6278868405577,1.56826479709742,CLEAR
0.126635098543334,0.395907789908122,-1.60767212069603,89.1639059786811,46.2279748192533,-65.4198119005478,35.5882831749611,26.0476499149174,0.715336582699813,1.66053879025944,119.862335929047,1.94006852453262,123.199130818642,926.991141214333,36.4130873937993,1.97246127733769,CLEAR
0.145449328659586,0.263253557891651,-1.2814896808854,101.244090065752,17.8530964538433,-56.7651397854118,38.0955594022385,29.6750233306651,0.699200785612521,1.31631065678505,117.436706021114,1.35044951136559,122.862569002882,1130.48661405616,42.4412865374319,1.21148684383018,CLEAR
0.200356792244406,0.288095821164113,-1.62493862339223,151.301877692664,-32.4141974362337,30.0727972512522,39.4483059472084,25.6241870390885,0.758799016189041,1.66239814008634,157.630300143329,1.99299875884518,158.757485581269,1010.83076996646,33.7693548924552,2.09699235796405,CLEAR
0.151215606886535,0.256727775168474,-1.71552447121175,171.218582727007,-47.8075363455439,-57.4114379046864,35.4642053311747,25.6939262200501,0.78279154101835,1.74120634091292,186.808556561949,2.11220143395117,193.839977897476,911.214675231907,32.8234172832362,2.37326701959965,CLEAR
0.136398840894095,0.204165459485537,-1.39744421411772,93.8542002710045,60.5558356875986,-4.83268144462829,39.3278417500024,25.9658762562451,0.682964248040416,1.41885112334427,111.79881463718,1.89219128194755,117.749262424911,1021.18187230575,38.0193228436545,1.37490162883039,CLEAR
0.241867923209559,0.352955077524633,-1.1331003383135,108.434799438072,46.7343094339923,-12.9025172401862,38.5672606628984,26.3378825676162,0.541118938527625,1.21119517655674,118.779949312081,1.2400575074507,121.572896485379,1015.77998229406,48.6729109248514,0.793818103918778,CLEAR
0.310044327471427,0.26690428624693,-1.24106574987107,125.975979502636,-45.4744941505246,-35.6790313144558,33.654959594462,25.171839002299,0.774526463865681,1.30675536291888,138.603283891229,1.37187809500695,142.662218248753,847.157224540678,32.499608053491,1.32258880851213,CLEAR
0.261369438307206,0.230029757513145,-1.48461442127886,166.534128719592,-48.6950961547015,-16.1711432944662,31.8550756044971,25.73976621613,0.787220066996954,1.52489594808687,174.259387963344,1.88133646912064,183.836441563747,819.942198856901,32.6969987151393,1.83052884598309,CLEAR
0.188929274748372,0.247850615124596,-1.16725521117421,105.630379938401,-47.7646251586854,22.211641138916,38.7101043206832,28.4668913725134,0.650192758072806,1.20814275906779,118.03640787725,1.49834470958044,127.065027863655,1101.95633471555,43.7821664989373,0.949027153490833,CLEAR
0.0742318896410368,0.259419652303933,-1.75225453245862,166.565265685276,58.2597283705778,-68.7551702324808,32.5179462579021,26.0125505611539,0.751968521626595,1.77290859210591,189.381776093471,1.88377752444452,197.699582764608,845.874721178562,34.5925596889696,2.36359112374737,CLEAR
0.201229166420501,0.225890310669164,-1.10722934227904,151.236299084624,-12.4417613336324,-63.3408935236484,29.7443846072226,31.3089604537448,0.731526915111136,1.14781375940358,164.436262358006,1.61849784329367,169.208743357134,931.265761388509,42.7994062933172,0.963769465845457,CLEAR
0.268512002379893,0.407262709590195,-1.63688712329524,151.609744337252,30.5920373339685,22.2835813652699,33.4852969163027,32.8102868513145,0.843490791908978,1.70802841441663,156.262424545098,2.07957742438779,156.850073987022,1098.66219712533,38.8981696870562,2.46076719454122,CLEAR
0.278129298862092,0.420549785789984,-1.00880314079721,115.85805459448,-41.6404587482875,-17.0329017884972,39.3529319825665,28.053306101858,0.652981900557993,1.12778624131341,124.28650917345,1.3776092525446,131.428452256229,1103.97984691254,42.9617775256988,0.830528858667605,CLEAR
0.243066402306403,0.394226103903647,-1.06075402405525,124.640688302481,32.3316140689676,-11.8035529013557,34.0689729708373,29.9192838601582,0.854991560979516,1.15745176853233,129.305677794581,1.32628284856608,129.853316697332,1019.31927313854,34.9936189221125,1.14542757427908,CLEAR
0.144785454976972,0.301529305313019,-1.2820422322535,131.150587531408,-32.0068249736033,-1.00130247940068,42.3766949525941,32.4057982759636,0.741149302844546,1.32495850320565,135.003392777291,1.38593275721366,138.390004129887,1373.25062823581,43.7236524785724,1.30109874448417,CLEAR
0.229942957347813,0.226454867817479,-1.12836556450498,99.4565417877007,-43.1853780017217,49.035833204966,35.1728300981239,26.311470034043,0.705517308332038,1.17361169811516,119.000392922147,1.55753431883891,127.408810661329,925.448865139274,37.2938160828848,0.971754436746343,CLEAR
0.0514287479204576,0.145152260728618,-1.67966834856564,148.433586831882,-28.9516303471443,5.40466311750853,37.2001556573169,32.3690030638814,0.786893963620501,1.68671273668059,151.327251289876,1.97414677305163,158.068044100408,1204.13195244856,41.1351000582743,2.23871321325096,CLEAR
0.238201956498325,0.1516823516018,-0.998479506143716,144.070312894358,-54.5712667776427,25.8624652010734,34.0337258148098,31.8014303313838,0.660508193006706,1.03764590880323,156.215061122389,1.49793861892575,163.018051434795,1082.32116041709,48.1468398443032,0.711175137157363,CLEAR
0.121859271787533,0.167723152451508,-1.35858630351776,122.734239766832,-34.8862222091135,-9.63177582512166,39.543028280085,26.6215464644454,0.668147372965626,1.37431345845659,127.9590294458,1.45528763285023,135.60491062798,1052.69656470316,39.8437645612811,1.26195498688343,CLEAR
0.123500842817901,0.362913599085453,-1.09866190743106,134.284074010733,-64.7414926071439,-61.1403728244824,38.8593130399902,26.580765408809,0.859016323207639,1.16362224343553,161.126715932019,1.42267668740913,166.408516019797,1032.91028386345,30.9432239498435,1.16312246903017,CLEAR
0.18248516815053,0.330395873956244,-1.47786507480473,162.015704905999,-35.7860340084656,-10.1893642628869,36.9569148572007,32.5096709093153,0.839940507317852,1.52530241245788,166.23342627259,2.02430463937121,173.330212286889,1201.45713983118,38.7046843453742,1.95416144498993,CLEAR
0.224356700063083,0.125540057641996,-1.37618738454391,138.856722421007,59.4909636350525,-67.1938177605284,38.6321886792615,24.1780137154328,0.829542185907376,1.3999956972483,165.334126123335,1.45193462895784,167.056313693287,934.049587744371,29.1461784343226,1.62589269031447,CLEAR
0.176890203731444,0.168621609842965,-1.24299870603289,128.098535450118,3.57096116885893,-37.7172171997651,38.2173348145672,29.2053188879793,0.718411457531583,1.26679484316981,133.583588144011,1.7641954870339,141.336707041542,1116.14945030811,40.6525785874131,1.15288456178478,CLEAR
0.128305736133639,0.247492446758473,-1.47595726048027,180.898166801102,44.0976283625241,16.3159988758167,37.8935877585624,26.3508425462311,0.85139712933482,1.50205349701391,186.90896018788,1.81030713307911,191.605871439143,998.527964537669,30.9500827383994,1.92089215560555,CLEAR
0.298601523657102,0.245137157262548,-1.18047672826419,88.383448954407,-20.3511698793042,-89.7545031002338,33.9610852049208,25.6772037479074,0.688854769220874,1.2420871152115,127.599666893384,1.3631420550942,129.045167846675,872.025704306795,37.2751523543882,1.06275163762282,CLEAR
0.108428485138545,0.224903482955341,-1.55585814476752,127.258028174373,48.0801632747023,-45.7242448784081,41.445124777321,32.9076132474106,0.720203435381689,1.57576422083835,143.516599754357,1.82991466057917,146.367727849546,1363.86013716275,45.6920446900197,1.78828881010712,CLEAR
0.289290722356204,0.225325720323369,-1.25901919589861,127.815717365714,21.3381500045124,-64.2179871492313,38.9334612156157,30.1943479921735,0.851796441792474,1.31133143709812,144.624078648149,1.50205090661395,150.262581514293,1175.57047648409,35.4478030934611,1.46474076082323,CLEAR
0.227631053119536,0.259729722483501,-1.23434414296406,148.808962040352,-55.00915076574,9.1161272599609,37.5348987212923,26.2806810259387,0.759592879089666,1.281749151884,158.912610033674,1.36145854168276,163.496984832722,986.442700635196,34.5983317525343,1.24792062398723,CLEAR
0.28278133410149,0.238216701359746,-1.42389051100082,168.072016946292,56.4653978195053,-2.76758282390042,39.7331075067498,27.6501606216539,0.728464529349788,1.47111409042301,177.32513512189,1.52195494683135,179.93480430274,1098.62680455907,37.9567179332889,1.57652593718589,CLEAR
0.257342695041536,0.370526866670993,-1.3772283147462,103.374667777682,-33.403254444791,1.45649404000693,29.2171744460068,26.9429609694415,0.880516701783948,1.44923195264075,108.647230616055,1.81465384844237,113.687736860305,787.197190736126,30.598999787119,1.8493256771847,CLEAR
0.153367959394761,0.142775197818441,-1.12056096983937,121.653898985981,44.8875259492991,-56.7797541397653,33.1115421538928,31.9831765822634,0.738907593681415,1.13998393638172,141.557414516204,1.22772267715504,151.138179602778,1059.01229961901,43.2843478283501,0.960257246411705,CLEAR
0.0884219305433202,0.22978830657295,-1.49527593855747,157.32815149206,-39.3380205575869,-46.3197462969979,35.5049887317784,27.6160979671896,0.639975159024961,1.5154112432167,168.656888416441,1.9365931887604,169.318002476597,980.509247140756,43.1517605425556,1.4696845444986,CLEAR
0.303580722403361,0.280585195063903,-1.39606775829404,112.25579389594,-1.17801628920881,11.9228594003601,33.7327434346034,24.8331015274969,0.814888811152445,1.45598574596462,112.893337101293,1.92877334435706,116.503028894609,837.688642512509,30.474183365205,1.72747830272294,CLEAR
0.233476124113136,0.339816692086649,-1.24115030174067,92.1164815336929,-38.4193071834961,-19.7068179825759,38.9509572019832,26.6077413368225,0.818523260896883,1.30783812311102,101.7342027521,1.44042519144325,105.291501145624,1036.39699405201,32.5069672433015,1.40003538168231,CLEAR
0.257639856488973,0.386729587891756,-1.4569312251191,119.473503042575,-18.5852412937949,-1.81968562755337,32.3043970561505,26.7332921808783,0.877064836700494,1.52924382115136,120.924109998775,1.56481356896941,124.686629754573,863.602885229176,30.4803710989913,2.05109213103563,CLEAR
0.413575627170401,0.247747802348632,-1.42584809648194,140.896966628959,-40.5378473932389,-41.410408511297,35.9426752917878,26.849917753313,0.865559749387435,1.50514669291705,152.3485943801,1.98598085489542,160.52733758897,965.057875418536,31.0202579914985,1.96089667415049,CLEAR
0.207527372246549,0.385414989952471,-1.18934369350075,152.952175036897,-11.0475446920737,-8.22544687715784,40.0887570244513,25.2975793821967,0.595775166750346,1.26734002776746,153.571071717853,1.70728172222949,163.430107632831,1014.14851315965,42.4615498135516,0.956904728513392,CLEAR
0.259667745120852,0.34125775206131,-1.12578920259355,122.949401948228,-19.7282996703438,-27.8202398309782,34.7713170776663,25.6565473143705,0.701334022329869,1.20469312269736,127.592033417306,1.30433004449186,127.894410277481,892.111941786125,36.5824413404285,1.01783591120255,CLEAR
0.15605640562397,0.308819702502574,-1.40474287548201,149.708446807068,59.1944881891045,-38.7465313032687,31.8616448897595,26.6318229604208,0.742152272636496,1.44672933080363,165.58351417152,1.53633089461194,172.016701682837,848.533685931873,35.884532134193,1.55334382195298,CLEAR
0.250253633400763,0.403599426153044,-1.08667668885701,150.779970597971,19.1331245373412,17.5593394685346,32.8857112917308,29.326811764036,0.741590366712048,1.18591129682054,153.0000208845,1.41993675391356,153.260618136171,964.433064779021,39.5457836760703,1.04296201575446,CLEAR
0.176742644037404,0.27341826871864,-1.44133985802179,131.754730627245,-52.2097017913404,-3.68910600015401,29.0014986064664,27.753472039189,0.712038297445909,1.47765222505592,141.770136160191,1.56075485805799,144.318114804062,804.892280669144,38.9774442769394,1.55470436271927,CLEAR
0.229405321480774,0.256360240274687,-1.41562873275972,132.191891374643,23.7843024318111,11.2611923976536,40.1782124041824,32.9125174188684,0.915008044539264,1.45682946267993,134.785769432793,1.78703988701609,143.48640137941,1322.36611561165,35.9696088418895,1.9419692295937,CLEAR
0.288184365536669,0.260060185801344,-1.56400725047524,90.5683822130551,32.8429692881011,40.6751421711391,38.3861619429211,27.7205263054482,0.908185008205999,1.61145903091513,104.574182659926,1.86417086330226,107.490270874456,1064.08461190394,30.5229612160689,2.35837501850056,CLEAR
0.265240834065136,0.259338118390259,-1.40645370865738,160.995712442048,55.0572434885012,26.1789928075573,38.3095527608109,30.98948795389,0.803076182487408,1.45455181905007,172.151849103321,1.61483542793041,172.204759519096,1187.19342380006,38.5884303895982,1.6990851393124,CLEAR
0.258851459775652,0.379927398318164,-1.06686306328866,166.420537515032,34.5140353238433,2.41592815111701,37.5814923927214,30.4087483336433,0.58678218547904,1.16169948869338,169.978971199261,1.22585727508247,170.436130217257,1142.806144173,51.8228011404555,0.791889376441281,CLEAR
0.294462097477403,0.309047146137722,-1.35618983383814,132.243752261455,-37.1646194488755,-24.5600505974969,37.8951418142231,30.2495052006995,0.75576082525028,1.42178371449127,139.545028705147,1.52707204488681,146.048499532074,1146.30928939059,40.0251827891439,1.5277470273536,CLEAR
0.18949366762461,0.372974674706497,-1.13505160235588,162.935529866685,-35.9459208346412,-41.4303322661558,40.0914748677679,27.5308574549997,0.598842102814013,1.20969421675599,171.920238916981,1.64985913744251,175.382110102708,1103.75267974522,45.9734065995415,0.876321638292112,CLEAR
0.18074349942662,0.319559755278897,-1.27750568800811,103.259997594595,-40.3564616402141,-18.0901379860007,43.0326763176832,26.7584388670126,0.783129876084681,1.3292130877598,112.332204606277,1.38771817711916,121.293072113563,1151.48723853066,34.1685402582941,1.38363968581388,CLEAR
0.161553569100555,0.253793555453297,-1.51959056969767,112.986643219938,-40.2706228871556,26.4910979910916,31.920544298748,28.2218449844089,0.777503812221057,1.54908560899417,122.839256292941,1.81961454507502,125.983732546389,900.856653017226,36.2979682450956,1.86574963721255,CLEAR
0.190277035258675,0.25243874521148,-1.06350628808872,110.270762188029,-52.2624215903296,-67.157304310033,29.2728823135828,29.9573704987005,0.691511762140263,1.1094937111291,139.287850246188,1.21122575553384,145.058483096265,876.938581032855,43.3215005403242,0.85123458693256,CLEAR
0.273358822890057,0.442589826465058,-1.63685086460452,139.210755704318,18.0531693901149,23.038599821538,32.02913463296,29.2954186457719,0.915047001218417,1.71752483344456,142.254449879547,2.07082054026223,147.481313172984,938.306907934355,32.0151714519502,2.69928941994858,CLEAR
0.190004326099813,0.319005465996005,-1.25056908234813,140.408118498572,47.4371909246074,17.8884207356923,35.1693542201864,29.6287394198995,0.658393111338009,1.3045264125333,149.280683343639,1.64805379600336,157.278251025891,1042.02363175605,45.0015255447639,1.12044626055012,CLEAR
0.262248644334065,0.280579117638893,-1.53384128132841,122.106610063371,-44.2817217063799,-32.1837821936965,41.1056728256295,28.7269349692787,0.603959340105386,1.58119197728083,133.81588446347,1.9073855710985,141.743428621016,1180.8399901303,47.5642737804042,1.50999985711622,CLEAR
0.274806290938751,0.308617743291176,-1.22142564719876,108.338042826649,27.8914916368257,2.8903735195607,31.1561162182543,25.9570476105585,0.839143099692291,1.28943554342532,111.908092148506,1.47751469769829,119.251022616049,808.720792037322,30.9327654452636,1.39519625717188,CLEAR
0.137909190159306,0.339934373934915,-1.24550870454597,156.576246066379,-25.5221563492098,28.9877625748259,38.0739210953985,27.2985307026147,0.881403859755418,1.29840912520388,161.269314117867,1.3088645858296,170.596134666071,1039.36210399166,30.9716135558746,1.48592902543358,CLEAR
0.244608432254505,0.21136717313347,-1.47252026283089,90.4077865298585,-10.7512437820451,-15.9614553499287,34.8561907303604,28.1363800439184,0.695495838284333,1.50758923167287,92.4333552619248,1.83260109409672,92.4975204334874,980.727029272727,40.4550797287962,1.58074053135501,CLEAR
0.23216877096106,0.338179785262768,-1.36557553167605,88.5346423746457,10.9976810514989,-32.5280314702998,36.100591863663,31.816698876034,0.769124736632998,1.42585568627483,94.9600164292831,1.81463514108732,103.688258663378,1148.60166057277,41.3673569360947,1.56368015049795,CLEAR
0.123975510105242,0.294104524056769,-1.38685316756728,116.376876782314,15.4922341287616,-25.0519384274824,32.4659287263525,27.5217429777967,0.719220385182441,1.42310544464137,120.046600896821,1.52589411328645,129.309654539193,893.518945942141,38.2660242656932,1.45658605810846,CLEAR
0.0987335435604891,0.213257300425555,-1.42059812783703,104.382432204104,41.7593216051783,-41.0150545058804,31.6125336562927,30.3229450810617,0.87921781148576,1.43990486825445,119.673588522653,1.74465364333397,122.052693583663,958.585121932976,34.4885080766414,1.82290517426148,CLEAR
0.197823849368795,0.184678751092128,-1.33457892048295,123.844334850443,-1.03965840023803,35.4410249246987,39.2243509589138,30.8489277678378,0.797474369712201,1.36174205027291,128.819899129952,1.5761152948159,131.703368457984,1210.02916947185,38.6832357956972,1.47878974835242,CLEAR
0.234705144642691,0.241752568026743,-1.46398912443647,139.800323390039,18.2924350347449,-18.2251334501318,32.1765297183068,29.1609688738306,0.838572145461428,1.50226328103216,142.165041725225,1.66216192660608,150.622243782188,938.298781583429,34.774508379689,1.89248539611735,CLEAR
0.285767456292926,0.289024729834532,-1.58615219887657,145.43822382621,80.0718172354162,-39.9307231846243,34.4249322693343,30.9741047657281,0.726709297657398,1.63739950272774,170.757827109482,1.85518765435545,172.170343522402,1066.28145866345,42.6223556561333,1.94836367922169,CLEAR
0.25611859184175,0.157672497554291,-1.30543106085131,155.767837375366,-45.1122873232827,39.5232853529359,40.6241389074748,27.6261625825932,0.808196023952538,1.3396296518842,166.915630524006,1.51058629639946,169.777777920862,1122.28906623575,34.1824601722557,1.45039473027539,CLEAR
0.309206476343657,0.2076670376012,-1.51114493590866,101.946463954461,37.9773131273488,-22.6100581349784,37.6655882084087,30.2303238551159,0.637557689304539,1.556371826024,111.115131976064,1.85150754625759,119.434112231748,1138.64292973363,47.4157506787206,1.54435169419993,CLEAR
0.209370601986613,0.366943114412791,-1.0977147173878,129.414173396396,49.7638135246498,-40.1404644601668,32.6373365276459,28.8757636659703,0.726945629054609,1.17620614645604,144.345842681618,1.48764994773082,145.174352242584,942.42801625904,39.7219857852881,1.00570085346763,CLEAR
0.282077051418093,0.363482716987979,-1.3470320752492,170.002943647408,0.403549546849467,-36.9275346462058,32.8508594097234,26.4643649965784,0.751240926279678,1.423440395744,173.96783184275,1.59462540948264,183.42160249006,869.3771338702,35.2274867400385,1.52215126336331,CLEAR
0.0991297254853165,0.189281175454452,-1.05459537245103,181.12641519387,29.4612180145922,14.1008994942108,38.3998435474774,28.2148017537786,0.842032888923682,1.07602298555902,184.047757428422,1.34126965977295,189.598973200965,1083.44397306819,33.5079171098966,0.974927121543401,CLEAR
0.17593712267428,0.326067551701154,-1.05961167673838,84.9086042967846,19.1637788218142,-69.2908959005796,43.4794313473001,24.2024077580791,0.674952706968887,1.12251985500819,111.256234688508,1.34515497509954,111.742595822021,1052.30692655676,35.8578781154761,0.85047471517627,CLEAR
0.300448220461131,0.361788093569241,-1.53612723611054,173.187534400375,54.5900628460859,-51.8311267414598,39.884834055462,27.1638932763458,0.693562824133651,1.60650136736553,188.839780587963,1.7378232755273,193.838818139621,1083.42737562733,39.1656720421901,1.78997928661583,CLEAR
0.341017097724716,0.231102654057004,-1.55659670465841,123.333906791639,-41.5846858242728,9.37211340628437,41.8676311626068,28.9150024528105,0.711402144336104,1.61018458525915,130.492816542875,2.06366587210199,134.656173549843,1210.60265776014,40.6450304345991,1.84444835477665,CLEAR
0.281292510262955,0.204341126606201,-1.22750496767228,174.112061272595,61.8941983988329,16.583397565338,35.8271344083286,26.5176757329833,0.663827275851996,1.27579356402705,185.528732952165,1.73202159311002,188.87602486825,950.052332682068,39.9465896491815,1.0804779464361,CLEAR
0.119864072581068,0.225295741443159,-0.913454393858966,163.120603371493,4.154669844136,-32.634171329847,32.071402560816,31.5781741387481,0.841310272668385,0.948432652679352,166.404872717657,0.982960154614423,170.464114235628,1012.75633493934,37.5344716808461,0.756779199563977,CLEAR
0.247545873818839,0.325845689781834,-1.20203839611524,112.056021397682,-7.11818368180093,-28.1997509146148,33.0787207402317,29.3197694379245,0.691903343644802,1.26978371344471,115.76893547948,1.38250126779566,123.17211653186,969.860465405083,42.3754666482859,1.11559082587924,CLEAR
0.146963031448805,0.312999170802127,-1.48846463246112,178.637540372481,42.5741931995189,-31.6626364143093,38.1624724655176,27.3056159705962,0.82991255549024,1.52810129756606,186.350356322773,1.63671165018504,190.865289773452,1042.04981763187,32.9017592133031,1.93792347665418,CLEAR
0.290287088499691,0.263965385370184,-1.32616031564775,129.956231404277,-10.5752443934478,-47.427993583403,32.2331286363914,27.0379079848408,0.78576972085403,1.38298427367132,138.743909596532,1.83185248313219,143.554731169595,871.516366134287,34.4094113807831,1.50289892158808,CLEAR
0.33993274339588,0.374919377787028,-1.22471527122095,118.475493329423,-39.5424348166984,-80.4738868786098,36.6126039645497,27.9683884583935,0.635002338541419,1.32515897364605,148.580258245281,1.41767351709896,155.469751991155,1023.99553015384,44.0444746678591,1.11509351053803,CLEAR
0.300957707521941,0.274707946008876,-1.53088436345845,136.784159681683,-5.39994114131913,3.66506462201779,38.8923641487154,28.809448246837,0.737999738072662,1.58418652045738,136.939761949688,1.64828216688877,146.930231918145,1120.46755213956,39.0371537053944,1.85211877817483,CLEAR
0.224675906861024,0.276523470425479,-1.36854961448746,144.651592389245,-22.9527194715946,-3.29573792863722,36.6471432979687,27.1086913418896,0.601153576855517,1.41416849778722,146.4983699581,1.61565635104515,154.981025512895,993.456096226633,45.094377362455,1.20223053075653,CLEAR
0.102484253643923,0.167236933976424,-1.09728261697738,115.438525477824,49.7245100155668,-4.06773561101675,40.1750537119693,28.7619764877451,0.776504684893685,1.11467500010161,125.758206625983,1.53650031429148,127.653337722755,1155.51395025756,37.04026518709,0.964807347300774,CLEAR
0.263505664417435,0.42311701137604,-1.28246860207083,109.212382689824,-52.3943403679402,28.4778517721718,37.8769452175998,32.2957175705443,0.585935136007822,1.37593203167649,124.432710638875,1.55561107400747,133.349512845213,1223.26312518258,55.118152962174,1.1092859283013,CLEAR
0.173724797074363,0.336722480483534,-1.07079619715392,110.300702367993,-11.3277241696029,22.1030861352076,30.5306372867288,32.795814379154,0.732375357650367,1.13585510951917,113.062410616595,1.38534316705477,117.113370981975,1001.27711333283,44.7800014795269,0.944886393418656,CLEAR
0.176741615798932,0.268132451031509,-1.22564314981021,137.364913307298,-4.36890093276911,-70.6414066145065,34.5882643926244,33.6438831419657,0.647142723040202,1.26701765604434,154.526421791738,1.54180741257603,155.964849498425,1163.68352530887,51.9882708340442,1.03888004836309,CLEAR
0.325397944846718,0.200044852877044,-1.15666441513692,106.68071858215,-35.3130113364123,-3.85931240682146,32.1598008143067,29.7347792971303,0.74000821961765,1.21810276040944,112.43966728474,1.40697000005707,121.481751021958,956.264579453081,40.1816335646383,1.09800520389637,CLEAR
0.225580913181779,0.373114716833616,-1.6187912705952,148.98597811899,-3.58481911567676,-68.2893801969851,29.960296642643,33.545858667358,0.681364056632418,1.67648039596799,163.930204818552,1.94151638224486,173.133069163607,1005.04387680622,49.233312364381,1.91503263146514,CLEAR
0.268382109964715,0.276165615854555,-1.16054432379759,132.348574992018,51.2661095491671,-25.0500254421509,33.7814419765385,33.2058172568251,0.710844315509751,1.22276716173941,144.124470737545,1.68210799509168,149.32155731575,1121.74038894498,46.7131407245935,1.06282565398034,CLEAR
0.210986659988531,0.300866959131854,-1.22069919653939,124.415895863788,33.4000219501488,7.85082975081488,34.2356775453509,27.0847249547362,0.608607154839654,1.2748108982207,129.06011055952,1.47322243063649,137.300650401292,927.263909954867,44.5027309268836,0.989073551675211,CLEAR
0.178018412108758,0.214763680089171,-1.17530157356681,108.615867508154,40.2242475820628,-4.24851188017414,39.8521754193328,25.6804394009982,0.646727357440223,1.20795189563318,115.902746392344,1.41558398995132,117.03012059776,1023.42137585413,39.7082316022796,0.943670789273553,CLEAR
0.238005379365984,0.248612749835878,-1.33532376297049,157.342521344861,36.3018268719935,17.6085053753988,40.8140831794653,29.581950563508,0.866893318571501,1.37896497850445,162.43322049063,1.83511677794208,170.507676428423,1207.36019090985,34.1240563350954,1.64843614567929,CLEAR
0.206202371644034,0.326197625418812,-1.58490725737021,106.354762011734,-44.4088952380452,-26.7620991517051,38.5173821729823,24.6639666709069,0.579286654012295,1.63121283815609,118.320308188586,1.93429951074276,127.856148662767,949.991430165019,42.5763720322329,1.54139797708306,CLEAR
0.1578038884127,0.297141264673555,-1.12628565059337,125.410907591842,1.96184547484642,-26.5257121840331,38.5275406697968,31.0179598853329,0.637103710007915,1.17546346821264,128.200460169013,1.60991435692116,133.608505289847,1195.04571097629,48.6858116069297,0.880295348178027,CLEAR
0.247098661719883,0.294918066625212,-1.02344296392704,107.930232935008,-41.2636189909401,8.74454908475658,30.7426843703393,32.3966299852568,0.733537929556773,1.0933754684725,115.879629669456,1.58322798116262,119.963583625882,995.959370299418,44.1648407192674,0.876922526338666,CLEAR
0.245449083150174,0.190565477114913,-1.28325908376503,94.5753011527457,59.4440375468174,2.76342760857099,32.5067036158951,25.3108120868533,0.912736162523846,1.32034629152838,111.739508322472,1.69452944753053,120.876537979454,822.771066784955,27.7306689440204,1.59118603122882,CLEAR
0.12377576223656,0.451905480340759,-1.22684001879223,88.2711875336019,-54.5353356177527,8.48316983182581,40.3224483579538,28.5908972619737,0.674914168340295,1.31326898775132,104.105088972292,1.61309917087687,110.32553169751,1152.8549783535,42.3622087680775,1.16400788632286,CLEAR
0.225136695962734,0.313095925001552,-1.38379787887335,152.590946685372,-33.3877469215866,43.6687061861207,33.3882468728052,27.5858588556028,0.854699340919602,1.43652781375648,162.190303516603,1.69473613755273,163.506560922599,921.043465669224,32.2754742626195,1.76376795280582,CLEAR
0.135914984668733,0.277416719776652,-0.93748362152055,107.518479219144,8.2406857953845,-53.3031539436521,34.4150676991817,30.1185419013203,0.646484134402681,0.987070645946087,120.288646581115,1.47677591175821,129.658802441992,1036.53165853458,46.5881430191714,0.629874961461474,CLEAR
0.0435020253657523,0.230650156745817,-1.54917928063215,119.154035458679,10.9967435150179,-34.7042765615189,34.1454914031972,30.072972634223,0.749021386677234,1.56685939527379,124.591329335879,1.94866184698729,129.898269020383,1026.85642855045,40.1496312648689,1.83888373038071,CLEAR
0.18876555496077,0.34341723034562,-1.4704890669876,79.1599541208871,47.1479014768909,-6.85154231172042,33.9861266659241,32.4622115872137,0.752811338291214,1.52181008176709,92.3913772066683,1.9033240764146,98.4696312408122,1103.26483485907,43.1212533802232,1.74344023873169,CLEAR
0.17356929198703,0.21947788900065,-1.07519971914851,162.143697732249,7.89819206754336,-48.9438816380104,31.912143124344,28.1086968461507,0.742477044866686,1.11101362680126,169.553719222016,1.2491708444254,178.263460364746,897.008756793158,37.8579501986456,0.916477489913373,CLEAR
0.0853443758960765,0.391600244925138,-1.37830940878231,171.8810889356,27.6506354673685,-51.715558803796,39.0744894551021,26.2462946924283,0.814396856085389,1.43539933142675,181.609926484831,1.61561190923953,185.742151109341,1025.56056519479,32.2278533720457,1.67795986076256,CLEAR
0.0689481483223901,0.185453759718015,-1.09700667736221,138.112335017951,25.2243499216953,-27.8446916585044,31.1961734970341,22.5347826202236,0.587949470080903,1.11470650591441,143.131449257807,1.50217027862009,146.520810863936,702.998988338444,38.3276887543313,0.730568722473206,CLEAR
0.197319546078775,0.36409459630891,-1.24491084629277,174.337068392508,8.30873918406283,16.1689803561612,38.2558491745044,32.2120610550666,0.917108914588675,1.31198433433615,175.282299415203,1.49151831574358,178.044736193157,1232.29974932256,35.1234465385905,1.57862222837599,CLEAR
0.214281540702587,0.426896623415245,-1.3003249130061,156.477793002533,-36.942609645225,9.70861976610319,36.9514872988692,26.4596355669478,0.89746442428858,1.38528054384429,161.072385616238,1.55087547764588,163.638914171789,977.722887584779,29.4826238993244,1.72223619130733,CLEAR
0.314682209230324,0.326665674279022,-1.51281355057043,138.675300321356,32.6038781616921,-44.067377530724,39.9414323570357,31.1579184325363,0.785161893124329,1.57934802825336,149.116684354354,1.87110867344438,157.841250544494,1244.49189145919,39.6833812516946,1.9584608690902,CLEAR
0.144056367527743,0.194626521083331,-1.51190967994621,106.76412691159,-37.4046468483268,16.4031651033565,37.8545351749993,27.1021568101433,0.694392697698767,1.53117686765747,114.309886827212,1.85555307109345,120.849168756869,1025.93954828792,39.0299579330289,1.62800548521003,CLEAR
0.0964521309337361,0.326887594931202,-1.22775267989674,134.352166696487,-15.934086786862,5.00552556041805,39.5863453355556,33.454008601738,0.80743977062744,1.27418018987708,135.386318008534,1.42960607041878,139.934933786317,1324.32193736705,41.4321518292194,1.31090685418843,CLEAR
0.0938161904624868,0.47544691155083,-1.08586655722716,152.496993112184,46.7031509070239,8.37051983577248,38.2413467193436,32.6852644608255,0.633771625197935,1.18909941695406,159.707804490648,1.30507341070883,166.870972582358,1249.92853085987,51.5725406262498,0.896126094189214,CLEAR
0.153220084376456,0.260567072930364,-1.03010774492562,79.5220878803272,-45.456816820879,-10.709555544271,30.2177658497981,31.9608210496741,0.734749022318015,1.07354252822493,92.2213599785281,1.37231886122112,98.8314762326466,965.78460684635,43.4989044965838,0.846793516369893,CLEAR
0.174944823403362,0.234816623287901,-1.17433559839185,133.48852228882,-13.5834944818844,-12.2833739791396,39.7610205552337,29.1347053476185,0.655174954118611,1.21029278914579,134.738926006939,1.47728686043887,141.62031537512,1158.42561819734,44.4685205012028,0.959705930528936,CLEAR
0.229886518622842,0.443584231819425,-1.41653672710364,127.071461601596,-47.2282769618539,-7.34678157776793,36.0339616162362,25.6268200227444,0.747312250090498,1.502062276138,135.763182409307,1.82483558528737,142.328891604704,923.435849045766,34.2919385139245,1.6860792336728,CLEAR
0.164081436189537,0.408897474355566,-1.43650528839556,157.661257728804,-13.773539941945,-25.3078488945013,36.0209147444488,30.1725296684517,0.674108261149574,1.50255359499247,160.272486119195,1.7971557860595,168.351739379998,1086.84211881165,44.7591086599194,1.5219121817838,CLEAR
0.20411081491546,0.397271194660342,-1.39933303865248,153.960981727789,-81.54960758163,-9.49304620816188,36.1881142104174,30.5528883534427,0.614673506351905,1.4688834466821,174.483352551505,1.64286575474933,181.434056986041,1105.65141319251,49.7058004483937,1.3262309778997,CLEAR
0.164063694546947,0.351754263033764,-1.56520632851759,153.364069915798,24.0480915825197,-29.5333836837889,39.6923110059178,29.0688395848012,0.832141475905853,1.61261241724797,158.022369940818,1.95443696183908,162.264478181491,1153.80942138106,34.9325270929806,2.16399955922835,CLEAR
0.226588227841267,0.245901159341058,-1.31488432330726,144.72112526103,22.339933353822,-64.5541318017925,40.993250122695,32.0703397787102,0.666725227175504,1.35673519481169,160.032848664751,1.84664002455539,165.735345770473,1314.66746006848,48.1012122690477,1.22726138666868,CLEAR
0.274638593664466,0.17857028423241,-1.6813683609283,187.542835447559,-22.3632336857112,-6.69743477432207,39.7406745176695,29.1592980425316,0.744776841546419,1.71298373275159,188.990171652254,2.07281409340104,190.510192301799,1158.81017267196,39.1516723725113,2.18540856834897,CLEAR
0.347070187280504,0.277141337660663,-1.28206882389347,111.258027900884,-26.1891106994301,-43.9487037013761,34.0678156921603,26.1595027965926,0.686223325295962,1.35682183986655,122.456959167914,1.82840116235901,129.653346327563,891.197119872868,38.1209202767772,1.26331347069154,CLEAR
0.0745405750531659,0.258045423626736,-1.64047550134646,159.302828880785,4.90651402800233,11.4659713155969,36.9660090228046,30.2553969467723,0.598622700096499,1.66231874455589,159.79028026616,2.12779423627119,163.700236824104,1118.42127652292,50.5415955664553,1.65417626730779,CLEAR
0.218754055281612,0.325966331553488,-1.14157812264055,145.835722942063,6.98336826755961,10.9051434388661,35.8482349800641,26.4758066524562,0.809584391397201,1.20719012425555,146.409520427521,1.42197166067798,151.070878019769,949.110938163997,32.7029204501377,1.17981380710099,CLEAR
0.329250752613283,0.226051380775482,-0.932182052056026,88.5493425865616,42.5981722633212,4.02789454548638,31.4432057528636,26.3469482401673,0.936437706259774,1.01413444030972,98.3453826427932,1.36182322117766,99.4215833551114,828.432514475628,28.1352618853182,0.963096835760659,CLEAR
0.23452307527879,0.260978257808089,-1.48670796518726,100.306447237015,-36.2556256728191,-44.7442018682006,42.7487082658596,29.2482085892577,0.71716595173504,1.52755075124789,115.662860724875,1.6647818016596,120.605940449857,1250.32313628119,40.7829843783203,1.67344313405985,CLEAR
0.182369511735279,0.22727190319144,-1.44675090417269,88.5560969490099,52.8748561260175,-76.8720012052642,33.9816315927075,29.8999441267209,0.894944680516634,1.47580464002364,128.636065263563,1.94493211435377,135.218590670456,1016.04888595677,33.4097865129203,1.94918891948819,CLEAR
0.245807068181889,0.285591684492488,-1.15710983965617,165.74798611919,4.31295117033228,-58.9972434236665,34.0374819461519,25.2923919220313,0.70893460394508,1.21691696760649,175.98770179179,1.56856222149055,182.461000859627,860.88933342114,35.6765717242644,1.04985197222699,CLEAR
0.162748537713057,0.39418734931663,-1.43404445051958,121.181513510411,54.1448779571262,1.33846950184497,35.1243552483541,26.3746032990784,0.786164049314298,1.49611304350808,132.734390895025,1.71590005144408,134.63075007865,926.390935811242,33.5484302209601,1.75971363229671,CLEAR
0.150962166853466,0.311291803376538,-1.19156639792037,94.807624615182,1.23970392834169,-61.6392083850875,34.1281842001054,29.9023925374777,0.686094257577574,1.24077501720636,113.090293842325,1.53561624579616,117.41802614942,1020.51436054289,43.5834415224721,1.05625764499486,CLEAR
0.113326775644265,0.0505952782097666,-1.11671226019465,139.230815938555,-17.6375624790054,-64.4671309404681,44.9100576296354,33.416599024573,0.389878930706023,1.12358760776545,154.441946014714,1.57856793959027,163.927734881896,1500.74138797999,85.709974771104,0.492202309983686,DRIVE
0.186021361449503,0.0181795103418286,-0.955523774144526,170.988976826403,26.7338450601839,-37.9839835050265,46.387480342522,28.7933808098597,0.479741736712257,0.9736324380726,177.185528954122,1.35637521316295,185.891991862663,1335.65238631211,60.0183777813598,0.454776036445859,DRIVE
0.14959370078515,-0.00979795053853322,-1.30552359754092,127.518800134389,55.2340087621507,9.32381868771206,47.0276403031723,33.6228575586255,0.445118343377686,1.31410278855405,139.279480565419,1.67134289457678,141.970330856149,1581.20365123184,75.5367252824515,0.768659794975753,DRIVE
0.151539756533313,0.173936179111162,-0.799362759258961,157.179254191758,64.2637055491292,-38.1618586700758,40.6835894580054,27.1914613436045,0.48965579340196,0.831984923603827,174.044446209402,1.27583383536998,175.392462758892,1106.24625006643,55.5316738376853,0.338939207987946,DRIVE
0.193974598400554,0.220415833262242,-1.10206299874339,153.784815798661,7.1781003254982,9.79049105846104,43.0368679441187,34.250899849057,0.511422435514283,1.14050521155172,154.263243871237,1.60481172024574,162.57865715885,1474.0514537711,66.9717057737383,0.665233826199847,DRIVE
0.124189851792243,0.0660103874035645,-1.13695660793927,136.384620941665,47.0951759806009,-35.8307967075464,40.4902505172623,33.6075468828671,0.473998722543793,1.14562245913307,148.669319036387,1.32067644129743,153.688713403479,1360.77799255793,70.902039145734,0.622100011545988,DRIVE
0.155391529530564,0.0909291275724386,-1.16593380256115,160.08839581336,14.782375242751,-42.8566156352141,44.6213901575236,36.6170960123508,0.585076191201229,1.17975262900561,166.38360074123,1.29908321773217,175.7402037302,1633.90572760261,62.5850683687939,0.814318559555869,DRIVE
0.317198910073649,0.31593564207914,-0.952644534606571,162.120297922432,-53.094593267811,8.51197064729335,44.7569225601612,36.8830509444067,0.469399924172538,1.05259778063781,170.805387728352,1.4777992287277,179.13912635876,1650.77185490129,78.5747301401766,0.520077320001076,DRIVE
0.171311525853548,0.129792792379239,-1.38424794904981,138.765931424045,18.2866735180185,-64.8073004943739,40.3872247978245,35.9715349979206,0.39387083131001,1.40083410591421,154.241279655303,1.64057878497229,163.116773696731,1452.79047028383,91.3280212963692,0.772906987367957,DRIVE
0.213920780901117,0.148719285327887,-0.996894996645512,129.243433664416,28.821621827172,-64.952757579928,43.7270389239763,35.4809136049062,0.418421050425219,1.03037816391199,147.490378490781,1.41356719244206,151.462340365739,1551.47529025997,84.796949799488,0.444228909620699,DRIVE
0.148758854082408,0.156813426448205,-1.21859249092673,126.122594271036,-32.1840842208154,-38.8540832682435,45.1038888793592,28.0908945580354,0.416305012984226,1.23761355290145,135.839478243273,1.45719562371555,144.643853431132,1267.00858666742,67.4765525404501,0.637649103947553,DRIVE
0.0731282704336232,0.262831876731876,-0.965572798130569,165.588702394445,-3.88940265907799,-78.35205083557,47.3549454824551,28.4877933138636,0.454946813498455,1.00337389235155,183.231519351503,1.28921858478741,187.447552465513,1349.03789929346,62.6177167328232,0.458021875374946,DRIVE
0.268256828889708,0.172980551336159,-1.03252046297921,138.752453610137,39.187216211334,24.9126036257398,44.5325806103329,33.2970920578645,0.518917519469784,1.08073239234203,146.316503227218,1.56304082173533,150.248613585653,1482.80543615653,64.1663205465986,0.606086583685747,DRIVE
0.114184621036588,0.088413778426675,-0.858976252009548,153.511316455419,5.32523186204685,14.2111975926188,37.0420781996075,28.2376514539802,0.48308540509211,0.871031185098055,154.259652894971,1.36114785804088,162.383247622246,1045.9812933316,58.4525897568907,0.366514638618785,DRIVE
0.0158878588208534,0.237748726834987,-0.866726643238881,163.956035034983,14.4467034494143,10.1577320527024,41.661540519291,29.3889201587482,0.45047232014333,0.898883727336137,164.904421364021,1.18673550461636,166.077871998657,1224.3876880119,65.2400904661732,0.36397801074749,DRIVE
0.124018594634079,0.0252074757093305,-1.09017980115007,115.020634607999,-26.1482976598735,-50.8882371332508,45.7859779607801,31.3712503991515,0.466683526197966,1.0975008097866,128.464362897522,1.44058654078981,132.999247434863,1436.36337937766,67.2215354015056,0.562124053599175,DRIVE
0.229167464795302,0.0314046425465515,-1.30266237793145,144.126759373668,19.3457430681282,-58.7451812427932,38.7114600699731,33.5426107376279,0.292689723431167,1.32303939826908,156.836784147284,1.63511298767533,157.087448580828,1298.48343621233,114.600867237653,0.512333823643468,DRIVE
0.15997401211501,0.144295293109318,-1.17214363966513,150.66183833711,-11.8673310963205,30.8659806685886,41.780025282458,32.6255814780274,0.358581140492301,1.19177746587737,154.248279864318,1.35284761622262,156.942004604734,1363.09761900688,90.9849593547391,0.509304816411763,DRIVE
0.121974671432794,0.0816958731715853,-1.07184371123938,194.007229335015,-43.0697482066579,-32.1033503727647,40.3334465274345,27.6625589003459,0.495257038514599,1.08185071867047,201.306813968108,1.29711276711862,211.082501956343,1115.72634021911,55.8548408084656,0.579649321985208,DRIVE
0.0568450573358349,0.314414801052025,-0.912213215420302,132.090537266973,3.05150007643791,-44.6887846959831,42.9736624283047,34.6129770627,0.338744995428642,0.966551073690131,139.478705062092,1.45144160156632,142.687370110404,1487.44639193112,102.179738003696,0.316462680939412,DRIVE
0.200910672455672,0.189488843476567,-1.13036833478141,118.548774253744,-48.2994685576886,-33.1144486642248,44.0124188852146,34.4489341323796,0.352041212666471,1.16361664322283,132.224117506437,1.54891331731951,136.289537853316,1516.18091918346,97.8545552007903,0.476665101822154,DRIVE
0.12860852206795,0.233240285225073,-1.03686402517899,154.387845566575,-81.8704113733802,-39.7560807584526,40.1577825202453,33.2480013556468,0.522197982858467,1.07052706145653,179.217513302712,1.41772789713341,185.345830290913,1335.16600767289,63.66921891278,0.598453608757021,DRIVE
0.015868443214619,0.224491802541593,-0.813129746820455,164.124274401718,-11.8794685731684,-16.6243339498364,43.5742593137745,32.6003283517927,0.495176872849848,0.843699213027206,165.391256421696,1.24087209677968,169.691183715267,1420.53516131521,65.8355918938204,0.352480942332051,DRIVE
0.191475685565424,0.0805235752786109,-0.782049238987584,136.304426183774,-38.0638195734858,32.8572815716551,40.8055171753736,32.8729171094395,0.561244103163299,0.80916499957639,145.283694577505,1.15214311418305,146.352303155288,1341.39638371386,58.5714101097017,0.367473452115756,DRIVE
0.148907451651547,0.186613707325006,-0.959661680487884,109.435965335423,24.9061872768654,-81.7925672551869,41.8936647673909,34.8790343625739,0.542961334882301,0.98891286062816,138.876105690506,1.33666176683508,145.544474857532,1461.21057299598,64.2384049901634,0.530988302232765,DRIVE
0.149814914121346,0.163125309196238,-0.888683040866373,94.0086643339775,-19.306563069577,52.3514276262208,44.4604271333631,34.675507906241,0.314789781470246,0.915866760024108,109.320832058311,1.10219373796854,117.98439217073,1541.68789257779,110.15414029689,0.264049421657866,DRIVE
0.113516574096813,0.0470891950803247,-0.789252817259312,161.356664615407,-12.1799669953597,48.9210052165692,44.8731943854894,33.4327449226844,0.546111094061869,0.7987636787184,169.049074422834,1.00851995121666,169.52291436876,1500.2340617561,61.2195651519426,0.348431664896782,DRIVE
0.183471743646704,0.323011657163535,-1.03540603073559,163.878235679335,-4.75647869597331,-75.2451710857037,48.2057685715089,31.4526586576761,0.352433808088063,1.10002911773458,180.389955348611,1.30237563447992,183.107894051716,1516.1995842106,89.2439053574328,0.426467484648346,DRIVE
0.231207528173881,0.0626991106045554,-0.986374937580758,141.537236751922,-74.5728947651874,-8.73349945441867,42.3113496438799,28.1151302743684,0.402089860597585,1.0150485786613,160.219162504832,1.50979216705856,162.798747099297,1189.58910732203,69.9223310686142,0.414282679546947,DRIVE
0.203306258888287,0.175597072099669,-0.863358493170031,195.379412487811,41.003127287329,-26.2596059928981,39.2134980063329,30.2952176337682,0.486989919203178,0.904187842409946,201.355253664575,1.14619060767624,206.804464259223,1187.98145628319,62.2089990575957,0.398141362061829,DRIVE
0.117581108331488,0.0812904992223042,-1.32586657308702,160.731645060362,29.4797959295352,-6.15454006893967,43.0583357578798,32.5358756106181,0.53389749121834,1.33355001103438,163.528586049404,1.34465666870677,173.384417265852,1400.94065621861,60.9401902155075,0.949459610381322,DRIVE
0.142114218546647,0.163995264848638,-1.21664115049901,133.355013804279,-36.1222278299622,-52.1311950122572,44.6840209482387,30.9125663204962,0.350619538785403,1.23584246046713,147.668671503285,1.47730620327734,155.490193895853,1381.29776102887,88.1653037998902,0.535503531150611,DRIVE
0.162613659752856,0.146488164412949,-1.35238640242516,103.835517501408,59.4972802779188,35.8341782765557,38.3500977419395,32.8154605011645,0.415372523662719,1.36998210430493,124.92329401681,1.44568685277887,129.549994357015,1258.47611766641,79.0022922303793,0.779592322334316,DRIVE
0.248048835956654,0.199311302882679,-1.11537772867201,166.433173009973,-37.9565544937776,7.16047642258279,43.1713705971839,34.7539512968605,0.440871301996647,1.15987960499949,170.856587610209,1.16476585606206,174.627501233279,1500.37571115325,78.8299721698662,0.593113287771641,DRIVE
0.174799042355607,0.180059368553558,-0.819326134299355,141.245087508628,17.7718136930936,10.9240236289818,46.6221917029306,28.8976246286161,0.478341727793927,0.856896373990618,142.777261493238,0.929538082597774,147.503719356484,1347.27059519467,60.4119660434461,0.351232648116669,DRIVE
0.16480617527881,0.0239892252721289,-1.23137336785752,180.123859571393,26.115784907838,-59.3666392150439,40.1620786920799,32.7795095105515,0.506230031192565,1.24258477755361,191.444605199354,1.58636126902634,193.6393369362,1316.49324045055,64.752074627528,0.781627738336037,DRIVE
0.192719334622615,0.134457696841776,-1.08609682059054,199.909221279954,-40.0420822642066,-1.50864201465725,39.0627544744859,35.5317306322616,0.356774291212027,1.11122721253318,203.88560789212,1.52714154662781,210.434253073111,1387.9672697416,99.5913436481383,0.440554141619827,DRIVE
0.199211792077254,0.172786602222753,-1.12070140997333,169.905133300784,6.49217860633433,-82.6244179616151,46.9112560531975,34.6975669542229,0.410656348767816,1.15130890656093,189.041522286797,1.38698268994837,198.53202489852,1627.70644781251,84.4927457363991,0.544329999611969,DRIVE
0.193872957795194,0.203757044416017,-1.24620062138699,187.716688242144,-7.04440677638755,-68.8162921350831,47.0874365792653,30.5080858771483,0.458044925417619,1.2775443810916,200.0571437731,1.55843031363633,200.685906657034,1436.547558895,66.6048624913164,0.747584121368381,DRIVE
-0.0699723926526546,0.0815755948573432,-0.850107119308854,155.790045352868,88.9444183026684,-70.9755348493251,38.8082257101499,34.491950085986,0.512080984346786,0.856873869195149,192.922715939302,0.944179244940615,197.376159869446,1338.57138412017,67.3563045378058,0.375986669153187,DRIVE
0.0132415369450675,0.214409316305999,-0.964115689049891,137.661345919888,-31.352160221441,-15.4637032268132,41.6857684596005,33.923488114552,0.452749895168947,0.987757943573029,142.03073691463,1.31523281663257,143.47725421095,1414.12667088522,74.9274898769514,0.441732568337662,DRIVE
0.0702089915675117,0.10012371799682,-0.875345011259563,138.920987701697,29.3086061032088,31.3570442888933,46.1047161484505,31.9154369229742,0.496459367263864,0.883845546540479,145.400479511808,1.35250849143181,148.316391788675,1471.4521600875,64.2859713029449,0.387825593143544,DRIVE
0.0890200802189215,0.298944985423787,-0.961576716846517,159.890429431303,-52.6486826636064,-18.4220822084107,48.7683155106857,31.3517640863094,0.363045118901415,1.01090180599974,169.340504082257,1.01957199615518,175.920751348748,1528.97272277772,86.3575244411935,0.371003961497383,DRIVE
0.13443463436681,0.100586302422719,-0.857727566923055,138.378143894864,-8.47775547645532,-19.0463446660835,42.0136288426577,30.8219925288106,0.384777089851801,0.874006209481464,139.939795236543,0.96985945338193,149.75976019907,1294.94375429662,80.1032941888189,0.293926160739801,DRIVE
0.0517035983083036,0.254430525911594,-1.0456864541273,131.972363551984,67.0698847827659,-14.6595007133614,43.5844805749879,32.1098387263318,0.532528237205954,1.07743599110992,148.761470641546,1.54574998488426,151.068558302621,1399.49064223381,60.2968559901125,0.618195157382715,DRIVE
0.293100678167404,0.24723127000062,-1.11070689742121,161.069287681137,-10.4299512730558,35.4782259238912,38.0482118419295,30.784861901022,0.397383389548524,1.17503239120773,165.25980706867,1.42185527128313,167.935359706935,1171.30894713463,77.468724767969,0.548667691172971,DRIVE
0.174443626840056,0.200115984132163,-0.988001308839271,183.674385540653,-60.938676367089,-86.71687788624,40.9961669533832,31.4698134020558,0.493667641340068,1.02304622198531,212.06041377741,1.20697298146714,220.835248786128,1290.14172422249,63.7468349551851,0.516684190317345,DRIVE
0.103470351585192,0.170710385319474,-0.962175030166498,187.407217298286,-64.8347857988954,-65.2473971451626,38.9103810793197,29.4440769364489,0.580943947275047,0.982664204084482,208.763592082753,1.02091150968343,217.177609800482,1145.68025412603,50.6830760376829,0.560976286838334,DRIVE
0.0364457477355711,0.139777359041147,-0.801236000916954,160.005217088077,2.66113350205726,-44.4671515552934,46.0590507347321,29.5239866721381,0.35111375135435,0.814153014975635,166.090573767327,0.975794975809644,173.372820992353,1359.84680002356,84.0864320233076,0.23273404079113,DRIVE
0.213610049278055,0.291471560820833,-1.1146151068104,119.233789432502,34.1501554199516,-41.9044043320681,37.9109932285258,35.2762846737653,0.433426166219191,1.17173024209921,130.915655137446,1.23572695823052,140.585936112588,1337.35898939466,81.3891869803229,0.595073217848993,DRIVE
0.0811684171083784,0.229512863347124,-1.22949067142585,172.976303311977,-29.0249407641749,-19.9146980752705,43.2543378865647,35.1860381623462,0.437121492257329,1.25336019463715,176.521511134678,1.74124488489851,178.520324283634,1521.94878356368,80.4946869254958,0.68667930038579,DRIVE
0.137469724658206,0.216368268680214,-1.14859807517691,92.7820832936608,-0.244077992071874,-50.4026244587898,41.1834808572293,34.8038837481872,0.57094459937644,1.17685627465268,105.588820936271,1.35254283970186,111.069455434649,1433.3450801007,60.9583185967251,0.790752955321222,DRIVE
0.12218256727482,0.148574833462794,-1.18449949995671,151.564080257111,-9.62200193143082,20.9921670671373,45.7131282781077,29.5539205173581,0.328544059045253,1.20001755248916,153.313158024766,1.68840138934714,155.749244513082,1351.00215973099,89.9539338781758,0.473117285364867,DRIVE
0.130551877798693,0.142924775772477,-1.15700291991084,202.247850675479,-20.3347504668484,-64.0026337297194,46.9179981735488,30.6418095012903,0.419150038972699,1.17308441341984,213.10568341492,1.4049208326367,215.358923140999,1437.65236221577,73.1044579452566,0.576803702870131,DRIVE
0.238925470858721,0.202049538136993,-1.12374237286808,125.559219166274,-32.9204918199364,-63.0462620207028,42.4515372858498,34.035817627699,0.427962950260748,1.16649317060394,144.304218420995,1.22754118658165,149.940386123874,1444.87278107665,79.5296370335908,0.582331889889843,DRIVE
0.29134088788106,0.114640623243596,-0.849037234033543,143.805958291345,2.71039332954185,-48.5852174434854,39.8425482264805,31.2773904911942,0.426468603605299,0.904923317317183,151.815754209251,1.22984013540609,159.345721935629,1246.17093904387,73.3402573753923,0.349229258586008,DRIVE
0.239847935495241,0.211843235998604,-1.04612606908907,193.085799363363,17.4859642753182,-83.2068244727629,45.7601380141601,34.7838150978379,0.505178745884437,1.09397638970292,210.976919356757,1.47384468099051,216.007973966363,1591.71217953609,68.8543342863847,0.604590012595406,DRIVE
0.0755759662642764,0.0182633594547384,-0.788587827069488,177.650231846681,-48.9105125389694,46.718720647342,42.2835250880898,32.5504088764847,0.500465080447241,0.792411533218396,190.090720370377,0.956625760108614,198.220521555662,1376.34603035642,65.0401898314387,0.314250050460537,DRIVE
0.17602783637381,0.165429918651261,-1.07599343897633,175.857891479245,-49.784018135535,-66.1276223524915,40.5599982738307,32.6675019632071,0.550451381188842,1.10277592369598,194.363856967387,1.43344792792828,198.483309851598,1324.99382323804,59.3466448317533,0.669412037152093,DRIVE
0.102878681759554,0.210219857991635,-0.981248027784349,150.02693668418,-24.2469837238182,1.96763574701651,41.7419569596702,29.6349089728109,0.576641666769385,1.00877356422801,151.986412356418,1.341057957975,158.068137077796,1237.01909484682,51.3921544148635,0.58680445940911,DRIVE
0.0203499207754251,0.242573102336772,-1.01015334292409,112.958052414943,-24.5564878436344,1.12663023389978,36.7531723687524,31.4324068701375,0.443334236616625,1.03906958644432,115.60195498466,1.45067691823439,117.156982867646,1155.24066766292,70.8998614908626,0.478652727003851,DRIVE
0.121358616082912,0.0673861548356159,-1.29650470161894,132.921633248388,12.7460287539653,-72.3312321836338,45.0343382602392,28.7739185966694,0.38486477055804,1.30391458649756,151.863191668088,1.79656669396482,155.553343238912,1295.814383155,74.7635170437434,0.654344484634957,DRIVE
0.173584788444499,0.268514290836355,-1.08932947544076,161.450997913917,4.91114109145341,30.0671337227438,46.096828163776,28.7821037670428,0.547348819913324,1.13528424160063,164.30026343412,1.61491669757408,171.317259071767,1326.76369154134,52.5844765448185,0.705461642776564,DRIVE
0.0754547191487094,0.121689505039422,-0.816058654768282,106.476839709576,56.1115009907518,-36.3581627157618,46.1747487823843,30.4803746731918,0.522098252820009,0.828524880918351,125.728811073834,1.2407232016627,127.717157742839,1407.42364332758,58.3804219380864,0.358396161663049,DRIVE
0.119009930260289,0.210842260693438,-1.19305220061852,98.458516315129,-44.192682191269,36.8176318285041,41.2324771853901,32.9167379449965,0.428938383272582,1.21737068134384,114.02899020729,1.49203306412484,123.520304653659,1357.23864633453,76.7398360436364,0.635682984757662,DRIVE
0.155276461362637,0.175722939475866,-1.14541098650864,109.221053258514,2.16296013122517,-104.559599674117,46.1511500540375,36.4789413022553,0.547476964747608,1.16916878975024,151.217150996307,1.41068474675688,159.9273731614,1683.54509385281,66.6308849874394,0.748376735093398,DRIVE
0.116834648949954,0.139477896669405,-0.809039648867397,134.777132545408,50.1687045849271,-79.7697916088024,39.5429707045947,31.4444941420784,0.442346447740737,0.829246388170646,164.453622733596,0.961600255487135,166.129315088666,1243.408710681,71.0855105023873,0.304179345594715,DRIVE
0.261050640565106,0.0851207165343436,-1.21636299541308,122.611095712525,-34.0675448393527,-5.37111032208528,43.8124090993697,29.757821177274,0.330693167257786,1.24696908940561,127.369255431989,1.44219259032269,133.950008756872,1303.76183532462,89.9859269488624,0.514205358165961,DRIVE
0.147363893993375,0.114432786377223,-1.20655805382986,154.308553325814,-3.69201619894076,-46.5451164120561,41.9917109623078,33.3312599173208,0.285297766483413,1.22089856954321,161.217891299107,1.61478570001072,171.026771055133,1399.63663245769,116.829316607854,0.425262944107341,DRIVE
0.0626888211081414,0.0584692747495293,-1.11140676136954,179.115632972831,39.4620808306883,-42.1087573678522,48.3761494645394,29.1294811313617,0.470094973564624,1.11470782431971,188.182924958165,1.540363540245,195.074774874333,1409.17213303523,61.9649662397232,0.584127572429598,DRIVE
0.304222701048203,0.267928636635028,-1.00250939980995,189.733359932106,-34.4322631039788,-17.2703048908387,41.4670378050365,33.4174622761566,0.446492033332916,1.08137056685924,193.604214945363,1.16200064231645,202.809086943922,1385.72317155377,74.8443083797004,0.522110952311052,DRIVE
0.0713917074863038,0.125037532344496,-1.34632580094892,215.836410138537,-4.77630763231061,-11.6346235301655,38.1450304150866,32.2492138777699,0.498350301941768,1.35400307336924,216.20252894168,1.7797453446079,218.197930013115,1230.14724423016,64.7118082206559,0.913637729771419,DRIVE
0.0578044427342659,-0.00689564634558498,-1.20980863919561,162.400831844629,-53.3046635419251,-9.08919340337973,39.8694225223724,35.4224711897598,0.402520692322858,1.21120842426508,171.16667542448,1.2770843624377,172.365871186217,1412.2734706511,88.0013968572604,0.590508259594269,DRIVE
0.137500494289158,0.101356100862073,-1.29820131074297,153.817076946676,16.8681526902272,-45.9766279512576,44.2891974222922,29.833799500384,0.474925603834265,1.30939149543843,161.425146905211,1.73264167772343,170.700979302305,1321.31503592959,62.8177054296901,0.814262839275981,DRIVE
0.249198763705236,0.184924258292061,-0.954644395777295,168.998029231691,78.9554942373013,-27.5285506501571,38.949157279231,33.6110858051618,0.540537530839423,1.00381418974135,188.552711609646,1.14741709032708,196.18621781863,1309.12346735097,62.180739924249,0.544668820012757,DRIVE
0.0822174713984254,0.269875867202845,-0.988017970268824,156.973471270525,21.4658744677333,36.9827080368297,41.8804637130195,34.625471979635,0.439653115966555,1.02750776438709,162.693500617327,1.06095163067108,171.904069802514,1450.13082278928,78.756164726248,0.464173540064164,DRIVE
0.165415441503133,0.148322731459186,-0.844396108472398,119.979239197801,18.8653929403481,-12.7037325316887,43.2500474308807,35.1462980346377,0.540132101056116,0.873136122811627,122.115951904383,1.05636749598385,124.956190735959,1520.07905701795,65.069698498234,0.41177872148236,DRIVE
0.267688058259446,0.0322536035770717,-0.886809774129556,130.473517119097,35.5780000476377,-69.8787706920912,38.7220836974974,31.4618457527978,0.536620811854261,0.926891993152457,152.224095826695,1.35466205867804,161.521457096658,1218.26822451759,58.6294575766191,0.461026376418863,DRIVE
0.20247601995709,0.170663004180724,-1.31707665326383,203.745729452097,41.844601211736,-47.8650321484996,42.7931058678636,33.2893505111039,0.521709662756575,1.34343340371836,213.434660313439,1.37624147388627,217.558891362821,1424.55470069409,63.8080700425254,0.941588543416741,DRIVE
0.211381083940808,0.198762533134084,-1.29892836596117,126.243987596272,51.7495171935539,-44.4355881433477,41.86955856651,27.1683725298831,0.413150619070363,1.33094079775338,143.492433346218,1.36306794902678,144.163502529209,1137.5277647967,65.758843184531,0.731856414276803,DRIVE
0.228947199600619,0.0869592606087039,-0.896837771781656,99.3792949304218,-36.3918345450315,44.6875926716271,40.1781487687219,35.4515819354864,0.528769726866586,0.929675600467638,114.88076784739,0.988217698297871,120.260619144761,1424.37893309051,67.0452809397505,0.457013941679075,DRIVE
0.226510881555067,0.235031417455172,-1.30218421785367,151.875902369558,-24.0538032104666,-82.0019243303323,47.7497827174099,31.2876576643673,0.468777056494672,1.34247185589904,174.26758379955,1.69055525925153,181.045792642748,1493.97885521024,66.7430081909622,0.844844395114119,DRIVE
0.212414664207261,0.0486574331083655,-0.873444245175329,186.120638384932,76.4791024750376,-45.5278747364425,44.1926866323268,35.2148854222607,0.399980092414294,0.900217965160038,206.307373901708,1.26401289644275,215.410116985369,1556.24039625926,88.041375180269,0.324140820962896,DRIVE
0.186324686718942,0.116335197745165,-1.24936436622624,135.654946922774,-83.0381104354469,5.29061562637345,45.2085066404955,30.4324857333483,0.463356126447304,1.26852752698205,159.140136430179,1.45655999395044,161.354141785646,1375.80723336286,65.6782511724448,0.745615111324365,DRIVE
0.184278838133453,0.236917919340743,-0.901966108213335,176.952893069227,56.9123414738654,-60.9044227998275,40.6179954871889,34.1656220877912,0.325078467897211,0.950595419226325,195.603398984238,1.41779389741779,203.107409368806,1387.7390837789,105.099292516974,0.293751192668085,DRIVE
0.18441763917999,0.0558345752417521,-1.04054256066963,167.20455398142,-10.3170471869613,-54.5480904906851,45.5036562950096,31.2070746151219,0.454386527389927,1.05823257651523,176.179733542095,1.27572288962641,184.751765947034,1420.03599725923,68.6794261153695,0.508847563531786,DRIVE
0.140704214934068,0.263969988919275,-1.32634700593989,176.802500434455,-45.7908624390158,-52.2947777650032,43.3174831362777,33.8502994497421,0.462293529142899,1.35965959391164,189.975448477627,1.38510332331813,198.11246123238,1466.30977557215,73.2223665127534,0.854630125384728,DRIVE
-0.0206150462128906,0.293850364931995,-1.1829716653655,163.003812301188,-60.5995483550098,-43.2712578233928,37.5065271702302,35.5571268858527,0.474443096133079,1.21909596757542,179.206444747868,1.38625844512463,185.618653420599,1333.62434563956,74.9448189484461,0.705114946895026,DRIVE
0.0976460655165804,0.132855809023671,-0.922258980721989,164.67505777543,6.69561919749517,-71.7393315700716,38.7890793007602,29.0494437271355,0.420606161233832,0.936881554746684,179.747705587303,1.38384710918479,183.487479487166,1126.80117637483,69.0654996028129,0.369185816235697,DRIVE
0.032257346643936,0.177652396009503,-1.06438505563453,171.920732552374,57.7711507463834,-29.9979721211707,44.8571580790624,31.6624696584248,0.374082558342839,1.07959087476625,183.831777642737,1.34933249865065,192.552104307968,1420.28840664148,84.6400996576461,0.435999377979809,DRIVE
0.208463852727451,0.148581178973769,-0.815542312035214,103.141470974593,-54.2574763540861,26.5230429024584,46.5736973763408,28.1183910963604,0.466703735530043,0.8547764663109,119.522000401276,1.18745867395466,120.394193641496,1309.57743763149,60.2487803437991,0.340993727532579,DRIVE
0.186368530099855,0.203722685182048,-0.888924540555471,171.011541711746,-9.39538391691691,23.5894515337455,35.7949281493167,31.3697057013126,0.412915643240581,0.930818457203724,172.886329306968,1.40284538318703,173.222853595174,1122.8763616437,75.9710372900505,0.357759610475384,DRIVE
0.209712999949439,0.248048519309482,-1.27224377477877,132.3448126302,13.8891189378068,-51.9543280671925,46.8669183984593,34.4354012481914,0.359353475703716,1.31305439062621,142.854153806968,1.7647457880011,151.45370987469,1613.88114031719,95.8257196623399,0.619565579598016,DRIVE
0.092339783710187,0.235154680954048,-0.955104284420157,136.563979316414,13.8472720749191,16.2267795519187,46.4665713916052,28.6649129955203,0.475780758905319,0.987951696060078,138.22002664331,1.00427498518809,144.717658247102,1331.9602261405,60.2480285529917,0.464385121630655,DRIVE
0.127027973032596,0.0383142382322334,-1.37595322693066,138.85947372427,-70.1348529986113,-95.3302141367413,46.2823978558737,34.411808623864,0.488073587766197,1.38233547646184,182.451913597734,1.64670203833727,184.480692298643,1592.66101766986,70.5052249930872,0.932636083592485,DRIVE
0.129007561680484,0.188425265338172,-1.09021973134882,204.465796772795,0.197032514173257,22.1533306472243,43.1374202859607,32.3482869014152,0.407174780376775,1.11387885077812,205.662517077154,1.54439236254874,214.564741975615,1395.42164759718,79.4455084521041,0.505192374918013,DRIVE
0.222139851799067,0.200714063933915,-0.802141701756162,157.25621280593,-42.3974373915466,-75.076220210616,41.0365355345739,30.5506143918962,0.370887873565178,0.856191309763449,179.341846774664,0.896158734768765,180.808647489815,1253.69137309611,82.3713423868116,0.271884384553902,DRIVE
0.210933726712567,0.181542606718844,-1.29312442406538,144.602830113393,-32.5057579360951,-67.5250372396955,47.2493865919134,35.9589606690142,0.538007738700986,1.32273260004944,162.868761369469,1.71213126350859,163.426215236288,1699.03883409366,66.8371312254826,0.94130992360152,DRIVE
0.135381162169693,0.00390903049930047,-0.931853317786582,173.982479814845,39.2820861338666,-28.7035213998151,40.3018735134475,29.5526516438259,0.375122559028724,0.941644277559058,180.65679537261,1.28082385203856,181.285455025856,1191.02722853644,78.7811134025922,0.332618901896126,DRIVE
0.189882056375932,0.217633912789816,-0.832440962218042,141.682616766249,62.7562450975013,27.6167356375778,45.6515470938379,25.5993884999408,0.368431099260988,0.881122960152701,157.400744215983,1.09743088204155,163.35669316608,1168.6516896785,69.4819711726768,0.286041678734415,DRIVE
0.131287832233655,0.191094297164672,-1.06474306101384,116.897832587239,-12.2842656465341,-16.9223822318542,39.7121680379627,34.5850551575427,0.442357323049236,1.08969321888254,118.753414546571,1.20126770642475,120.783129048903,1373.44752201854,78.1833490079788,0.525268936162046,DRIVE
0.176692501630334,0.0837792288790722,-0.869724890482609,169.064116011869,51.3871272408079,-38.3210287731123,45.9901158816274,27.8047049431113,0.375763508711961,0.891437369897036,180.808775824536,0.995302199283947,183.13218984005,1278.74160238815,73.9950269343418,0.298604449447633,DRIVE
0.188943682870779,0.0317734486779554,-1.2499832311436,150.544240171641,79.0715868014767,-18.1651157100412,44.7418340649343,29.0918468442202,0.461279176314543,1.26458188563566,171.014196828565,1.64929426407628,180.156176893246,1301.62258414658,63.0676286083941,0.737662595911136,DRIVE
0.250899799825343,0.11475352935496,-1.12346314228503,154.106833007379,22.2819328271198,53.3836173151806,46.0206562854988,33.8296853889245,0.498296057737937,1.15684420477641,164.606230464494,1.29836942606825,173.256403133471,1556.86432353025,67.890598315987,0.666863890704331,DRIVE
0.129662240609316,0.186320366650506,-1.0408565592323,193.779038521714,-2.9301849841118,-68.9143221244791,44.5837107973549,34.8293769146255,0.539285071047554,1.06532152543986,205.6892937134,1.12529243662989,206.146799730937,1552.82286761373,64.5842323480932,0.612039994401871,DRIVE
-0.0003168827395892,0.167101300740129,-0.930413900213127,188.63222974205,-49.789535355905,3.90543007436484,38.9341190380406,36.6735071005944,0.505664507638206,0.94530046590146,195.131669168488,1.34168480340318,196.091553576654,1427.85069099697,72.5252297153588,0.451858249625492,DRIVE
0.0289360693193192,0.154784731537668,-1.2581615248393,135.911468781995,-83.3321373840961,33.6382185650709,43.4283490930197,35.2910535097715,0.532789776636562,1.2679771416752,162.934656275798,1.431636297731,166.917813364323,1532.63219168279,66.2381089488058,0.856601304972328,DRIVE
0.0910560974475998,0.170530554368133,-1.08709250425587,106.648282907569,-5.79750262484671,21.5005529278964,46.8316344513909,35.3606690655733,0.367467574297693,1.10414763309296,108.948341244937,1.27170803426911,118.033130845747,1655.99792763554,96.2277362986882,0.447995151871388,DRIVE
0.221725756115222,0.0217771075897883,-1.05615941090951,183.230867881296,45.1806144728638,-25.0080674500164,40.2766931884853,32.2088438862435,0.362969403865432,1.0794022672723,190.368700962797,1.51794951506511,192.793068179429,1297.26572316205,88.7368323787208,0.422899011577565,DRIVE
0.299760082802974,0.140234078349922,-1.3905402576379,140.482686864768,5.97420446721027,-76.8214716531766,43.1262275080735,36.0146781270742,0.40831630194243,1.42937885533695,160.226760981804,1.82552497316487,168.769477973187,1553.17720253824,88.202674625216,0.83424080019244,DRIVE
0.206508111780403,0.163232486586701,-1.18422190392238,157.247223528981,42.0739111936063,11.6158321490854,48.2703962012498,32.5945238661071,0.57081063336772,1.21312487512124,163.192618911569,1.55751097542431,164.872447597522,1573.35058100808,57.1020665325325,0.840046005102871,DRIVE
0.271025175249227,0.115908040614098,-0.896244602460081,155.414631958609,-76.2455551954908,28.4962206312746,44.4616249121264,31.6624391548195,0.443218930180374,0.943474274655489,175.439810488284,0.990922029385983,183.062133447104,1407.76349350461,71.4373091073185,0.394528541495277,DRIVE
0.0996860965150012,0.221708911678599,-1.35487196932762,106.023059402128,26.5359137063469,35.3937667719913,46.2987412637274,29.8098949367009,0.516290944637243,1.37650652473056,114.881515343105,1.47274085493025,124.18039081714,1380.16061277321,57.7384467186408,0.978252702947082,DRIVE
0.191195634831922,0.0464533373828105,-1.04859022762567,110.413903677309,3.88631335825836,-75.7648624894909,41.3516961726535,30.2519134081964,0.512748259599819,1.06689041086928,133.965099726877,1.37203873714248,138.231825361878,1250.96793189716,58.9994287496522,0.583638346530209,DRIVE
0.197480175324033,0.212936441373027,-1.26360078502915,123.036232644029,-7.14295603313692,-28.1271554576291,42.6619583401631,30.6668850324352,0.452640573497065,1.29654436547189,126.412314424919,1.62545332740833,133.994038476967,1308.30937167632,67.7509244135615,0.760901157350752,DRIVE
0.0920546097550564,0.0490109360336263,-0.99131145812,140.229804512202,48.9333533085949,0.892569945494942,43.3487830531907,29.6650673208599,0.475891759226647,0.996782087533704,148.524973727188,1.37329318766878,149.348627196795,1285.94456755025,62.3356139502256,0.472833931017837,DRIVE
0.022983454979477,0.167068623792443,-1.23876674661321,156.785846586892,38.0886352122719,-51.3219760045404,39.7932974908077,34.6333743675391,0.363403383164308,1.25019327176775,169.311816017999,1.46808723414326,171.321500203268,1378.176169318,95.302577437213,0.567993388804473,DRIVE
0.167003173642084,0.206881426102899,-1.27891616989491,143.011438211842,37.3729592744898,-30.6061038070897,45.4378644235967,30.2904930989484,0.378949352384136,1.30626052305486,150.949472124292,1.5065552186051,160.342054968794,1376.33531875391,79.9326162606213,0.646607553135326,DRIVE
0.207314442856234,0.207402917788174,-1.12274955388278,196.682970289291,-37.4307224269765,53.9972369288781,44.1969052364543,31.5489864535183,0.592716816182919,1.16041449890452,207.366707499485,1.58551510545337,215.543882650219,1394.36756459233,53.2276668460763,0.798129828382739,DRIVE
0.113855598377002,0.0725619224408734,-1.17301534183536,127.82088362175,-40.9221228437226,-69.8292599227117,47.5059085361295,36.5621937034566,0.355143585286364,1.18075963771261,151.290858842282,1.22523518214553,156.348792936803,1736.92022995666,102.950165139011,0.495138814975577,DRIVE
0.178147969450573,0.157946862808482,-1.26475350315295,108.854102998994,-8.91081664701785,-75.6424044977663,44.3391120204518,29.0614319863317,0.512293080923669,1.28696749540463,132.85477692291,1.78545359906525,136.257346949709,1288.5580883167,56.7280260859813,0.84850351676038,DRIVE
0.0866937669722545,0.117797268457973,-1.03859519576371,164.052690081507,-21.4221983776094,-40.4394295338774,42.7613158979785,32.7653532892328,0.479184911268545,1.04884316575524,170.316009721148,1.249232565673,177.632801607819,1401.08962250976,68.377121527829,0.52713789716884,DRIVE
0.157816195300133,0.0679277728746806,-0.848934039688112,157.122576360262,-22.3043674767754,6.7535865879745,46.9553468680183,32.8127931932248,0.435019634391153,0.866146140999255,158.841429552956,1.07134358366652,159.691942129236,1540.73608609642,75.4281305279896,0.326355704741691,DRIVE
0.0699370432146224,0.0413085735649031,-0.966957378186077,136.491468303007,-45.1668136425582,-11.7612721083393,43.1579605943999,34.5639464730126,0.516284882434708,0.970362900925248,144.250786811506,1.36379144573386,153.970242040729,1491.70943986922,66.9473011929272,0.486135992783392,DRIVE
0.0245640065199616,0.181390224150599,-1.00339442773092,174.841043312451,62.5333152984291,-0.636585079435864,47.5950174994783,27.5717636557699,0.399975401370422,1.01995400947061,185.6884788816,1.44752884662325,192.730822186863,1312.27857368785,68.9334759783375,0.416096882467664,DRIVE
0.186621038435839,0.136595940621279,-1.15236918214442,116.339010333768,-26.7761799705766,-1.15046509047261,40.2049157196926,29.7833013598816,0.531566397482889,1.17534701043449,119.386149570131,1.54180392009554,128.205144837921,1197.43512102825,56.0292100322807,0.734327400387433,DRIVE
0.0773273845374496,0.194754466671322,-1.01029436728169,188.268559271656,-53.4718633222657,24.5455319344094,38.5299142903067,28.2802583853515,0.512049177329098,1.03179626634765,197.248000535679,1.2098208570571,199.957646394117,1089.63593169532,55.229467027751,0.545129364405873,DRIVE
0.205947648353561,0.127489757337217,-1.00566890977517,110.371970248822,-38.3404994045004,-46.0376581075986,44.3868638473325,32.8050293060141,0.558966283968002,1.03442642472853,125.584360790767,1.04331702154847,133.248881683931,1456.1123693138,58.6886392941238,0.598115180314344,DRIVE
0.289633297903893,0.143635441436108,-0.952412916948238,141.117104106771,30.9758424100735,-39.6402742835055,41.496323127332,28.8930612581102,0.583036607753218,1.00578772693898,149.816191480649,1.33369247882303,154.05806382369,1198.95580610434,49.5560850173146,0.589805051549267,DRIVE
0.132008547696447,0.103918591261316,-1.2588438643158,184.27554086224,-39.4054556333848,-51.7520193728203,42.3669733196379,31.3786529158884,0.484807541947744,1.27000519880834,195.418874223834,1.41100174600694,199.588708225722,1329.41855089362,64.7238037304851,0.781952486291208,DRIVE
0.184956460695309,0.0925167985264398,-0.784660037243402,218.796770970523,6.49397008714079,-7.46454067444078,44.7045514835847,29.1491515689839,0.495286719920523,0.811455251020865,219.020359788995,1.17683940708171,226.544676740606,1303.09974701846,58.8529664609117,0.326126307573799,DRIVE
0.0979772156677964,0.102221903746245,-0.868349361183583,181.258725080232,63.1257182514523,0.024460256518807,45.1727754578271,29.3892901162382,0.592742829853826,0.879817859254663,191.936401760524,0.998911973821507,200.033870853678,1327.59580328577,49.5817731641101,0.458830052890546,DRIVE
0.132677120988925,0.249432060067215,-0.922380617978329,169.46166892844,73.3977616937154,-48.4777874239521,42.3357160813044,30.3256012150427,0.527099189536504,0.964679001246201,190.930837035775,1.15939633745236,198.219863211191,1283.85604303491,57.5328975724879,0.490521444595406,DRIVE
0.277224448559134,0.115191829660885,-1.07468268987111,193.279372148125,25.0670333799702,-24.3427544645288,46.4074172567318,34.3471151217662,0.447130715144655,1.11582500259142,196.41242719178,1.22923849944395,197.986199923615,1593.96090302081,76.8165485882708,0.556706998983066,DRIVE
0.070724169291042,0.171899704050402,-0.899545645470607,159.307898778256,-0.596658290576851,-81.4847741814545,40.9535408710617,29.8642381661763,0.48377814300624,0.918549826987984,178.938903086113,1.25612240159168,181.829492238403,1223.04629832162,61.7311403310975,0.408179963534275,DRIVE
0.0508039741430432,0.0527904676685975,-1.09720842654572,187.567184293936,55.760519280982,25.2929342524234,45.4989940013166,32.841955086626,0.503916723142897,1.09965185788427,197.307923453513,1.1947588414213,200.703845280722,1494.27591747791,65.1732486839185,0.609353339883966,DRIVE
0.191302213741901,0.267288281229969,-1.19259630471537,173.611921997815,0.819835012993225,-33.4339126358593,40.641309012805,31.0046712259615,0.458481125870666,1.23706325961374,176.803840748345,1.25433083035488,180.324992855914,1260.07042413473,67.6246018687928,0.701625361987649,DRIVE
0.175748921721794,0.17131828162486,-1.13555643137494,129.016937376718,19.5487121381312,-68.3550422620054,37.2042220123221,28.8015961331413,0.400759459065477,1.16177710682483,147.30897487583,1.4046195755966,151.517680576518,1071.54097684663,71.8673598695416,0.540915480058408,DRIVE
0.111746081886673,0.150934328552197,-1.16589300224846,148.000328336117,-5.7318326047445,11.8349882370365,40.6809712959018,29.6092075813472,0.45286757316217,1.18092118748223,148.583370668383,1.45802850795392,157.114804097984,1204.53132371119,65.3814579682577,0.631557728385493,DRIVE
0.14939247796713,0.199477351589263,-0.883318993606256,159.177144147701,46.8353154728817,-43.1671955881229,40.3999203242462,34.6789868980051,0.522243586965009,0.917802686167237,171.447708556882,1.19813325490865,171.952137439333,1401.02830760498,66.4037268428952,0.439918032671259,DRIVE
0.278830051837101,0.0825613559691883,-1.10890796658889,129.611577918553,26.9286750494934,-18.1315508887653,46.2130049950349,32.976793814838,0.431666821518389,1.14640283219786,133.615372648847,1.39504194077766,135.765301532224,1523.95673728534,76.3939125664782,0.56731356768034,DRIVE
0.0830520418824585,0.180297717318068,-0.810641835107053,136.317499932625,20.5776629876871,-6.40363539750191,37.8366812401902,30.5819279447624,0.514911745225314,0.834592770970778,138.010534192938,1.10934874592018,143.513623580854,1157.11865935644,59.392447027856,0.358659249648418,DRIVE
0.105742999751082,0.0616018262223413,-1.01855307515987,199.411321154791,-51.692148903962,-10.9743491566937,40.6805040437619,28.4468687664763,0.339041740133448,1.02587851810432,206.294424554862,1.15889663090234,214.222785558177,1157.232959887,83.9034888500475,0.356816591227097,DRIVE
0.148707708289522,0.234681519277251,-1.06023225252697,169.531325054935,6.09833577004032,15.5139648554024,39.7839171342771,33.7920194268119,0.473056558740633,1.09603003028814,170.348886053243,1.58753953078573,178.202493036797,1344.37890067617,71.4332089244541,0.568274247297086,DRIVE
0.273415922900117,0.155151288385671,-0.853758979278598,172.184167420712,-11.6450156387907,-2.0747646094012,42.3882061264573,27.1431206342349,0.483590120094259,0.909798100614575,172.58997232683,1.38488506598132,181.088697851086,1150.54819235925,56.1282445156237,0.400283299645374,DRIVE
0.0808670330815572,0.209548986079737,-1.18176021544024,191.597619836014,59.0297217713537,-65.8729512408609,46.7427255455542,30.9894794945173,0.523926553562592,1.20291623208095,211.029385831476,1.59929273161963,215.798946947604,1448.5327348118,59.1484056980696,0.758125632232664,DRIVE
0.212271676057783,0.242550552070938,-0.923825980202619,148.202835145615,-13.2490076033817,20.8102100655416,40.1213399399759,33.4890797590223,0.342757829411034,0.978439817497032,150.242075966238,1.39420785194446,153.227588447392,1343.6267532887,97.7044991563512,0.328137314751315,DRIVE
0.083809331915163,0.196018667378347,-1.19906744353588,130.049592687606,46.5421104192224,-46.5639343189729,38.3104794151695,31.1952406191199,0.380343084798322,1.21787111642592,145.764414655117,1.45835955183486,150.125892212471,1195.10462359005,82.018471867812,0.564128688188327,DRIVE
0.153657871336725,0.226364454323525,-1.00451478852246,161.835967570806,-35.0350673597621,-11.8819964445549,43.7547128372212,31.5040196133533,0.559993975662843,1.04110593503507,166.010596601513,1.40977667299704,170.323852591108,1378.44933140046,56.2576826266401,0.606978348272043,DRIVE
0.135011938308177,0.149999356289054,-1.10542521538422,188.507842441197,19.436588616171,-55.7882187765241,48.5467952358657,29.8863328786572,0.479281923020182,1.12369610535061,197.54825484708,1.52731603451309,204.14601933048,1450.88568261109,62.3563482928407,0.60518589911569,DRIVE
0.110812010437452,0.230493561722512,-1.10070139929911,138.861674651238,30.8723328025592,-57.5605925008457,40.8283949030674,28.9381251380343,0.553334319969795,1.13002219184923,153.456467536128,1.15675647644219,161.010246309477,1181.49720089005,52.2976287499847,0.706580345138606,DRIVE
0.216905696805632,0.166630816758462,-0.942601257850403,177.511894805066,-40.7354069890639,19.0971154938676,38.6984114271837,35.8973980909806,0.407854971514839,0.981484101604041,183.124400340413,1.01360174400543,192.457970610429,1389.17228049016,88.014889073837,0.392891197473091,DRIVE
0.218154499976464,0.108499921955273,-1.19004984918887,137.596312681795,-3.79325067373749,-33.106614415741,45.6394751383664,29.16573183229,0.54158502074123,1.21473547016572,141.57394510422,1.7071583069805,148.008676171813,1331.10869285206,53.8524458079124,0.799153250229932,DRIVE
0.308004065116904,0.171842209687554,-0.909093068650207,113.570001436164,25.0323569665202,-99.1006301678261,39.3005038621656,27.1471544395331,0.383674653675471,0.975113560887494,152.792994018606,1.35246217943657,161.869761132222,1066.89684789768,70.7554784346451,0.364815684944793,DRIVE
0.105335345451807,0.1727864814813,-1.24532690646216,175.358978300385,31.2961511472432,-18.3067849460362,44.3091979509797,33.3976354725519,0.48083549627347,1.26166152637811,179.068028196679,1.6385730855788,186.949636806319,1479.82244124796,69.4573638469351,0.765389041880534,DRIVE
0.137830896496357,0.228025822671741,-1.15590259386198,192.347837922232,-65.3870541262736,-22.0550422922372,42.1379182940723,31.0176483694346,0.416695190942194,1.18621411993407,204.35161484848,1.44832758348287,211.319940370508,1307.0191326655,74.4370816044669,0.586333444258334,DRIVE
0.0543184485260507,0.204593172132655,-0.850083858765742,148.881827535621,-4.74119776661887,-43.2380652806167,45.9605467711531,32.183919400442,0.533788619078078,0.876043050807227,155.105795558449,0.894384157859243,161.323968163386,1479.19053288304,60.2932658301368,0.409656837357174,DRIVE
0.299537935606594,0.0546308023696651,-0.936872219575134,172.042527972041,-80.8358973879258,11.6193219489454,41.7012365408841,34.3756520439302,0.414431898746264,0.985107636376173,190.441808382705,1.31196969123033,198.249120800481,1433.50719713106,82.9462432831054,0.402180071419602,DRIVE
0.0401828584916016,0.24027170739474,-1.31998546821694,134.906702421625,57.1105991729709,-22.0433370577042,41.7259578363002,36.3531870758673,0.4108989674438,1.34227671953097,148.146372229671,1.73691805409889,152.231390791137,1516.87155114277,88.4721098957971,0.740319460384973,DRIVE
0.0939382682078418,0.13110632708788,-1.24739748739774,127.793765257679,33.5106755455277,-34.6616195580063,41.3623400817092,35.7899818025323,0.440415160773022,1.25778128416771,136.585649629221,1.57299253244618,138.155793685175,1480.35739883452,81.2640066152737,0.696742843928164,DRIVE
0.0139499636668821,0.212553649583894,-0.967323585154941,137.513227117511,-15.4305634953417,-46.4284989961851,40.8472385563823,31.4948268182275,0.36158447034166,0.990499153878865,145.957512451722,1.21949167718639,147.858569586003,1286.47670433609,87.1020253896493,0.354746392328292,DRIVE
-0.0333511140578411,0.262576055177644,-1.22565609400453,201.480104392686,54.986634510557,-8.35396215210487,41.4804094100851,31.082770695719,0.400948329088875,1.25391042037779,209.015671959124,1.47774133540487,212.176171737773,1289.32605405822,77.5229397848154,0.630407586548921,DRIVE
0.0550249476116534,0.259203752602591,-1.1013677115737,138.292294007446,47.4746240856874,-40.7029728826059,42.2575724805689,29.9600859276921,0.546378146573794,1.13279528879671,151.773945443219,1.20638208815353,155.261581272881,1266.04050261352,54.8338751864237,0.701126188010778,DRIVE
0.154754200577617,0.219389302107522,-1.01113113929479,165.265773053224,-22.4821419115049,58.5422310420273,43.8658595738973,27.8143656960197,0.501515813326979,1.04616762964986,176.763727227016,1.13697574608692,177.749825299251,1220.10105975863,55.4604849865429,0.548892361887541,DRIVE
0.0852151686525473,0.167645310627061,-0.933611230927153,198.910571154014,-55.3111791804118,-2.90387078755755,36.4327150858434,31.1491118252083,0.423530847606145,0.952363641503097,206.478023829885,1.07379350724542,211.192907519336,1134.84671630489,73.5460910466757,0.384140998816738,DRIVE
0.21479044337778,0.209702577690867,-0.911701423446927,209.866487916982,-48.3854371277991,-44.758116434627,44.8037959516644,30.3565370587133,0.489034248722165,0.959848733484485,219.973594468592,1.09590686330557,229.105690065311,1360.08809217773,62.0743333696989,0.450551943759212,DRIVE
0.120618848189244,0.207666572943193,-0.951119818589499,197.118806574675,-24.2435634005018,-1.08484933553384,44.3659498782191,30.5244901888992,0.46379780087294,0.980970550715051,198.607026990132,1.4360595024204,199.131920646409,1354.2480017789,65.8140774220362,0.446314117844441,DRIVE
0.0892898883553451,0.303077047020101,-1.01284891379811,132.97369797457,35.4037592786806,-53.0315182470073,41.2336917768562,34.5354747553178,0.283877365522317,1.06098600498543,147.471259748052,1.49928343521917,156.846108902653,1424.02512142817,121.655888400565,0.319558281423137,DRIVE
0.0834724648934791,0.0825058265009451,-1.26439301168087,110.235316805116,21.6815929715136,17.0733657711493,43.763572004701,34.2098332965463,0.613529789372215,1.26982855212403,113.637213815115,1.74833639538738,115.93481913972,1497.14450274222,55.7589511221612,0.989295036829522,DRIVE
0.229974098294071,0.150811139444545,-0.969186837766792,188.956229529922,-47.8913511332058,17.322789214111,43.0527796967338,33.295036141767,0.389985902179429,1.00744985590705,195.699047564583,1.29618229914858,198.139971726486,1433.44385600629,85.3747547820165,0.395818224088711,DRIVE
0.25952632529346,0.184877237022168,-0.902629595935536,150.271222939316,21.885221603117,14.9028049996409,42.4714380341539,32.7358894887677,0.369977184843165,0.957221862343327,152.586031356584,1.31362072446308,152.864495018162,1390.34030191511,88.4805938021577,0.339000361758743,DRIVE
0.196364246436113,0.26317156428015,-1.04795784075994,194.411165463111,-44.7602016208619,-22.1681527408457,42.8745593809877,30.377278899472,0.499165491639462,1.09819571367508,200.725194985101,1.42880346842683,207.41051262948,1302.41244800824,60.856005778154,0.602010467456658,DRIVE
0.0263760196475584,0.13385376656707,-1.28822317943449,111.358455793899,34.2000837954861,-18.4618774214946,42.623495533855,31.8921884351691,0.501985441450054,1.29542714394478,117.94571771093,1.73722117279865,126.973582885359,1359.35655133129,63.5319717860195,0.842397574443962,DRIVE
0.173415991841397,0.153626150368527,-1.04819306221433,132.315912261784,-62.5796764533138,5.65119874432043,42.5660616085131,30.6482656369574,0.55594137165889,1.07349093893598,146.477481511383,1.4540451143929,148.949017913654,1304.5759632968,55.1284938859855,0.640657272271917,DRIVE
0.164183041681676,0.15028814249525,-1.06049104489672,161.596207834921,8.94987650481352,-20.6103478846735,42.0904607870718,35.1630634156184,0.373907226221141,1.08359764361901,163.15091515528,1.40951305612042,172.109443939757,1480.02954184841,94.0419625719117,0.439035827644851,DRIVE
0.201293746214147,0.284313172619025,-0.769083355715403,155.041099861796,5.40903447291911,-17.2790562722803,45.58755703083,32.9540888886258,0.471435330176017,0.844299923266659,156.094734331256,0.892888048025224,156.71498269205,1502.29640660927,69.9014623593432,0.336059073551866,DRIVE
0.180529568443929,0.0379899706263856,-0.924641351716809,183.737485609825,9.92561888870358,7.35417579235131,48.1879438730692,33.7501957973728,0.318865650467602,0.94286573394913,184.152288690989,1.04295474819805,192.577980060081,1626.35254078889,105.844232213936,0.28347022156049,DRIVE
0.232385937030279,0.0961972880653914,-1.11218973561667,171.019048570998,-56.3714354832991,38.149980785235,37.3572142231647,34.6856968305512,0.385981803371389,1.14027327863616,184.067038729075,1.37252076025537,188.864342934521,1295.76100697864,89.8633217013478,0.501862476211288,DRIVE
0.0885742041665966,0.157314134575971,-1.21506863468222,164.140649742213,53.5760891212024,-4.09240239110745,40.1104285311063,33.5056254246222,0.479260959139698,1.2284074704957,172.711603491628,1.2604358563958,178.191370430267,1343.92499398433,69.9108802308589,0.723197557004717,DRIVE
0.249825822311077,0.0843464469128457,-1.09969141924648,205.947687823815,-65.7202580389131,26.1421704817179,43.5612606885391,31.3578754895407,0.376041885220972,1.13086183159773,217.754484486938,1.3034324683413,225.300097409627,1365.98858883863,83.3890939622859,0.480900594145141,DRIVE
0.22087023400303,0.0133579386457396,-1.21733776603699,163.523031378869,-38.1469609716627,-16.4675664618733,39.0761630415217,28.4585858948822,0.444270414134308,1.23728466062315,168.719154715416,1.62661793907093,169.949535541146,1112.05234235956,64.0567567245702,0.680121728934172,DRIVE
0.143496785274531,0.254321131715642,-1.06645099660856,149.931432824629,48.2652098670842,18.9444394920786,42.487634346441,35.3622946874845,0.540426856050761,1.10570714639485,158.643804858649,1.36322157136272,165.283787776679,1502.46024633294,65.4338859323399,0.660719547748579,DRIVE
0.163880089340411,0.0975244396220721,-1.28532730167786,143.418839311847,-46.7602096079778,12.6412813120455,43.7780849883328,30.1975634715636,0.588577575443917,1.29939754211108,151.377946429953,1.75595030952203,157.989883311839,1321.99150009868,51.3059168842292,0.993774373798412,DRIVE
0.0927259874178075,0.286927674993736,-0.759033343023416,161.979349037557,-66.6768180464225,-18.7135093793315,40.4673078498813,31.187505098682,0.462391838438854,0.816735707093317,176.16271743112,0.859736398581255,184.336149184777,1262.07436989811,67.448071220087,0.30844181209929,DRIVE
0.171041342681834,0.254307848870052,-1.00421827782415,106.763034380416,-49.0143855601409,15.4647314204428,40.1495949302703,31.0807454068866,0.413840565343477,1.04994379488591,118.490140601902,1.44699608962343,123.785181052242,1247.87933821735,75.1030056178393,0.456210378690513,DRIVE
0.0133861116434797,0.23506268939775,-1.29777451068017,108.751456932189,11.8363301709752,28.1539529851976,43.6859687858355,35.6027762265705,0.393853672837604,1.31895880773548,112.958501961928,1.49416071617479,113.829387269152,1555.34177092305,90.3957187306253,0.685168462192223,DRIVE
0.241435153373684,0.270952577795008,-0.794197150483631,192.075320804,-38.3852092979336,31.7260332884818,39.6796263823984,31.5075492758499,0.34865626010217,0.873186890954424,198.426042502055,1.13490814818011,200.807224313531,1250.20778349073,90.3682581186376,0.265834829617676,DRIVE
0.176795571759266,0.240098550789305,-0.793873425792535,162.401220229555,-18.8458526891965,40.470845384487,40.7942693288459,30.9345134526606,0.442128670173005,0.848020639173591,168.425686347916,0.982658496383041,171.232338024527,1261.95087334464,69.9670606601814,0.317951971713377,DRIVE
0.0171801215878852,0.15071304866215,-1.02732871870824,129.150877782869,44.5848521853761,-41.0414053498269,42.4384428225998,30.7498647221028,0.444727621883668,1.03846707983332,142.660980052592,1.40331270654746,151.946714418664,1304.97637581164,69.1429856523747,0.47960043843426,DRIVE
0.162780691095017,0.194780900342387,-1.15945460320893,146.567279036984,25.1375791240078,-54.1227675330785,40.4883335726291,36.0326685924891,0.414501848626043,1.18691706931611,158.250242129232,1.44336856550213,164.835472708591,1458.9027054847,86.9298455051082,0.583938651943213,DRIVE
0.291967277809172,0.1954383087818,-0.979562070975886,163.951584694093,-26.1984727156964,13.1271188452337,44.2799536438578,28.52838543737,0.513469727786092,1.04066463125512,166.549702327913,1.46191169953044,171.912298931376,1263.23558470085,55.5599061320878,0.556078921892497,DRIVE
0.151920816961869,0.240757842288055,-1.01290267017735,162.879268699501,25.5516933062321,38.3359187066961,40.8943329637587,31.0110489911423,0.429549348335912,1.05214832248213,169.269571589185,1.06710672512501,173.1479145214,1268.17616299921,72.1942121832279,0.475518041131584,DRIVE
0.0504689249810518,0.171666698552021,-0.875823459792976,192.450499019313,-34.6872374885742,24.8845047489183,38.9970656427178,31.8816856335504,0.460793155217352,0.893914593517877,197.128479915942,1.37731947581606,200.594684248259,1243.29218745206,69.1885634237529,0.36821211532084,DRIVE
0.169076954664042,0.153395430705451,-0.939621174957069,175.000849600563,-41.4459223066693,-31.4704127034847,39.4570001804945,34.6531299522629,0.356845452782794,0.966956631492582,182.574501813635,1.39086564121298,182.792449703091,1367.30855478114,97.1093580502974,0.33365232796545,DRIVE
0.230320313664505,0.0886735516189761,-0.932675265014535,125.309964956052,-52.5270509621987,-25.9931919969265,46.9045639985547,28.9591726718144,0.486435305636888,0.96477644851705,138.337718754725,1.27813849807125,146.236767826946,1358.31736793031,59.5333291044103,0.452770867166952,DRIVE
0.302248035141611,0.122734179156237,-1.12084322222218,107.439073683772,75.0798821739123,-62.2054801973322,41.6433242128503,34.2026546280366,0.404525475221655,1.16735045392612,145.085026890635,1.23657971030974,150.130262830443,1424.31223561547,84.5498545164336,0.55124973004785,DRIVE
0.0940067561227103,0.23751896630308,-1.01818526268894,165.384605383588,20.3084422364846,20.0383839374723,41.3621192169445,34.4969152207841,0.456745423166395,1.04973985287182,167.827403467918,1.40179149929227,177.190176416006,1426.8655199789,75.5274994418878,0.503312335830584,DRIVE
0.164512213050489,0.0853016567803528,-1.12445574737596,196.830006301412,-29.0135120705542,-12.1278834975608,42.1794499646849,35.4364622520027,0.43464065535672,1.13962334510094,199.326166926002,1.27803858825459,205.48576190316,1494.69048648379,81.5302947043104,0.564485799630243,DRIVE
0.111174399140733,0.188038399663177,-0.946079430417028,131.256643017109,54.6469902218717,-67.9837886711596,43.8083463455474,32.2946411478067,0.346394604185175,0.970970893194229,157.595670621102,1.16052259107143,166.124850092316,1414.77482450828,93.2305166625117,0.326575455198641,DRIVE
0.0603082656775426,0.137168070422673,-0.75129431050323,216.101783838564,-34.8275427930063,-74.2211784703145,45.8106516086434,36.4002646644098,0.420784114772805,0.766090926357333,231.131395636185,0.948030444578677,234.643869439138,1667.51984300369,86.5055901135273,0.246956222408415,DRIVE
0.161494676216877,0.192144129393569,-0.815175247345493,188.331497493654,75.2646894521569,32.8878390383636,42.7988176625991,35.7163965616331,0.349509879510466,0.852942308008925,205.463223918893,0.891769810802137,207.464052915658,1528.61954400642,102.189656046354,0.254272135435058,DRIVE
0.170999286967515,0.245833618899359,-1.06197554158265,185.129476552433,-13.8627590144476,15.6374158241839,45.2664871962674,29.2434832272653,0.482579501771554,1.10338885948895,186.305201080724,1.18260021437837,190.785774708211,1323.74975908126,60.5981450139663,0.587524606336723,DRIVE
0.222690025845149,0.0732154035054781,-0.926280950443079,144.447525954457,38.6770744192685,-14.7634264274859,47.2042116734106,34.7705668750152,0.55383679370128,0.955482988898869,150.262978141247,1.08355120751179,158.120182927104,1641.3171987727,62.7811378538194,0.505624050287706,DRIVE
0.094446304531506,0.117454174526086,-1.01569482524819,132.940735994084,15.1465277539954,6.10475751321925,39.255104426453,33.3524791727276,0.342809743471053,1.026816227759,133.940003934398,1.17902225184987,135.034332977744,1309.25505280652,97.2912308261537,0.361441989727945,DRIVE
0.234285635306121,0.17933525068725,-1.12756607098246,116.35741295205,25.1528534260939,-31.9007467065692,38.1534648457735,34.2629519113418,0.482183389054022,1.16552826455675,123.245167145837,1.42427879082175,130.278047780966,1307.25033126181,71.057779324961,0.655024983287299,DRIVE
0.161978468553661,0.124585361809979,-1.20725495517935,103.003007976263,-5.2534449633312,18.0887631421555,40.9974873141225,35.0607486675887,0.477270131330911,1.22442764729379,104.711134499411,1.36502227252542,110.23996542686,1437.4025987231,73.4608619000668,0.715534388390647,DRIVE
0.286408038370466,0.0731538537782627,-0.829537623088801,157.487752697133,4.01160846708802,-42.4401333685275,42.9391285385046,29.1290398319628,0.510060022941932,0.880632567468208,163.155294650296,0.998208695581249,164.509258300525,1250.77558554787,57.1089311313228,0.395558545246597,DRIVE
0.163104910154475,0.164353284820818,-1.13807226696856,201.856900026995,-3.65893452211799,10.1035192125196,37.3200043485068,32.807329397403,0.444040229399485,1.16138869410325,202.142714414403,1.16372454465909,207.112161893921,1224.36967577398,73.8835207752468,0.598931984630554,DRIVE
0.132415681464389,0.269441768812129,-0.780984556975891,170.781203951884,-46.508335185082,32.2806369626212,37.7428915083087,28.9436386009189,0.401428232089983,0.836701653944294,179.92021672857,0.876104101330241,186.143423708244,1092.41661157018,72.1014721579395,0.281027725035616,DRIVE
0.0671374597426605,0.180085861947301,-0.823740627162574,148.503857413564,-63.3304679963975,-22.7189438684573,47.767490628568,30.08758930187,0.336288914687572,0.845864632794273,163.034641269422,1.11835024888282,170.345064190632,1437.20864001328,89.4691990089048,0.240610338972521,DRIVE
0.251960256497989,0.0835713432367389,-1.22872671400206,140.155108589949,66.5838902053476,-42.4197851295153,44.1994669727458,30.0604203590423,0.50774291817491,1.25707496911172,160.861142197774,1.72562518804582,168.345518463424,1328.65455684635,59.2039003974578,0.802354388472444,DRIVE
0.143428182986123,0.170524856717533,-0.852621921974955,154.982021318829,-59.0088224029612,-0.924609602664034,43.5609419714057,33.2199868450703,0.440326017333472,0.881257347354053,165.838243346857,1.06008181321448,170.388817534721,1447.09391924897,75.4438985966466,0.341963575189246,DRIVE
0.261966674490378,0.164066572212755,-1.27661652717948,145.966070430471,-30.5181595780119,26.8696874146861,37.3664765819643,29.0085350836916,0.38295798602111,1.31350452459403,151.523700729309,1.61235628967446,158.775167765282,1083.94674688185,75.748412082156,0.660715167665985,DRIVE
0.187036291646632,0.163533306061117,-1.17940282020173,167.445909694882,27.1159965518178,-33.68576316273,42.8667120294198,34.6305900084107,0.336956424186854,1.20528699025751,172.939702157718,1.30043706252172,173.859336508764,1484.49952929944,102.774378964883,0.489502234321176,DRIVE
0.0572799534141749,0.0859661082260098,-1.29013848930021,139.919828057053,36.4042884490983,-8.9329214993483,44.6767426800616,36.9236935908682,0.384211704872929,1.29426754822969,144.853814542504,1.42067073801302,145.283315710048,1649.63035735666,96.1022192201582,0.643603971641141,DRIVE
0.0747907763868125,0.153455243202101,-0.858485068322401,177.14255454705,-5.57260738135926,-9.03792513028922,46.628172763526,31.2453713212649,0.297897340121281,0.875293541865399,177.460482009776,1.23917602037209,179.795159902097,1456.91457202846,104.8860202059,0.228230706045829,DRIVE
0.201644144859021,0.0324346830581319,-0.810783579611523,173.368838763484,66.869383008586,9.44469762683087,43.4243570830505,29.4256040832407,0.410881720758095,0.836111465528779,186.057708658927,0.887762547939517,191.566185830525,1277.78793909511,71.6155793286934,0.287240172391883,DRIVE
0.0368895589647632,0.236598179099871,-0.993914610188709,116.843561496372,-53.7865402101167,-37.8964087939529,39.127865007119,36.2449105580875,0.437040697462153,1.02235306536468,134.095292871932,1.49930696854673,141.760878195134,1418.18596751195,82.932385556246,0.456797467566957,DRIVE
0.352065035999453,0.295060795417359,-1.08271135278381,146.057669521585,-78.7701009575181,-63.3845499546392,43.1322217846607,29.1345727679791,0.342704147416337,1.17612692172766,177.637757258659,1.33063085253315,186.742280267798,1256.63885422981,85.0135254390703,0.474053920506917,DRIVE
-0.00760813633282012,0.11409872135711,-0.919702046945354,120.89514230253,-37.4306688566841,-39.5926000765762,41.0312443113417,28.2228901457206,0.588520375179294,0.926783824367506,132.605672519057,1.23687814535095,137.487219651189,1158.02030074122,47.9555906310496,0.505496780126038,DRIVE
0.16153081277687,0.227995351405101,-1.12497712200251,186.722459533499,48.300127621747,-34.7902829489833,45.7787558079033,36.380659961051,0.351124891388678,1.15915814657351,195.98097614357,1.43683507897601,198.054533192357,1665.46134848732,103.611442087532,0.47178812069323,DRIVE
0.247324521074632,0.203282006425287,-1.35512357775502,161.680871269778,-22.4428359125222,-11.3603791562316,43.3619452116404,31.5309588968478,0.435522679841108,1.39242698330959,163.625924696926,1.58882571847,165.07007551931,1367.2437121556,72.3978060351421,0.844414412501879,DRIVE
0.181856633522354,0.285901948489521,-1.02021964908211,123.169855409222,54.5319173623346,59.8139025775527,44.8270894233585,30.5794491021898,0.562238899662422,1.07501622856561,147.384687923468,1.45971394403878,152.759039789673,1370.7876994209,54.3886143984983,0.649756945881831,DRIVE
0.236875781332319,0.279159566552613,-0.800687285855435,186.766229228335,58.9888346811724,35.9825073507811,42.6179427083373,34.916526551648,0.508251641008344,0.880420541054207,199.138263104966,1.18516011876493,208.026932030672,1488.07052815227,68.699154189097,0.393966344281998,DRIVE
0.0976198612846433,0.136247802343778,-1.02268254826584,116.925493192349,-6.72169847447663,-19.7797187448312,43.3083021594941,34.1250358965791,0.38836621109167,1.03632653902535,118.777057811181,1.29264609516594,127.690071766745,1477.89736581263,87.8679634170359,0.417094706562683,DRIVE
0.070911695001636,0.149348423608852,-1.14963608181913,138.403060725896,-33.8292387813454,3.77297707303554,40.5792825361024,28.3765939675468,0.59138816120185,1.16146310347893,142.527400771975,1.3825360254216,147.402564377965,1151.50182402134,47.9829456290314,0.797780583697603,DRIVE
0.09715262862176,0.175671160046142,-1.20216125080662,140.660443678258,72.5045363938595,-38.7840980875479,47.3225967686116,34.2567210243864,0.436475452040894,1.21880706539674,162.930888655029,1.40259125360058,169.439075252114,1621.11699565186,78.4846945676164,0.64838020848749,DRIVE
0.151769048992177,0.00646811151223967,-0.838283102114204,119.488619449834,-44.2566980705093,-52.2603177678803,46.9773362972793,31.1923590273817,0.513196324903908,0.851935584412776,137.721916612176,0.998793403510688,143.821715266598,1465.33393993479,60.7804396354214,0.372474936598645,DRIVE
0.020815262803892,0.100934218071881,-1.00730604110655,130.589507382887,63.6793864233263,-42.8793879575243,44.7598363963928,29.3423948630731,0.482774862502442,1.01256429523914,151.483747000688,1.06729502605812,158.710266946681,1313.36079354951,60.7785043580647,0.494982525886601,DRIVE
0.241348512335311,0.218137713648773,-0.928817441582295,128.779562171923,-35.7068987290546,5.18747552945277,40.773655734796,30.6455811249081,0.395358846542049,0.984141761287398,133.738805708769,1.11612134442541,138.577758378678,1249.53237457977,77.513134914799,0.382918882930263,DRIVE
0.146802471118888,0.0340679870465719,-0.972867337194506,184.697788379094,16.6980968419756,-53.8527607858865,44.983967954399,31.3132772877227,0.446583185407475,0.98447064407627,193.111934676587,1.32324962423278,199.97124777738,1408.59546205813,70.117299964735,0.432820585336849,DRIVE
0.200775816004182,0.0853965263516717,-1.01591815388529,186.764891330827,-3.42260733072584,-17.6460627973166,40.2958640981282,28.0107164966733,0.415441911967556,1.03908286021797,187.627882807974,1.1028814476324,196.110584670132,1128.71602524115,67.4237438882116,0.448549803357614,DRIVE
0.251152221701054,0.0893511710711576,-1.12973468822054,142.36401432707,0.76265138434308,-28.0811096649179,48.0063852864512,33.8816623962745,0.436366058829125,1.16075903442787,145.109072536714,1.4945457207356,146.106791431371,1626.53613914102,77.6448673444484,0.587942843284859,DRIVE
0.0398308125035798,0.143560487693878,-1.11025833409246,135.473661274448,-33.8519422587824,35.6012870987178,44.455722554907,34.0022127763662,0.524933485877893,1.12020965701665,144.105928180909,1.22047566075111,153.566317921082,1511.59293743905,64.774202669313,0.658723113173681,DRIVE
0.045830753947169,0.0465668191164254,-0.980194939966959,141.380542351551,-1.11839462720512,29.1809495507195,37.6063157802362,32.0086250644591,0.543931717901588,0.982370117108016,144.364941654276,1.17874646000746,149.423688423542,1203.72646186523,58.8466624841829,0.524921873850266,DRIVE
0.275628416214066,0.0392314243489755,-1.17689526501329,135.277893645421,15.9269150958617,-54.355021606407,43.2677819198018,30.9415445066738,0.496506522624232,1.20937694425346,146.656890419256,1.21648114189454,154.892541882858,1338.7719999766,62.3183800783842,0.726186762511285,DRIVE
0.236588627439116,0.0510214688331017,-0.873839317858565,185.295006395806,-16.161164883381,-17.0364320857715,41.4530839888928,29.7427940216434,0.461699234668893,0.906737295114155,186.777039980354,1.16806786227614,187.464392206463,1232.93053864352,64.4201405766521,0.37959642433522,DRIVE
0.206297456358743,0.248838327664926,-1.15824119118894,147.161090966845,-15.7308678497354,-84.6583559883472,39.291962423643,33.3956173195499,0.49369012522736,1.20249815416987,170.501859627711,1.24229054303348,174.189416858418,1312.17934083412,67.6447592696146,0.713876815043928,DRIVE
0.14145437556112,0.078324266493256,-0.999549180478291,180.879273971379,27.0876404003988,17.8828775958433,36.7495496924699,30.8018960770211,0.523391784388656,1.01254263874758,183.768466625758,1.22213765567858,188.234609299671,1131.95581050478,58.8504408080423,0.536603551375859,DRIVE
0.126645608442578,0.0469959748455339,-0.780668834217628,195.277270344681,-28.9751014028086,12.3236993398845,42.1727348290869,34.8857276418712,0.372077636718576,0.792269878581903,197.799500454355,0.987313413005491,199.883434352046,1471.22654116038,93.759018119219,0.233549992422079,DRIVE
0.260598995226426,0.198778805375617,-1.2277571895968,193.739276143733,-31.5861738475266,6.08624925292831,45.2036239415521,29.6720336262633,0.44969451799828,1.27075275580508,196.391537315111,1.60259840584604,199.16290856106,1341.28344962269,65.9824980207535,0.726172358698616,DRIVE
0.0938889785691457,0.0644086152361469,-1.20793882492251,152.433519789069,55.3468120293019,-22.9145017097853,38.513411247332,33.0098573240642,0.458836544567675,1.21329296328981,163.781323555829,1.40573831337893,167.054838825143,1271.32221033744,71.9423632936722,0.675444015536237,DRIVE
0.16413331871171,0.0294929993381221,-0.919965244887966,162.311332458006,27.9690656327586,22.8644348482818,45.8577481055008,32.932408735156,0.585255107981437,0.934957557926055,166.282950592038,1.17429580233875,173.874103319832,1510.20610428418,56.2700812277564,0.511598198075444,DRIVE
0.0792483167368622,0.259700568690592,-1.15950159955981,190.553191019287,-78.7931547149703,-93.7666138191204,41.435998719985,29.5211248324663,0.524827529634444,1.19086885947429,226.519442222238,1.31976786662349,227.770079671421,1223.23729077059,56.2490854927962,0.744293944180596,DRIVE
-0.0757034766879492,0.160626222449218,-1.16891844806515,165.252021119927,-52.1312197025955,-5.35965479089013,37.7941084112812,32.6999147216652,0.461526347983896,1.18232911574908,173.362684714383,1.65514960435307,173.516993386669,1235.86412203027,70.8515212901451,0.645168668566016,DRIVE
0.113100741207684,0.137244363973489,-1.28553043231499,134.649358104247,-8.16803169396323,-16.1879488321838,43.8477931615655,32.5902737298435,0.467712203400334,1.29777358792364,135.864697648185,1.37944897277719,139.230701488662,1429.01158158498,69.6800378798548,0.787728509899632,DRIVE
0.224969531852686,-0.0334388813179972,-1.03075755107927,134.045242213581,64.4845909118875,16.9838715462573,41.6040160299449,31.8205981289425,0.314717942118556,1.05555226216079,149.715868624107,1.07090107428807,157.324238777053,1323.86467463896,101.107985158884,0.35065576588412,DRIVE
0.0649607761762556,0.232381838574241,-0.964470684606417,194.492465623986,28.0343792236055,-19.2401301896672,46.2880016781121,35.8370662461213,0.372869552337857,0.994195615965861,197.442214869732,1.37486353127893,205.381443922054,1658.82618253907,96.111280500503,0.368553558486156,DRIVE
0.275076671015551,0.140284470011116,-0.859534872431358,168.745331427866,-53.6232055815747,18.098765641776,42.2899037539674,36.18508114174,0.414801324740114,0.91331654117775,177.983146318128,0.965512156537361,185.240701079885,1530.26359881368,87.2345186696121,0.346005323928641,DRIVE
0.123159392787082,0.120578455274747,-0.946192471062867,180.011092997712,-66.2491754643482,-40.5954104561819,42.729444280865,35.5586976123882,0.552234950445788,0.961762752556045,196.06359734036,1.05897372594744,197.768118979547,1519.40338832867,64.3904070057078,0.510810477143845,DRIVE
0.200250207623346,0.103140632816498,-0.930632941328314,164.767172172773,70.8808646008874,-73.8164252837779,42.7892727576626,29.2285756022888,0.564127983328449,0.957504990731835,193.961807152999,0.969491214278779,201.563614925306,1250.6694937643,51.8118665519286,0.517201452442463,DRIVE
0.184707579291822,0.210350481043773,-1.23112678497354,201.509455547897,61.3008980955781,14.2573887803364,47.9027240350224,31.5281557042075,0.424593113219984,1.26255192978447,211.109293773079,1.37715705758393,220.586084644495,1510.28454203187,74.2548111774518,0.676817291811152,DRIVE
0.0432275927968691,0.140341965992832,-1.19241942746226,210.11769680697,-3.59192353687327,-10.0054211978453,43.0192315654725,32.8521548746669,0.463917807920245,1.20142772699283,210.386446520461,1.43631731756193,212.461163636292,1413.27445797806,70.814449239391,0.669632224201614,DRIVE
0.177361825429803,0.103902464427824,-1.32818942339849,179.597728386614,-6.88075068409754,25.6374821206966,44.3644345114756,32.5837895990961,0.53655184777953,1.34400151921848,181.548806829176,1.34688541552338,181.574043085983,1445.5613998048,60.728015392968,0.969195109606858,DRIVE
0.153564224136802,0.234520741437481,-0.89439480426138,145.98478118559,42.1385093036817,-43.8911155307835,46.7150688798864,30.0476487290774,0.409160428171501,0.937296119158122,158.157011626667,1.12111652248834,165.971713761338,1403.67798005748,73.4371489105343,0.359457262131795,DRIVE
0.14966725426571,0.187808274949665,-0.802978588346978,143.105770708053,-50.03774797278,19.9050593743827,45.4189247547553,35.3368646517489,0.409580904494107,0.838121022575327,152.902744320797,0.880386614298464,162.169355464966,1604.96239668675,86.2754537346934,0.287708815560584,DRIVE
0.142327338761664,0.103279832274516,-1.12539894888412,203.461266834138,59.207578286102,-26.6758628029411,41.9910333685793,32.3012242665468,0.386783550413707,1.13905513003678,213.573467651154,1.25332479628062,222.364653106553,1356.36178602253,83.5121884573653,0.50183099826734,DRIVE
0.15647772956488,0.0723194332954429,-0.983962524209082,172.988385802499,73.6241527004256,20.7176617224348,46.570487470309,33.3828389486132,0.45037146227811,0.998948261588087,189.14206034263,1.22601929518182,194.171022175897,1554.65508297973,74.1227356125494,0.449424614525149,DRIVE
0.199358255575235,-0.0301208036525397,-1.06800921770047,140.238777127954,-69.473987330543,-30.5311888039043,42.7404603928297,30.9920886056346,0.443694500195539,1.08687380406919,159.454391647669,1.1785225700454,159.50322109637,1324.61613554019,69.8499051533681,0.524133946402029,DRIVE
0.240283373980723,0.142342732150953,-1.09802403559728,194.056184848024,-48.3181119593078,13.6224129679464,46.8403229781587,34.1523716891483,0.461884295884299,1.13298470243737,200.444538354508,1.4442393960338,208.5440025456,1599.70812038983,73.9412403760596,0.592899779122368,DRIVE
0.193261094264079,0.138726191737695,-1.0161889956126,144.555362496356,-66.9407369638621,-4.44108418574151,44.2839179703113,34.3310448957143,0.335629736706456,1.04366416132506,159.364482619129,1.39876830713431,166.2747180183,1520.31317599689,102.288143310725,0.365579616534422,DRIVE
0.0436778052598013,0.206307886195352,-1.20079973873186,154.733668737281,27.9507284693976,-28.2060741070395,39.863721455936,29.6890134627221,0.306900822501236,1.21917624120437,159.74772010705,1.32336663832488,165.045553725228,1183.51456297949,96.7378206514315,0.456174530572465,DRIVE
0.149547193758162,0.18712339203883,-0.836917302165333,135.186417026649,90.0452489181071,-25.9541103794455,47.8133986682542,31.6312947389673,0.389820174006888,0.870522887506559,164.490516586262,1.01506476400446,165.927199430567,1512.39970574729,81.1430903402092,0.295409664138971,DRIVE
0.189007103139181,0.115350379629046,-0.815907121647765,120.506345606176,92.1929450953546,49.3086692289727,45.6734092133574,33.8802706726692,0.454884066639138,0.8454193197894,159.538908476404,1.17317785945619,162.990785409133,1547.42746669213,74.4809472928829,0.325121029459691,DRIVE
0.287429430338017,-0.0144211176029356,-1.19250169522823,200.564134374977,75.7660337067151,-1.38389954759027,47.0658305496896,28.3233330524029,0.526679708092537,1.2267371108675,214.402376477474,1.71281519497784,224.215517352141,1333.06119404682,53.7770467328881,0.792591833800233,DRIVE
0.0589547289816148,0.206648283340057,-0.889048726534286,167.27847316572,16.207608228793,-72.2429301545684,38.6853657473957,35.7790254485438,0.494995801570158,0.914651196483623,182.931175873524,1.17965213956559,190.1091278614,1384.1246855623,72.2813265359508,0.414106959207284,DRIVE
0.0391951141371776,0.118191224090691,-1.22909335718008,172.267806859673,-7.00751047615405,-23.989582130649,48.705360146195,30.7490714153124,0.386012897444591,1.23538492102198,174.071257059051,1.50108952657613,180.648811858317,1497.64459744386,79.6579387915072,0.589123582361297,DRIVE
0.128690871050641,0.131988557407559,-0.84994379291282,127.364239310666,80.1155201941814,27.3256850670147,41.0870250603695,32.8229064556899,0.387325720166613,0.8697049906085,152.927561595516,0.965212592290299,156.411166251626,1348.59558009909,84.7421691990956,0.292968050681744,DRIVE
0.200156764278363,0.232950037523884,-0.856759715128457,127.458935355241,48.4895131977884,24.2821452853692,45.603647428139,29.0097312987538,0.455322699144898,0.910145955182881,138.515831844991,0.930738668688741,142.917841329594,1322.94955813342,63.7123245577473,0.377173688069829,DRIVE
0.159595668531702,0.0697542873103524,-0.836594375601768,168.419704450323,-1.98319704598891,-70.3221470696585,40.7478302214079,30.8123672521168,0.464342021051558,0.854532964431898,182.522147385308,1.20804504710343,190.75640809734,1255.53710950893,66.3569082665196,0.339074889372821,DRIVE
0.089482924907196,0.0347749199283272,-1.21075053379555,180.188280903475,-47.5326600265978,-42.035101695583,47.0313690703783,30.5749236058066,0.563463985166073,1.21455067576128,191.034342772999,1.63704965665572,198.862903097821,1437.98051640331,54.262331131002,0.83118451265719,DRIVE
0.159954452856893,0.214301319681639,-1.14460585595105,127.29201927598,5.35397910429929,24.5620035631573,45.3591995027005,32.0217288023004,0.461717848198836,1.17542887836035,129.750588756438,1.44095151702162,133.66467870807,1452.47998516491,69.3533065137304,0.637924637961503,DRIVE
0.188966674431837,0.165358135151173,-0.755666575710858,173.857076288305,-79.8418602385246,1.31867650147491,38.966693904031,28.3078797336321,0.382660040192394,0.796293721281962,191.318437505592,1.28807621599559,197.793422806743,1103.06448465256,73.9763831703366,0.242638490512382,DRIVE
0.178214948911397,0.0940483160196115,-0.986063954864053,176.167336976989,90.5211896553557,-61.0887310510242,44.0113440691413,31.6842506838302,0.489151038200111,1.00644313145043,207.269991691053,1.42558032711407,209.289694590047,1394.46645841898,64.7738294220667,0.495474673664853,DRIVE
0.146743855302591,0.213179263635119,-1.36140859320374,183.846713789537,-69.6954674949129,-22.5209564591226,41.2692291822468,30.7229518291323,0.474437339742824,1.38578949164802,197.89963577627,1.77675925632322,200.512584858776,1267.91254019159,64.7564693987128,0.911115404902321,DRIVE
0.125879843952906,0.0603685072439646,-1.30028002706077,156.013343137111,0.695705256231745,-55.2649990209402,50.1552321829597,34.494773952563,0.543640629391558,1.30775312676117,165.513949138451,1.64349589995963,173.597658942997,1730.09339668951,63.4513107305072,0.929744120691493,DRIVE
0.140046934839627,0.301128773825527,-1.04112744697944,129.719244523087,-11.4735502756868,-35.3092952520222,48.7345039376304,33.2325942283251,0.525968774940135,1.09281198897046,134.927651305296,1.39419825949891,135.135485448247,1619.57399427798,63.1834675901436,0.628131920588571,DRIVE
0.207698491159339,0.315224372098615,-1.34507435036379,193.904837303022,-41.4728407178328,-59.1932483700545,39.8583684014941,30.9839802069963,0.607757140926442,1.39704333361618,206.937002731066,1.54333582539215,208.346548079118,1234.97089763506,50.9807736343367,1.18617789085076,DRIVE
0.29726029887992,0.0486309505886391,-0.887979173932476,129.326575817772,-6.71265724960924,-43.2652299221024,41.5989803895733,31.5104885564469,0.321762615338955,0.93767567313178,136.536819577406,1.13947064909274,139.942381545464,1310.80419552551,97.9305522883712,0.282905168029547,DRIVE
0.1284819343642,0.237199965324315,-1.13140937892463,148.892962276096,49.6137967245917,-17.790060708745,46.0257546892923,34.2014075481773,0.562851223614747,1.16312450482588,157.94660268838,1.50527471616724,165.292219708009,1574.14559384092,60.7644531072991,0.761458126113682,DRIVE
0.204072446380026,0.246640558229081,-1.19350970295323,116.368683839083,-6.73052031383493,33.6298688822328,42.6696443625204,30.1740310514408,0.461202387543964,1.23569516442309,121.317511362423,1.66168651206614,130.775110590282,1287.51517394863,65.4245650972467,0.704229544803852,DRIVE
0.176740554845686,0.0287704206688229,-1.29757905862597,181.974513021812,-43.0590439171939,17.3573077159268,41.3714518381194,29.693654261737,0.402516029613026,1.30987647288486,187.803303442016,1.36494240279095,190.81740679268,1228.46958718722,73.7699328902534,0.690627493853772,DRIVE
0.157593159437327,0.052144091213292,-1.02342012005595,161.619776077558,4.96966132759596,-15.850571951437,48.1982152758186,35.2991257311387,0.360352048678745,1.03679474935266,162.471198014475,1.36049200495655,162.741556897199,1701.35486103761,97.9570614445056,0.387358039209583,DRIVE
0.158195720549997,0.168738664108838,-1.26950334703737,119.762881905186,-59.6447882200578,-9.47692571846875,45.7420705085258,29.8699583122308,0.329295806188583,1.29040201910283,134.128523309267,1.63441173789002,143.41204061124,1366.31373920479,90.7083146598292,0.548322752966784,DRIVE
0.130632281575994,0.142724102883564,-1.04957187679091,224.141398426018,-48.7247850405522,-31.6600117977637,45.0041434329284,34.1149749008942,0.527414750284652,1.06725633616487,231.550917753857,1.29219543336426,238.110232174035,1535.3152236506,64.6832690955513,0.600744433434646,DRIVE
0.0931772812791803,0.223164682478681,-1.01109126936625,142.366992333732,-16.4976196178127,-32.3421442614071,39.9904943843885,31.7743813399924,0.32600184593244,1.03961052141706,146.9236068664,1.53532632550898,148.619575225928,1270.67321854438,97.4665765542954,0.352339546879973,DRIVE
0.219592873473625,0.109591396221805,-1.38329699900638,178.781065611414,0.176912320274191,-48.6419144321967,43.4464988080883,29.95333954689,0.455738285484174,1.40489924609073,185.280156948203,1.66613832101991,189.143907172543,1301.36773092222,65.7247257389009,0.899509745696291,DRIVE
0.280313938318223,-0.0475311012493645,-1.07521203604325,186.518892491096,70.3280899861654,11.4603288248935,39.8907820386225,33.3673608813782,0.38993226586176,1.11216726801939,199.66641338488,1.52317468839747,202.58958651941,1331.05012012312,85.5719780861366,0.482313471059442,DRIVE
0.147426398384762,0.271330943787337,-0.781925408393269,179.090828244399,62.425098406845,-17.9301158796324,40.1652354896542,36.3218503068849,0.501384606822768,0.840691601176204,190.50434831737,0.881174197614212,199.458983278097,1458.875670996,72.4429457340287,0.354359772141313,DRIVE
0.240554100375609,0.17779441945281,-0.83760117583006,165.40211408215,-42.6807518254816,-20.5844975596306,47.1812267169273,37.2120001847994,0.513556908692693,0.889411524856733,172.05588469743,1.18119553788427,177.75336938529,1755.70781730936,72.4592096722371,0.406250661675532,DRIVE
0.0868573865654018,0.136665747642615,-1.20788001166346,120.615249722293,-7.20345876104026,31.7889425183073,39.7589459107749,36.926041606584,0.49766389890406,1.21868611822561,124.94184707345,1.41579881078061,127.618356069255,1468.1404909352,74.1986057041621,0.739128359713923,DRIVE
0.170883663932509,0.174981662600119,-1.08410954650355,179.91964798835,-1.10583347727817,-24.1252085888358,40.9725966053685,30.5442468315803,0.349244493750732,1.1113565214032,181.5332704751,1.1432255550226,191.377255755087,1251.47710404515,87.457812278548,0.431356525352849,DRIVE
0.0335874110810722,0.123223257284852,-1.10729439332942,163.142358200934,-29.8579053354773,29.7594499661518,43.6384472153237,31.9412868071748,0.52197415768331,1.1146357964904,168.500885495217,1.58023741796387,176.6910346286,1393.86815832441,61.1931168313455,0.648507457673744,DRIVE
0.190240363686227,0.0341691282897668,-1.13638924042352,104.782075885044,39.9714566775066,4.90883656202454,40.9068996080157,32.7095937907526,0.449583486184163,1.15270960395665,112.254609936935,1.366033474853,114.608815770818,1338.04806941729,72.7551657050589,0.597379305643568,DRIVE
0.337171751153282,0.204576701305087,-0.884772073233143,148.611020590838,-25.7396090939427,-59.2783556112944,39.0373892251038,34.8873692244962,0.454096924119421,0.968688824166933,162.054578341183,1.32492262222574,168.867540417036,1361.91181145657,76.827854459254,0.426105498808466,DRIVE
0.125341045705449,0.0579270525580003,-0.886372552144442,157.6965698932,12.414608041957,33.4618288265845,43.1115606043953,28.1701200759798,0.463285354203182,0.897063109458662,161.684954888623,1.32879487285078,163.767737328851,1214.4578388887,60.8049855567845,0.372816019817353,DRIVE
0.136469156927161,0.166585481411677,-1.01779817575448,127.708166106232,36.2537891582945,-13.2287022786131,44.0313329195651,27.92730019765,0.440055869224137,1.04033056283987,133.411811630482,1.1937660792748,133.4832581965,1229.67625254736,63.4629343404832,0.476267045763607,DRIVE
0.183252469936476,0.0815381407650243,-0.847636119854075,111.624543284134,34.920924216966,9.87430790439883,38.6718917341198,26.6370547161122,0.453675592799763,0.871043585487263,117.375515198654,1.15143905863772,124.012626192746,1030.10529609732,58.7137514671577,0.344211351995276,DRIVE
0.0330737480716949,0.114214771259833,-1.08247510553052,139.531201818215,29.2897529782921,-52.6952756720369,47.7829171325395,31.0061772918854,0.397025771547478,1.08898633640591,151.998809168088,1.37903029498494,161.107580214281,1481.56560013499,78.0959358761468,0.470829384881287,DRIVE
0.141701042490532,0.182667623189142,-1.01480232271351,180.222253802137,-66.5821350205432,-18.6274494237986,45.4367358948723,30.0712597942484,0.511637181845271,1.04080276718945,193.029073824261,1.07008754049186,193.105664566968,1366.33988929736,58.7744637935222,0.554241414729208,DRIVE
0.13105112443905,0.0618016199908935,-0.943715336217143,189.516842105745,24.4558135587102,-57.9284767125364,46.8338451655752,34.1466112147057,0.460298562777567,0.954773519355074,199.675808932347,1.32695874578342,206.017132616323,1599.21710255862,74.1834535072252,0.419604705281196,DRIVE
0.117770973298458,0.110555741527826,-1.18767181700103,175.740880688737,-41.5171370279287,8.48721901343849,37.9995616727578,31.1188063892026,0.417412364024674,1.19860624019524,180.777660950767,1.46028369320104,189.758678676481,1182.50100256911,74.551533494656,0.599678360866793,DRIVE
0.160336559286369,0.167994410671899,-0.877326217023262,137.131269723458,74.8907270708488,-34.4855748183543,41.7517078603217,33.7656141502762,0.39089774286876,0.907541307785567,160.008940399343,1.21172991223248,165.13494713364,1409.77205772668,86.3794390907332,0.321955586940518,DRIVE
0.0687278038755084,0.131995220147928,-0.974453194987972,142.341897330113,-14.6704521216535,7.85710146886095,41.7213905551085,33.8192651014247,0.518364812308903,0.985751123960667,143.311450849129,0.987573166964769,148.099363364485,1410.98676758329,65.242082518496,0.503697824252057,DRIVE
0.254540833231276,0.0727337696191696,-1.23629494779766,195.101969192822,-4.61421512939019,-44.3252306144455,44.6983938799428,35.0243394596212,0.463775759651055,1.26432054281148,200.12694829333,1.45997468885609,203.55239675168,1565.53172055097,75.5198244215029,0.741348536187683,DRIVE
0.103805585131356,0.180856521338557,-0.880848957290838,178.700499661774,13.6479277256148,-23.3340677340489,42.6886354778459,32.5783848576541,0.476196664703571,0.90519587182858,180.733542065629,1.3110611157137,190.296395616027,1390.72679564537,68.4135754381197,0.390185816634272,DRIVE
0.168452171108837,0.0402007179436485,-1.40803228655963,152.688887271925,84.4768268097596,41.490977540704,39.3860884898978,32.8133735929784,0.530567698783682,1.41864271459336,179.364800843052,1.81812823142785,180.979328386308,1292.39043598513,61.845664224449,1.06779251095458,DRIVE
0.255916873846154,0.182088133868125,-0.76774306440172,132.927697810923,53.2947070208868,-32.4630984672619,46.1635213409717,33.4947046520151,0.527034936162341,0.829505242751188,146.846693540745,0.862599147224454,151.692488886306,1546.23351301284,63.5529806485488,0.362641644302972,DRIVE
0.0987572877218006,0.262058536095497,-0.789813730880113,126.400589479226,-22.9031172083289,22.2362461019644,38.3050878625138,34.8956287367339,0.421205022773359,0.83799367999135,130.369139136765,0.971002678905117,139.013839844339,1336.68012477825,82.8469367721041,0.295784238484786,DRIVE
0.15177750764739,0.174575891667396,-0.733135927518969,189.5799185848,-14.986230297879,0.77646133266291,42.5179106399694,32.8864711062542,0.431643645195821,0.768766181617154,190.172909535932,1.03164421285052,199.839735841488,1398.26403975965,76.1887619185797,0.255102016740098,DRIVE
0.0918035416816888,-0.0287323000130414,-1.22869823342436,110.48314135288,-51.9260779648979,-80.0248081474034,44.5964556762149,34.284053084304,0.383436319578751,1.23245802530937,145.968530906651,1.42779559850439,148.328268459302,1528.94725377516,89.4124054538271,0.582421665168173,DRIVE
0.275458821111421,0.0679329868695129,-0.963092914009283,135.616777996535,-9.38963457634258,-76.4707705249068,48.7968057026019,31.0287874023128,0.518419329375579,1.00401215821722,155.973890303191,1.27174851714888,156.702143333871,1514.105710058,59.8525668152058,0.522587635330561,DRIVE
0.159241302997204,0.228217498781252,-1.04940827995407,189.820822447482,-56.2503014948545,5.38198904194694,40.53517714186,28.9488155772409,0.469327396869697,1.08567893843731,198.053040519322,1.17252520699335,201.47128503637,1173.4453674705,61.681363774965,0.553195619488305,DRIVE
0.173814821109794,0.149127871832607,-0.924946286664747,113.26050436057,51.8535499187324,-72.7537913117847,38.2742873758228,31.7576663576011,0.362049541029601,0.952877928913067,144.256184052621,1.09097325899172,152.087123587252,1215.50204855632,87.7161135218539,0.328732419845399,DRIVE
0.132450366412599,0.113833704031737,-1.17168506196018,199.794819913588,-47.7253168618688,-88.2164885399835,42.9765342173372,36.531848412871,0.502938714578769,1.18462951852343,223.557206960979,1.57944117770422,232.643965837663,1570.01223333833,72.6366348767422,0.705797584649078,DRIVE
0.282226252386469,0.143914947647671,-0.971525509584086,184.055393363648,50.0904355551483,48.1452461227689,43.731918959329,29.9307715785525,0.5324947449333,1.02187327270321,196.731808014296,1.1226741302714,202.129853035781,1308.93007706345,56.2084708907893,0.55604431728825,DRIVE
0.0946448137362322,0.0646050926347482,-1.04162836881076,162.488095908016,-56.0243517355538,-14.2450328062812,41.2361487933483,35.2674668740479,0.431710614153244,1.0479127432534,172.46457682334,1.43101209731281,179.074687615872,1454.29451158272,81.6921892250254,0.474070542038859,DRIVE
0.205754642827487,0.245124407632711,-0.914683434221087,138.181508026406,68.0786121346394,45.713983241255,39.9394612486647,34.4931511831431,0.512383963880016,0.969054556307763,160.681656869763,1.19377662444626,168.114342762121,1377.63787502348,67.3188200565937,0.481162735054063,DRIVE
0.135819436899623,0.0251533486972204,-1.19666907206002,163.990599723361,35.8991907689361,24.8622328846161,46.186459061669,28.0486782232319,0.419578267713212,1.20461465972128,169.705036223151,1.63057207579262,177.109004767386,1295.46912849123,66.8495332862907,0.608848546698282,DRIVE
0.151657410788939,0.174467707187912,-1.30342475630962,115.891347037166,20.6503630576042,-18.2041409666126,39.0168549172855,36.3770351699234,0.400288321270975,1.32376548015856,119.116046613511,1.5621354082488,128.237303694468,1419.31750354589,90.8768564058146,0.701447259817961,DRIVE
0.0845216584450715,0.0996983356993719,-1.03213779737527,114.122554452885,53.6116278200512,19.0122568243175,41.8248479884642,30.8215302147254,0.436673248720779,1.0403807484081,127.513254142153,1.22520686233241,128.720512914052,1289.10581600275,70.5824314234603,0.472651675420797,DRIVE
0.13364356326895,0.108893625282936,-1.29287506982578,174.425838072125,56.7907214277916,25.4625526082963,40.9351873819088,28.6203905334011,0.331234652745412,1.30431758778585,185.196923875053,1.6421693893446,190.746487627624,1171.58104942818,86.4049213790365,0.563511088068269,DRIVE
0.00192835579025011,0.278700061250875,-0.877825294885377,119.414783911668,15.2464067426905,37.1087818326663,37.9759359898589,28.6666306996721,0.422423258660137,0.921007432672449,125.973827537066,1.41234394631562,133.977635589619,1088.64213249567,67.8621791054286,0.358322510761975,DRIVE
0.223661135214107,0.134340022501156,-1.07817988549539,124.137670672655,-8.11637739699786,1.08313445035312,47.2258525128376,28.8522276268678,0.502243073018732,1.10929861197863,124.407435639195,1.53090651358511,131.499990347992,1362.57104657328,57.44662640507,0.618031903991416,DRIVE
0.283778264551907,0.239569818964148,-1.40958275521012,194.58409131044,13.3133910720214,29.7357749744287,43.5967015812031,28.7448509265047,0.424550629469019,1.45768561266699,197.292755280765,1.74554500507787,202.374805072743,1253.18068783899,67.7063728679019,0.902105278005101,DRIVE
0.0819606580487932,0.241082549266952,-1.46471337824894,157.083473074593,-38.9872445811413,-7.43426029830517,46.8851970096699,33.3191602511708,0.449038131041983,1.48668208620749,162.020032648402,1.9217834973755,170.308244775763,1562.1753925729,74.201017122616,0.992474685957026,DRIVE
0.211273616452599,0.111286950601865,-1.09458932178072,119.667305695735,0.00791083523936642,36.6684059545452,41.9920320181809,33.9063209994593,0.378778196085706,1.12033348148647,125.159243007878,1.13741868683132,128.951032441614,1423.79531702801,89.5147393253017,0.475422358049355,DRIVE
0.127001965101663,-0.0593615923917776,-1.0698577869149,144.503007298784,-7.55073430427512,-21.8459894256175,45.8050153028948,36.5866371038641,0.545742771546085,1.07900369879506,146.3399465659,1.57284680889924,154.738905168455,1675.85147242395,67.0399535668811,0.635380466213712,DRIVE
0.225743313219119,0.145777387904347,-0.971238755172001,135.279790674594,-57.4552945987681,-41.8401527023717,43.6703145665818,36.1431764777504,0.410081889656787,1.00772804358885,152.814695041252,1.3206220624499,154.80144244156,1578.38388621884,88.1362704696114,0.416444642273651,DRIVE
0.250946406161622,0.0670772866346346,-1.25004403112463,127.479322891232,62.652536770358,-3.62916282610097,47.9730418106218,27.431151157872,0.569762360136025,1.27674725020186,142.08972148395,1.74982628982642,151.323103240678,1315.95576141008,48.144814281008,0.928760245480934,DRIVE
0.200150326592213,0.0735802806476021,-1.19674691185352,107.937180194704,54.8147834216952,-22.4581658100456,38.4285432274698,36.9696703694114,0.37557044077815,1.21559754111552,123.123777401048,1.40025817383836,123.607498368467,1420.69057589624,98.4357870577528,0.554971945672909,DRIVE
0.121998163046996,0.15859825744248,-1.00389086899752,188.089867966407,-28.661037972994,44.0179295289396,38.8428819865284,35.9315403598209,0.382665184367564,1.02363755104394,195.286537296672,1.36270298412013,200.7825880492,1395.68458179071,93.8978718989904,0.400969528004014,DRIVE
0.188873585263927,0.128051229795128,-1.04351453336685,172.070412057467,-41.9013782900055,27.1093554310255,45.3315679119941,31.0170231055229,0.408263343007947,1.06817270607815,179.161573335674,1.10874492974453,183.655632235087,1406.0502893359,75.9728926533248,0.465825587954447,DRIVE
0.19906211827256,0.222523937239212,-1.36152658977701,136.207217258922,34.8948924068474,-33.2225749964694,44.2361445642218,35.9076178498835,0.31005251256762,1.39387850411914,144.477676610958,1.40803442507804,146.797219155808,1588.41457416428,115.811033884199,0.602400184641098,DRIVE
0.161022364662428,0.258007615200345,-1.0035495464458,172.651790461576,-13.8728159086378,-63.715910789128,47.1389090706315,27.8801340985098,0.359411091373718,1.04862186873745,184.555718032553,1.19156620842224,188.985936465489,1314.23910614667,77.5714973637877,0.395211247961148,DRIVE
0.216806471809252,0.135566227512843,-1.12090647380765,173.826076751844,52.9837265867763,-49.5318440218709,45.4712553054579,32.5457532569184,0.363974540323776,1.14970194889125,188.351224615523,1.41862221202033,190.325779854827,1479.89625545378,89.4174186209524,0.481106850976489,DRIVE
-0.00620163212705624,0.0599175325370601,-1.05543931498693,136.946385618886,-35.5221787138562,-41.198397201162,40.042426064316,33.4007570523805,0.512811750008363,1.05715690347576,147.35482905762,1.42333606501237,152.218608318594,1337.44734476213,65.1324621937263,0.573108524063667,DRIVE
0.363014353926421,0.124784546662985,-1.22496282406071,194.699874952338,-48.4906947314559,-85.7866915864787,47.2638086253892,34.8605014050782,0.474634781312054,1.28369954606726,218.217197386798,1.29617056208009,219.23458536402,1647.64006699473,73.4468465666703,0.782143310948364,DRIVE
0.0181055100269497,0.163329733244558,-0.997725816013774,176.978795903771,43.4288465629067,-85.8942382288351,45.3922092032647,32.7185006570911,0.511245045013906,1.01116824277438,201.458132311021,1.05303784423882,209.116387571414,1485.16502664383,63.9975623795802,0.522728229987558,DRIVE
0.0710528730893969,0.0321274866674246,-1.00918803950748,144.113060302508,-87.1139403301832,-44.942226395443,46.5544305303488,29.5695636307127,0.468373069270596,1.01219621875344,174.290609222024,1.20325472044873,177.058096105108,1376.59419585874,63.1323669919679,0.479867499533784,DRIVE
0.13579589594844,0.307848884952577,-0.964428685221291,171.698943270072,6.8644093198043,-28.4485121616406,46.0142284730401,33.8369975646293,0.329869151752616,1.02143729626476,174.17509890791,1.41369617435018,182.768721752922,1556.98333678056,102.57671809605,0.344163751121226,DRIVE
0.126051730079481,0.0413483447662942,-1.05536331273468,173.215188736229,-59.0004306019957,-73.0496499521723,45.9697541955725,31.6908181181637,0.454010506155009,1.06366839105863,197.029956550478,1.50577943266336,200.503298396296,1456.81911914858,69.8017950834572,0.51366314910972,DRIVE
0.289593916413772,0.115232511175445,-1.28687897184709,119.093836845658,-47.7699386883121,-0.876473562367519,42.8836186519275,35.2496163334867,0.486079734412613,1.32408483725096,128.320213617383,1.46451494211812,131.871870111738,1511.631104472,72.5180280516217,0.852195309356135,DRIVE
0.0825938087358778,0.104394113705315,-1.41665227962767,157.396677319133,66.3634335486264,1.16141503459411,45.976991018111,31.5119365162812,0.493406721536463,1.42289266973729,170.819109669699,1.49956883864791,179.037923247873,1448.82402217234,63.8659168489572,0.998962867949758,DRIVE
0.0783739549251608,0.0277119656039158,-0.885235173516961,94.9353089915212,42.5551578270702,-38.9778252181757,38.0881113040601,30.8947213004479,0.424346602104668,0.889129766839379,111.098718308273,1.27164344122275,113.863003086854,1176.72158359938,72.8052218210191,0.335467945624379,DRIVE
0.247642877419971,0.184668100884031,-0.848776039887196,156.678879138582,-47.7674846603549,44.6648590073911,44.2421538462809,28.7080449869289,0.344195932295128,0.903244190741102,169.779131194178,1.34523162362972,177.625329780521,1270.10574293766,83.405871154928,0.280812274805321,DRIVE
0.142588903346074,0.133897930466775,-1.22228493856299,146.715188494957,62.0965480157083,-82.7321354620566,45.9905101325225,30.1550521601866,0.452849525795376,1.23783711455855,179.515832306485,1.27787069126095,184.371117850822,1386.84623191981,66.5894162477189,0.693874484442963,DRIVE
0.0827533123733442,0.150329035324991,-1.24870516798032,174.668349101326,-25.2474824654646,7.65449046350089,44.946500641937,33.0226963254421,0.436271832643262,1.26044100461357,176.649536577038,1.28735559954023,179.844696040322,1484.25464158997,75.6927634603472,0.693110089038035,DRIVE
0.24358185066846,0.107683876639584,-1.14547545341506,176.578818366822,-46.536424240023,16.7547421701573,40.1811841309001,28.157154497916,0.561481082445471,1.1760280394785,183.375132616337,1.46286746952745,192.82793567622,1131.38780948297,50.1479127798358,0.776551890951161,DRIVE
0.0710331662111192,0.143092773203468,-1.06968035248242,151.940375388953,10.1567463461286,16.5148452953077,40.7865117315883,28.3302317312802,0.473825456875297,1.08154394683339,153.172377682151,1.14460288989609,160.928729380969,1155.49132886647,59.7903120862164,0.554251314828763,DRIVE
0.0759640117622508,0.00321021741229995,-0.921505892196234,173.647810655771,-68.4796554574071,-73.5603290503082,40.7566874116788,34.5108488341758,0.500906381367555,0.924637196921705,200.634362378674,1.23246660915368,204.241492521612,1406.5478782462,68.8966665652955,0.428251887292324,DRIVE
0.229638449124228,0.214126523152265,-1.12478727732415,136.724995124224,-85.9418774526637,-16.5434657772436,47.6677288878414,31.970290517911,0.455789385293682,1.16778868142474,162.33735507187,1.21854225777095,164.374768715722,1523.95114087331,70.1425294377621,0.621573842756833,DRIVE
0.0779486086809302,0.0528784143370095,-1.0365551219037,142.550916080529,59.6609130727837,-24.5907688355631,41.5475152404313,29.8404054637628,0.498577053599291,1.040825937918,156.476497072246,1.3724168781063,158.707022093368,1239.79470078634,59.8510208147783,0.540117812171729,DRIVE
0.111746865843245,0.0627224976158262,-0.730145597258394,132.93581224698,39.4864352923253,31.9884904952271,37.0086098764178,29.273650728067,0.417006868889244,0.741305650139518,142.317856483375,0.79979827923325,147.159278336803,1083.37711945355,70.1992765892914,0.22915948059794,DRIVE
0.144915599997788,0.0413347191533334,-1.02218846517067,105.572387132777,-58.2006898705468,-62.1922764879876,45.9105970691477,31.5270277783153,0.517074461864619,1.03323683076929,135.64928485281,1.18763913338225,138.969390063697,1447.42466911806,60.9718118601608,0.552017500027325,DRIVE
0.15036474004725,0.201654231598743,-1.06275771360709,110.058715289092,55.9346792702192,37.6641588292054,41.8147006165356,32.0406808367003,0.477706096115105,1.09212084587857,129.074389467699,1.09271422466182,136.285799144874,1339.77147673659,67.0718126175377,0.569773408901426,DRIVE
0.232575673481384,0.225958907720043,-1.0068485307883,115.512228763142,-59.2803374751198,7.86195615360709,47.1141716289485,31.1378962356505,0.543615931125092,1.0577773091837,130.07322460658,1.1893248687903,134.715281847583,1467.03618741083,57.2791141203168,0.608247970775614,DRIVE
0.216250885784085,0.0776344966132135,-0.90461533755157,97.4516033157379,-85.9496948909037,2.62487515153787,48.3130910795049,28.3236306670646,0.483037555837419,0.933338346796235,129.965591639513,1.15422539850633,132.76851070728,1368.40214812015,58.6363765889481,0.420783902475688,DRIVE
0.116197111095945,0.160054048845843,-1.08773715695809,146.048893947102,18.1180561199577,2.09036508397571,46.4348304259165,30.4453488705617,0.512677734056313,1.10557278810862,147.183263338336,1.189859689357,153.051071238958,1413.7246120624,59.3848483428954,0.626641477546867,DRIVE
0.147315507969306,0.0695349056974228,-0.734231761932844,130.381681475698,-53.348637678246,-11.0148983730069,39.8564935027595,36.2261131157295,0.513690119429817,0.752085927424263,141.303885271151,0.974239303439897,148.064480790973,1443.84584202731,70.5211979446706,0.290560207754404,DRIVE
0.0760594420742243,0.0141134621316678,-1.02694820324902,108.773886202758,-49.9758762466396,0.456996496128577,45.0165780747975,30.5277875305066,0.436282005946995,1.02985767982687,119.706120863001,1.07299974556776,123.812996623434,1374.25653081788,69.9724424613861,0.462723679980992,DRIVE
0.0346946777291863,0.0622659236654952,-1.14985214905243,121.420412744758,-41.1821699630965,-8.26962597906133,43.3614355134153,33.2200527882999,0.473347398153914,1.15205934334701,128.480638493939,1.48762498586538,131.185161690478,1440.46917673212,70.1809764601719,0.628245946550164,DRIVE
0.0793241520190896,0.0631280987611446,-1.11742808115567,116.34025308061,16.1186381772698,-65.7434963834472,41.8753996471471,29.9526354252845,0.375046803343689,1.12201737709449,134.599674220521,1.52822211068887,140.64471552915,1254.27857891908,79.863513819427,0.472155044743836,DRIVE
0.187080278989688,0.215833833196174,-1.08755176324682,184.517767915491,0.552293097348641,-31.4899146025693,41.1532783773898,33.6752367631815,0.335644285737983,1.12443412972049,187.186341451126,1.18385710339233,192.464713808802,1385.84639293972,100.329836866738,0.424372561580492,DRIVE
0.137560134776346,0.230385215138683,-1.09981223068047,112.829821357594,1.16546553181008,32.5777026722597,45.8195779896532,34.576585326237,0.387163578835359,1.13207202985876,117.444598040499,1.62594144621481,124.614616376302,1584.28454797141,89.3072021987338,0.496183840787252,DRIVE
0.0904512362843753,0.108407773240319,-1.20692820490297,144.957119573736,-6.83934795393777,45.4861511191439,41.555370849495,35.5158649031302,0.431298988468024,1.21515816387605,152.080022156702,1.42398437806761,155.09878163788,1475.87493709014,82.3460835908723,0.636860124725499,DRIVE
0.0870016692787437,0.140620200744504,-0.888663726618106,133.331762089108,6.46492917736535,22.2746616577901,39.3879578657299,35.3906599395629,0.456709830334911,0.903917336000086,135.33408529644,0.920766086345248,138.033113776037,1393.96582253988,77.4903014969243,0.373162325569659,DRIVE
0.219864207488491,0.0378994482480226,-0.977945787023843,158.163459079416,44.9372804692976,-64.9173394813239,40.133221990702,30.2247952935197,0.380852860477033,1.00307257976167,176.774715186521,1.42987619340251,183.381108020699,1213.01841913835,79.3606115890804,0.383196857594853,DRIVE
0.120175368922471,0.244063063472005,-1.26266111514475,100.150640202595,-53.6522190772108,14.2177504453238,39.8643425943272,30.7454657150796,0.5432732808701,1.29163539357885,114.502645264745,1.59342449603271,119.63098812075,1225.64777848807,56.5928975430938,0.906354761025471,DRIVE
0.238851939944611,0.0920910189446531,-1.08734844488192,137.826947592528,-15.5542777425199,-10.7583225883016,43.1192501673793,30.1265434889963,0.457044938491679,1.11707548785778,139.118455079399,1.32809010840107,147.076060584691,1299.03396538047,65.9157886588348,0.57032702086714,DRIVE
0.117742717333222,0.207288089186454,-1.11617410611764,188.493872855749,27.8428571103546,-50.628713656089,46.0593871025186,35.2288901041477,0.413608638048064,1.14134847201506,197.150783520373,1.28735796111157,206.449467323039,1622.62108649903,85.1742485267085,0.538798184559397,DRIVE
0.215952766875723,0.0760787553836589,-1.17052012695511,172.091669390903,11.4396231810145,26.2577675521582,48.3247628195722,28.7989883265841,0.523211538649692,1.1927032079059,174.458814650034,1.45250322007335,175.661664229979,1391.70428032581,55.0426188197029,0.74428983513397,DRIVE
0.237012361252626,0.120236953591962,-1.1014446678536,165.794095799661,9.94121736492861,-17.991697810465,40.9134843644441,30.9247323747694,0.533279077301306,1.1330543414765,167.063494500824,1.49965482841979,175.995256496753,1265.23855448974,57.9896637640501,0.684630153841373,DRIVE
0.0445311624135663,0.236854335840456,-0.984278176259928,113.127305114701,-31.1539693680115,24.1462488922141,45.3243397293491,30.6561366585201,0.357669728964434,1.0133540985726,119.797321779172,1.50463305797093,123.566163696498,1389.46915270012,85.710499003592,0.367286226538242,DRIVE
0.0115173560655728,0.185970860421016,-0.892126039244021,124.121366781024,43.8654114719377,-59.7866863828488,41.5012242441825,29.1677301989363,0.452106754491112,0.911376256171784,144.584701416965,1.33667460190603,154.487287216056,1210.49651167987,64.5149965007064,0.375522890495263,DRIVE
0.193858479350288,0.172090179655287,-1.1548976119394,196.62285264281,42.6000603204907,30.0710023549226,48.1522637625573,31.1036168964291,0.362060528048475,1.18363196729943,203.419705297534,1.61617952890597,209.905139233199,1497.70956476639,85.9069922840979,0.507241236378591,DRIVE
0.212254784730181,0.29684323692196,-1.07345692615819,138.89078901326,-67.3441394619375,25.6015102243261,45.1934435879244,27.971501169469,0.433882627269757,1.13378912204349,156.465081466636,1.30347472060073,164.730508148497,1264.12846017196,64.4677499021607,0.557746473560725,DRIVE
0.145945230629307,-0.0176340155177759,-1.13807285860676,128.539029498255,-58.7358498363173,9.93681089804382,38.6531293472235,33.609650149502,0.376517619126138,1.14752812616689,141.671882782615,1.15499239962637,143.667662332476,1299.11815454363,89.2642446939453,0.495806232561332,DRIVE
0.142511528396666,0.119470889159333,-1.09629277182351,180.107019244818,85.8136327256135,34.8367843865348,39.6642071868825,32.852116584514,0.491575589021434,1.11195353798392,202.524367643041,1.5291933236455,204.301926920243,1303.05315873578,66.8301081015913,0.607804050957434,DRIVE
0.126891785051802,0.154381191184604,-1.27468357328432,172.800082051186,32.6234453644868,-84.3828446117934,38.0491816607764,31.3091424206702,0.447686019111601,1.29025318806275,195.050306354859,1.36591112543467,200.099094787193,1191.2872476072,69.9353367064355,0.745286772892386,DRIVE
0.114850340163721,0.168406213617868,-1.05062532129142,141.367556951594,53.5656360394386,28.601303417777,40.538012079677,36.349066057396,0.359147284322409,1.07021718317336,153.85739527227,1.39386822509493,154.807427499792,1473.5188789197,101.209076150745,0.411354664359569,DRIVE
0.19184245796882,0.0456664993566993,-0.99586962126342,138.513143268537,-54.9334242501587,-15.5050220193228,47.014998004592,36.1903550801583,0.429308407841759,1.01520700371814,149.813142500242,1.41969407680507,153.207213607669,1701.48947187912,84.299003047932,0.442464675791275,DRIVE
0.284273005674143,0.0286342854870981,-0.944179009583768,126.656492487731,-64.0550714994383,-94.1920802193322,44.5558145267629,33.3195111320527,0.443192949128961,0.986460879203506,170.343967460365,1.41712813026532,171.029132776667,1484.57795812215,75.180428788655,0.431273304101047,DRIVE
0.232906937605827,0.143798542081155,-0.915539252841034,196.255646458167,39.1700484121705,-31.798863457986,42.463655990511,33.3781782234299,0.530606808992499,0.955581386268229,202.636963993602,1.1510157132983,204.892130356482,1417.35947766969,62.9055540792121,0.48451606547081,DRIVE
0.24724019865073,0.144585804122654,-1.00520281487954,175.314493975702,-22.8927195921956,-17.1541825358065,39.64123756589,30.7295239967409,0.469915101388215,1.04521072976907,177.633089222574,1.10295090835835,183.370047976291,1218.15636104153,65.3936392176401,0.513366021921672,DRIVE
0.16249228874807,0.320109107905678,-1.17550964510751,135.327794840832,72.6708847569258,10.1400613181163,46.3936619353437,32.1464626510666,0.434005010987836,1.22910394621755,153.939892137717,1.36727859995767,156.036469875126,1491.39212065074,74.0691645673258,0.655649855685511,DRIVE
0.0713983075009768,0.215682614616908,-0.857281468436587,181.2422858263,-36.7314731663669,4.99519511632848,46.5401384925734,29.3828643762307,0.477892954741844,0.886875540697104,184.994376311184,1.07194291805765,188.908123852068,1367.48257737828,61.4840679290516,0.375885855142517,DRIVE
0.206687357543485,0.0201697718428559,-0.888170939468463,129.58745536992,-48.4210535419833,-40.4369540419829,42.1859847618331,33.5298352983471,0.560468320938181,0.912126143239406,144.127215568608,1.05681637670457,149.71405918632,1414.48912096284,59.82456852807,0.466295127552851,DRIVE
0.124274365066492,0.242381409382067,-0.983549489141557,165.966651236696,12.3647891090325,-66.3152324963966,43.7808804740446,31.961335268628,0.451299589207912,1.02056967572887,179.152246409263,1.17203101680362,180.969725135698,1399.29539918667,70.8205041892901,0.470056711694104,DRIVE
0.141584083452476,0.277063134130295,-1.10553977862131,136.935708514006,-12.8120493627125,-58.073451972691,42.6557822738358,28.6619904710739,0.465926573184927,1.14848954505265,149.291870840746,1.30600328382517,152.374482522863,1222.59962506889,61.515978277804,0.614570305512089,DRIVE
0.230434377506494,0.212141276799121,-1.33071502028178,154.325231345552,65.5305608012362,9.79430322210497,41.8929748774775,32.2491255526992,0.412829922800832,1.3670795108048,167.947788923788,1.75600696563428,174.736422911809,1351.01180659985,78.1170299305743,0.771540480236006,DRIVE
0.106188444824795,0.267567234048114,-0.987873435385303,188.25832608939,4.82384012981133,-49.3717991192656,45.697337305741,33.8779662998225,0.474998305456132,1.02896167804755,194.684466056874,1.21515658601762,197.426619387753,1548.13285323552,71.3221386024768,0.50291021995407,DRIVE
0.232101789740224,0.275111451109394,-0.823591276199859,141.774554902348,30.7845406423762,-28.6571830971476,36.8590316935471,33.5509676449367,0.44250436035089,0.898810403569432,147.881528607816,0.992515696255512,153.800246738901,1236.6561797739,75.8204773346295,0.357481635196042,DRIVE
0.203250130772252,0.181263165245129,-1.11776644495165,163.636765931138,-17.275098444877,-26.770023727105,44.1378852956429,31.2035690488875,0.418035169883031,1.15046459145576,166.709490914681,1.22546941155958,169.833128279216,1377.25955149447,74.6432277800708,0.55329829820791,DRIVE
0.129156709951534,0.117041364730722,-0.993331062152637,177.192273577126,-15.3142134038519,-1.71268230883324,44.2246175781686,33.2040924984048,0.484820686055125,1.00850718183899,177.861070018992,1.49506592078745,182.920810071429,1468.43829277209,68.4872262389465,0.493104689038218,DRIVE
0.0446420495157599,0.237239727437748,-1.14693199335851,127.747359469146,-29.424200779196,32.0652361565104,48.3594325662585,34.3545884844262,0.534836679002722,1.17206168704937,134.956847964845,1.65207447980062,140.725307748053,1661.36840515417,64.2336728191721,0.734720441338573,DRIVE
0.141905422341648,0.267449448551962,-1.31215358645017,170.111650384893,6.56657203964465,-40.199412945656,38.0001297027952,33.5454546841247,0.410898019861156,1.34663038390449,174.920228293354,1.62445974218578,178.173796090693,1274.73162893598,81.6391693887704,0.745127971491928,DRIVE
0.158543573702531,0.177423124592181,-0.849939319546136,167.07690173549,20.2130805735441,41.0812698459033,39.5170498095445,33.0295634876444,0.323900943266559,0.882616494754642,173.236631380188,1.03869357313088,181.255838934778,1305.23090552876,101.973959015313,0.252322681715574,DRIVE
-0.0100920854579393,-0.0159629657014092,-1.01433266433178,162.621686551759,30.0393308773756,-26.311897284356,38.6611619488225,29.5058272739113,0.483831169211332,1.01450846245523,167.452949437153,1.29615358032626,173.632858701905,1140.72956667067,60.9835995857966,0.497972306193241,DRIVE
0.137676640008845,0.301672316586645,-1.31375545814134,159.774332199786,-19.6373144964144,25.2512160411741,42.4880876657198,35.9873002401666,0.447497713101108,1.35495920514053,162.945037549711,1.51604820378911,167.960594530855,1529.03156745678,80.4187792871611,0.821567516748066,DRIVE
-0.0092211087491766,0.121686654291541,-1.05841238475048,143.66121914302,-27.4361704249903,47.2910457793512,46.936084671148,31.9004612292744,0.332931984172238,1.06542453832847,153.713149548608,1.25645224941336,158.063064125643,1497.2827493059,95.8164638105401,0.377920899039577,DRIVE
0.115480306356832,0.120909569634824,-0.933956640616404,146.938167248552,62.006070833789,-59.6946975783865,44.9392859453684,28.3633604190088,0.486138660954508,0.948804422279442,170.291029515895,1.21775181249755,179.6533850305,1274.62916424138,58.344057679472,0.437636524951939,DRIVE
0.246831172307776,0.114444154371867,-1.0991039716398,113.487387558879,-56.7793581676983,-12.5234681150706,43.8595322953776,30.9864963407821,0.587645191452332,1.13227763051608,127.515175185169,1.61643762336249,129.504100463308,1359.05323697913,52.7298513825145,0.753392064716867,DRIVE
0.0455882069101645,0.118957856759185,-1.03295883198813,189.062655258287,11.3281237726316,-65.8580320813416,41.7274818002444,32.1219766726091,0.460271162256496,1.04078489846669,200.525046792536,1.10486976266047,202.325377758308,1340.36919699417,69.7890928600381,0.49858100620325,DRIVE
0.228877836622908,0.0934262372116739,-1.06513106727781,116.273591243803,36.29027613795,-29.6147458713225,35.069710353018,27.9754896227912,0.404082472927863,1.09344305584566,125.353760756998,1.32093954297809,134.807080648136,981.092318055148,69.2319570015808,0.483128163510017,DRIVE
0.261713925630484,0.191237851816684,-1.01889375871275,209.373342536992,19.6987537292726,29.9586120909103,46.011178175699,33.9567451521543,0.378796434471351,1.06921026294185,212.421175738232,1.24540983753679,214.176167213665,1562.38985146258,89.643545763567,0.433044093970712,DRIVE
0.0289709247125218,0.113692294880485,-0.793280135791093,127.388926054576,-12.4091588765387,-96.4516192752668,42.5940993117835,31.4790121875057,0.269658369266436,0.80190936285507,160.264907469422,1.26848752027883,166.880717101638,1340.82017135146,116.736207880109,0.173406140493143,DRIVE
0.0917941242135788,0.250739560469494,-0.890983580388722,113.665506341511,-32.4484219880354,-23.0445677818149,47.4525540005727,31.7749409814175,0.494169457945119,0.930133446848826,120.431721426027,1.29806737299138,129.821396510607,1507.80210278572,64.2995558932142,0.427529831340859,DRIVE
0.29996468928048,0.205358437842263,-1.02441066554853,146.266109089451,-41.3027479883168,-21.4192601464375,44.2557381797584,34.4138408103538,0.363481239986383,1.08699959268517,153.487707536383,1.42461366317361,153.685992103918,1523.0099286629,94.6781906363377,0.429477843386007,DRIVE
0.138385966831225,0.177744762170264,-0.997081249210638,187.546881766767,-22.3105880198937,-25.0641869523526,45.7946455173937,33.646664763246,0.481992390705367,1.02221078737324,190.525086709897,1.11461345335382,197.032470610115,1540.83708567543,69.8073156439059,0.503641027757018,DRIVE
0.0858217227614922,0.0769351156314466,-1.16622032430492,170.85739369044,57.7706976236946,-91.0577234875517,47.6785435511952,33.8088047352337,0.413486829787429,1.17190196899607,202.042598204818,1.51330074114567,209.158575154416,1611.9545689827,81.7649330879087,0.567863884644313,DRIVE
0.22600082652551,0.232671098709173,-1.15561969322973,190.039221793397,1.75516162215287,-28.7152860060524,43.5459765718817,35.0804474972739,0.32854369218187,1.20027875476705,192.20445900803,1.57857113529644,197.813243629868,1527.61234484741,106.775267816089,0.473322741760033,DRIVE
0.171874657331261,0.154732630404583,-1.11891339169884,155.973991662708,23.8333346034843,-4.77766215077655,44.5904020008771,31.7890820380354,0.33548394663817,1.14256302358674,157.856707076852,1.44712291267821,167.572672213697,1417.48794731486,94.7556137960514,0.437957606326682,DRIVE
0.070662421639011,0.180518597382703,-1.04008351519743,194.125591033056,-19.9048233827641,-57.5779635304168,43.2562269818473,34.7304787581133,0.556847630361419,1.05799520812636,203.4604850386,1.07847042754554,211.838995979331,1502.30947234917,62.3696941403478,0.623309544709862,DRIVE
0.144146149692945,0.164997884215793,-1.02077996967697,170.388588655812,-11.8648638988008,-74.8180230474324,46.3990273807849,34.4042873448188,0.45028991133214,1.04402785439887,186.469254066677,1.37007767100594,193.955637563321,1596.32547052864,76.4045786379238,0.490813374001488,DRIVE
-0.00359538289346378,0.16199181031453,-0.934699735173299,199.814117745846,-28.4874802234418,-62.9266357416807,43.0834306307037,31.12855926871,0.387347141258873,0.948640009866843,211.416602152711,1.25402289704417,214.78221203338,1341.12512388721,80.3632596958975,0.348580613661594,DRIVE
0.138813005710125,0.203528036244172,-0.979570911833372,142.004875249114,78.7933042177185,-12.4817042203775,46.9626347868748,32.946990167123,0.607764122350236,1.01007518700429,162.878980609247,1.33383953393796,165.890674238257,1547.27746654535,54.2100705610032,0.620072490491841,DRIVE
0.132425296826227,0.173421166469198,-0.840540235076327,145.896865123729,36.9286983397321,4.19065301302562,46.3356181067541,35.679172718788,0.550754999647264,0.868400395555655,150.556253894264,1.3110780742797,154.171980960834,1653.21652146268,64.7821771195212,0.415334945616151,DRIVE
0.181320090714174,0.119476005457243,-1.01536375183468,145.792834767319,25.2061240994288,-33.7872919848883,43.0306932575169,30.4378828520219,0.501244057557672,1.03832318654474,151.764556011207,1.13123064910874,160.486574739368,1309.76320041359,60.7245545728294,0.540398757021406,DRIVE
0.244634993494145,0.244761983473599,-1.113802365061,149.856653817521,58.8940139087058,-13.6762823882744,41.5307751311767,31.1288184119785,0.433633424923422,1.16632346157114,161.593818779144,1.33486320248434,166.355680517623,1292.80395756711,71.78585606407,0.589876065087612,DRIVE
0.046925287165798,0.0317292144392009,-1.08580524144704,124.287219705052,-24.9115680877156,-62.2519089426508,43.6061841520973,33.259191695638,0.570079634801075,1.08728181626402,141.220392909823,1.48943054372009,147.602509093262,1450.30643782989,58.3412059019397,0.673937739156014,DRIVE
0.160537719249527,0.279905422239574,-1.19403877426144,134.664387799642,55.8501915057923,-37.9325710070729,38.5823207684265,33.1984921979949,0.505274255484245,1.2368702434535,150.640702255044,1.51584846840431,152.703402849511,1280.87487501114,65.7037759867701,0.772992808769889,DRIVE
0.338961175846938,0.0273140467250191,-1.04541989448288,148.566525448855,23.0912636707895,-42.7492520165878,46.6897491897602,32.2919899313232,0.430084112616436,1.09933775140338,156.309684568286,1.56582215858371,162.141394242757,1507.70491073174,75.0827893922529,0.519775355169231,DRIVE
0.188637985382077,0.12721152805493,-1.31789266014939,202.600397100174,-38.6850851245145,-12.9200286986834,44.9918714176202,35.2988751324763,0.412442930676676,1.33738854716,206.664907175393,1.76258045418217,216.374862933583,1588.162451147,85.5846637737235,0.737698777350379,DRIVE
-0.0274094133819498,0.111578042894033,-1.22092221931225,160.713207685266,11.4289907001196,-8.1892710152987,44.1837608264576,31.2546612973236,0.372027879836071,1.22631643600188,161.327062555149,1.6326174268929,171.317503019969,1380.94847947289,84.0113845760993,0.559474871596775,DRIVE
0.0919354638432981,0.170284442764607,-0.997437046987098,211.934919629086,71.757037342052,-69.4915311629673,46.6322113994354,27.0800797494912,0.479155685404374,1.0160362117868,234.295871644529,1.27345961538582,238.019012565138,1262.80400359184,56.5161262993493,0.494646589222815,DRIVE
0.0986652157949483,0.138148561550431,-0.855058613777608,191.059839151529,29.9926840305552,-37.2485767348998,49.1270686691253,32.3653409930296,0.368446749368588,0.871748291000103,196.954004023124,0.952857390668437,201.79093607733,1590.01432946422,87.8424174078804,0.279999295478999,DRIVE
0.132449660267087,0.110118991771912,-1.07397725756756,199.944322547326,18.6260792353485,-62.8592684426679,38.0117795460483,34.1747754505562,0.403149022975845,1.08770228216459,210.418512911145,1.35779601764597,217.353163050894,1299.04403046225,84.769374929699,0.476964099138879,DRIVE
0.0815516688495394,0.122403718396953,-1.20037006017211,123.245575767742,15.6641435556067,-23.5459543423562,46.6038127171476,29.6073402901623,0.359326629575982,1.20934760359755,126.448603414768,1.32618663640675,132.873794234476,1379.81494193558,82.3965035060061,0.525522966670118,DRIVE
0.0963034855714207,0.158429159136206,-1.08812165126833,131.301589799553,-5.04358969314348,-28.3989569976353,43.133400847491,29.814259894437,0.391359563895802,1.10380382666339,134.432310251057,1.20925781614056,137.248984373638,1285.99042299803,76.181053087339,0.476825795610585,DRIVE
0.247045496634505,0.0580273821523325,-1.2162717729535,139.459270669634,-30.8925898308319,-51.3879828768534,47.9957159001981,28.5440137870326,0.458431256821561,1.24246355285388,151.802388210179,1.66204247934583,160.683228620639,1369.99037637376,62.2644095442503,0.70768751943562,DRIVE
0.235245485279104,0.199264363435886,-1.28817619840356,124.443868369653,62.6270652133411,-90.2083643877823,40.8613513172705,32.8529515571195,0.54094816542053,1.32455450737717,165.969800498641,1.49468028967489,171.883595442044,1342.41599538473,60.7320496216681,0.94906361096985,DRIVE
0.134567075264922,0.129738467175464,-1.06016664990338,109.613892817941,41.7550979036981,-35.8761748493451,40.882559993365,29.1020997249888,0.379200347711869,1.07651924886541,122.661296346775,1.14194662535015,126.745626706788,1189.76833793974,76.74577081699,0.439452891414093,DRIVE
0.218321431353305,0.117441145669422,-1.25907671190551,128.882298167533,-10.4078076780834,-37.4848966459566,40.3451313931855,29.0757986603275,0.540308258155198,1.28325010677853,134.625728292058,1.37719745730928,140.035173451544,1173.06691731272,53.8132527278956,0.889742269945216,DRIVE
0.0844408340960981,0.142304509076964,-1.03607103534072,128.731245561908,67.3058331461109,-53.7053202638534,47.1085918681428,29.9946006776628,0.41096025302125,1.04920160981504,154.874369035214,1.34318174184724,157.355899601316,1413.00340157194,72.9864444814505,0.452394916984957,DRIVE
0.166911139587272,0.167051719460922,-1.1623779423483,180.577954297482,46.7752258721658,-63.9529600757194,47.5984150505804,35.3860046650892,0.429767893092109,1.18612313287915,197.196096401785,1.59202719314122,206.902128505701,1684.31773703069,82.3372869322703,0.604635328687476,DRIVE
0.231210304222469,0.218112184689044,-0.877555428306156,200.472649162974,-33.1159895194452,-35.6128190256745,43.1174037991054,33.0813923573558,0.482644232811364,0.93334594853038,206.286753581582,1.04146365857098,208.486523501249,1426.38375250875,68.5418400688632,0.420448119476407,DRIVE
0.187895396572979,0.0938999486345444,-0.813060243040388,174.042438893719,19.9108800032135,-85.7921516301065,39.1040722857317,30.0570891738051,0.344139815253055,0.839755225777001,195.057701616469,0.853295189010099,203.931719952434,1175.35458775116,87.3395070901526,0.242683556847612,DRIVE
0.0299517534502366,0.137921790089066,-1.06831285682722,159.420448846979,-59.5247529804471,18.9173520018583,42.6057813652263,28.5280070904,0.400990776810598,1.0775954193381,171.218988242302,1.12307412348781,179.25120548566,1215.45803287921,71.1436212415767,0.46563525692198,DRIVE
0.137120556416328,0.157698205594889,-1.22528243425936,113.067726636546,-6.00013390555192,-22.1579670746916,41.7760676028977,29.5197533716228,0.513340090788771,1.24297538782726,115.374554900656,1.33246201479787,125.207490129418,1233.21921247378,57.5051440481111,0.793104185088394,DRIVE
0.115875612420541,0.0618949850640522,-1.09937951408432,161.528544899217,-17.7093468678456,9.0058714096162,42.637434795351,30.4402413447382,0.599764062046377,1.10720073280241,162.745806408615,1.15278342868994,170.380903174013,1297.89380549102,50.75360882289,0.735246842835956,DRIVE
0.125615884874638,0.249260542779955,-1.06279017486973,187.313335963589,18.8689624983349,-37.2523285792018,42.2964887190898,33.6589634288235,0.369837891244945,1.09883261897316,191.911593084276,1.41728144004182,193.988101216124,1423.65596696349,91.009799741507,0.446554520591558,DRIVE
0.171638781434053,0.142424403324171,-0.960075937504336,177.346084892892,-26.8530608037924,35.0810570068718,41.0729026090014,34.4256141515733,0.536959090138151,0.985642119498372,182.765974027138,1.05439183518083,191.600586672627,1413.95989730263,64.1120537332973,0.521650594673054,DRIVE
0.198092796748047,0.144665572501752,-0.86254456677861,126.553076847408,81.9463754362854,-28.3565732771786,48.9369470549524,28.2085745542156,0.441487823889004,0.896745233424758,153.411163070731,1.14929565000652,163.354485138427,1380.44151945533,63.8941985115971,0.35502332259114,DRIVE
0.162711551496298,0.24435630825345,-0.922169616971253,153.116464789338,1.25785202410205,17.3318031954741,41.0683838504988,31.560552531917,0.459892973325229,0.967771593320705,154.099400982955,1.08777005698819,159.109412919747,1296.1408859146,68.6257145396379,0.43072741490392,DRIVE
0.258799056400684,0.119225511264928,-1.21674685396519,170.880148220328,-1.6600093190935,-43.6164641754987,38.3996090091407,33.8883393739582,0.374004966537649,1.24966578762662,176.366597273728,1.52703520237912,184.124563745363,1301.29898192906,90.6090875706575,0.584070309271845,DRIVE
0.168248857605487,0.250892910968066,-0.780873055291901,144.866784294732,-5.90755458063145,0.172108340013743,39.5929241610506,31.7303034638741,0.372281902096306,0.837267973435321,144.98728914736,1.26225405979429,150.048797360893,1256.29549865229,85.2316968767634,0.260976187622378,DRIVE
0.105220347778689,0.189850888650889,-1.04437251565991,180.761958214512,-86.935429568963,33.3650057361152,38.3267433872755,31.6679114632781,0.31766715134705,1.06669050477353,203.336858586081,1.19268182807669,207.726615598162,1213.72791626402,99.6886572638539,0.36145078055796,DRIVE
0.180701404651261,0.118072652501487,-1.2664726301399,140.021870822291,56.7016871392213,-51.9761650723792,38.3176417125393,30.2705524714776,0.580619405532938,1.28473618762965,159.758340529187,1.53661488449109,162.971758169386,1159.8961840427,52.1348409098592,0.958339659635646,DRIVE
0.0494169323308384,0.256447544980401,-1.05722405119745,138.81956288484,-38.9961407676119,16.4988910169017,41.000182384743,34.8268902441418,0.597372715199542,1.08900416480279,145.133674380183,1.18612415552408,151.443180275808,1427.90885190324,58.3000044327503,0.70844226652486,DRIVE
0.139301515009052,0.171937921005746,-1.18577063668943,187.906418509761,-65.2708757781636,-51.1833257745346,45.8790509039285,28.8489767886515,0.415001203651029,1.20624191752668,205.399226335827,1.24502037802324,211.952068779932,1323.5636746128,69.5152375935583,0.603834870229148,DRIVE
0.149924537102733,0.1166469861734,-0.937762065902262,141.027769500824,-10.4401663228401,12.981952325271,42.0482488392416,31.2516105858624,0.378079468193262,0.956808015462916,142.008309367451,1.25717257518245,145.273031410747,1314.07549854142,82.6586222113109,0.346124788322649,DRIVE
0.209760379415637,0.159284259263741,-1.12721079277221,154.154299405983,-16.840007100922,-38.6005000100582,49.5264347762504,30.1521928115851,0.474868206605826,1.15757291924265,159.803418191023,1.22905572027887,166.785812200403,1493.3306106439,63.4957845068558,0.636311555236164,DRIVE
0.20324137952126,0.040115637492466,-0.876855366006252,165.2067465737,23.2660945391177,31.3701235777194,40.8825136021945,31.0035960097404,0.57219671064563,0.900994814421864,169.760610631121,1.16956583437348,178.945836732711,1267.50493558516,54.1833625562011,0.464504515072525,DRIVE
0.239318094854346,0.222266356296652,-0.916738820585568,127.416258782659,15.962654206212,-43.1169295791286,43.4081070928131,34.2824413711594,0.511770906229302,0.973183204147463,135.45766478058,1.37564572892666,143.892027361767,1488.13588644237,66.9877360477833,0.484690829603822,DRIVE
0.182707965126201,0.191433449396814,-1.24445495417432,138.855618257472,15.1027386148872,-44.9957536515897,44.3895135592923,34.5656311513647,0.453364656482257,1.27228027534719,146.743290415641,1.53249935509476,153.341435660186,1534.351552679,76.2422796194258,0.733860054253972,DRIVE
0.180433889076025,0.152172102793448,-1.01708830085987,144.864061099846,-22.8573925624441,-9.88317380284954,42.8498051648126,32.2800005173412,0.469950668848038,1.04411749767049,146.988889775761,1.09424270774011,151.069268228375,1383.19173288812,68.6879154966447,0.512331454100805,DRIVE
0.133039503471009,0.100833919366309,-0.879271278400543,113.950713200056,-36.6854867857703,-56.4682734755348,39.667475613835,31.0643497986122,0.443456303213919,0.894977636479655,132.360325962194,1.20588869664444,140.352825141158,1232.24433809609,70.0503736740288,0.355201833636848,DRIVE
0.162203444659545,0.232310466869945,-0.827376186376881,133.303410191688,-68.0916031330376,13.1847429816332,48.4092318994467,29.9536241523035,0.472416106660859,0.874545289999497,150.266772885599,1.08585883860186,153.344567494655,1450.03193781773,63.4050370530014,0.361317757765364,DRIVE
0.103112669069514,0.241242072887351,-0.971800892623733,139.134310480684,72.3758512836637,-0.0140634635241934,43.1802352335249,29.5460016909451,0.511784530191512,1.00659174204735,156.833097271435,1.02639653197863,158.634724755674,1275.80330322513,57.7312173712469,0.518553870987177,DRIVE
0.29785714102737,0.0909261500177288,-1.08521837686166,130.927541786689,-40.0193604842107,-64.6638435079429,41.2709411237031,35.1083228873169,0.586789957742546,1.12901964849878,151.409983386467,1.18089925763684,153.351825152389,1448.95352683442,59.8310563993398,0.747972572458764,DRIVE
0.0653339218750543,0.151125962542483,-0.918915222713487,180.756616532129,-22.2709643044851,-77.130453556679,38.6113118824107,30.4451815314412,0.37856748727285,0.933548479960492,197.782853496084,1.42391087225642,201.058445790009,1175.52839942709,80.4218590690517,0.329926397358958,DRIVE
0.138342971399766,0.279145547603548,-1.08809567258506,173.515181586806,-11.2620267859919,6.23524043889664,37.5437552292415,33.9522296090185,0.40062415998476,1.13181853986446,173.992039219504,1.26501056400182,179.606940699425,1274.694197928,84.7481211871716,0.513204840056243,DRIVE
0.0932096937071287,0.200843017839382,-1.32537585305548,172.919200856158,28.4934776977459,-21.7510113366605,42.0271398730167,30.4178294503784,0.474253657508972,1.3437436945632,176.595681686194,1.56220511625449,182.083277761784,1278.37437294462,64.1381775988209,0.856334749255242,DRIVE
0.100516246254176,0.147008057839825,-1.17533059166762,155.361972792302,47.0648441457495,17.7147121720124,37.2072482883848,35.0948446767316,0.433435336267033,1.18874592934766,163.29805011609,1.39253560889886,167.210777518562,1305.78259952945,80.9688568775421,0.612494792035488,DRIVE
0.181003380294756,0.125041950104408,-0.93052803347412,180.255660017507,8.8148123343781,-69.6375398229769,41.2818834723781,34.0569642688318,0.484882097579629,0.956179969485481,193.440406423876,1.03510514987388,194.71253593605,1405.93563036886,70.2374746383872,0.443318069171248,DRIVE
0.311680148567314,0.186440487613376,-0.98190391438127,168.224301558107,-22.6652231414593,10.2305088267995,40.5904712685957,29.5674633415839,0.341858236888852,1.04691922683162,170.052319259751,1.31235626291084,171.160301716079,1200.15727125182,86.4901694939344,0.374690256666763,DRIVE
0.121295454313865,0.26035492463098,-1.27674374562626,158.37270949126,28.1115370233345,37.0033501749529,46.7227149944213,32.0651286783634,0.40132745204731,1.30865269113412,165.04975476985,1.35603134830444,169.711506834644,1498.16986849862,79.897471795953,0.687302103434734,DRIVE
0.212875235277153,0.191637893753324,-1.20532308548983,102.39376039933,73.2993605116831,-34.5705145334783,43.4525320098663,34.8651481878911,0.382727633920446,1.23888848914309,130.584834093575,1.63006684634541,135.751503424351,1514.97896766307,91.0962627247226,0.587427476076929,DRIVE
0.175248608840995,0.0938370138312815,-1.0729528828122,155.804160594487,61.889458982692,39.101922344668,40.0267431474593,36.5167547764435,0.354598697730705,1.09121278804846,172.145873963832,1.36266798795137,173.484785850515,1461.64676401546,102.980219696001,0.422236750013546,DRIVE
0.044543589688862,0.116269597866043,-1.21479644380598,114.22110309894,39.0546315291296,-86.8729067334939,36.9618397751237,35.0837990230877,0.524037027499125,1.22116057529465,148.723322183648,1.51464374007007,153.262711250808,1296.76175819401,66.9489563391395,0.781461387576854,DRIVE
0.0334298885814215,0.253554067139501,-1.01915712643328,115.232645719187,-12.6608001266619,-6.86018893901328,40.4192470163835,30.6666958451229,0.550364525083799,1.05075614239141,116.128896884324,1.37495984741249,125.588116426796,1239.52475454033,55.7205973983447,0.607651126867637,DRIVE
0.0834267135443719,0.075512349801507,-1.07337629166813,127.58297017363,63.0676019608481,-19.7890793819414,45.4540023555026,28.475407783006,0.451516701853947,1.07925844681456,143.689054413348,1.51593885725559,146.167602060923,1294.32125244265,63.0659831631959,0.525926110251144,DRIVE
-0.041262453111045,0.0544511678025898,-1.14230550598703,126.35088651788,63.9437294650313,-56.5640731438167,47.1220457775039,30.8246335314272,0.518807643405065,1.14434670826638,152.488823958907,1.61670424664529,160.087512068523,1452.5197923427,59.4142636659208,0.679393856131546,DRIVE
0.0371242266482854,0.103991906011052,-1.15536393469573,200.742257693177,61.8971700397471,-85.4863944069164,38.849275323094,31.055371380833,0.512669994880513,1.16062842732532,226.79646670832,1.22624529657475,227.757281341677,1206.47867303491,60.575635623917,0.690596395509394,DRIVE
0.288020371407183,-0.0173457804537178,-1.2296336441377,146.688667273627,40.7491990741381,-36.3139834607307,40.5519030162264,31.4892824974593,0.384200588755909,1.26303424705764,156.514432965406,1.53428016612859,159.16738748258,1276.95032988753,81.9603130726902,0.612898105866289,DRIVE
0.161708257639036,0.103236907098385,-1.18740411466683,146.421549119696,12.3728172378195,-13.5779870396635,41.1471190873414,35.7621007545787,0.559383386725345,1.20280337175435,147.569368044528,1.51855082777603,152.053265244671,1471.50741856215,63.9311743467336,0.809280056025658,DRIVE
0.127709320138101,0.11804307109028,-0.916675047422535,184.502517879079,1.78253909847381,31.1182938160513,50.1580025377239,35.5769380711629,0.468900834265777,0.933025712212513,187.116821155607,1.32450686234956,193.535576179179,1784.46815005783,75.8728916615788,0.408195516016939,DRIVE
0.256132002559781,0.0548393562657971,-0.95770487856382,199.160872530128,47.451555643458,6.68287643838639,37.2868408507087,30.4755521514515,0.42651020505391,0.992879444925653,204.844731729759,1.41450433790851,205.232440790252,1136.33706290865,71.4531102356372,0.420457851294513,DRIVE
0.184658861077119,0.176140466880131,-1.13298731373856,114.666228744273,45.1302386961847,-33.8700609281994,42.8480526792384,34.0110863824351,0.427553298597363,1.16137186643192,127.797744449926,1.50148500590851,129.091151253109,1457.30882099271,79.5479930713176,0.576677310017632,DRIVE
0.158788146093727,0.190714432310073,-0.835601936595186,125.43912256662,9.00006921792621,12.4693087314418,45.321869029019,32.0399593426487,0.386744148301461,0.871674403933522,126.37823537481,1.06214878497192,129.721310860016,1452.11084102262,82.8451487584639,0.293854494842642,DRIVE
0.134685847147937,0.117380180322144,-1.14271140457572,144.84016421277,91.349830746781,0.978084111751151,46.6823008417744,31.352468761683,0.43966737529561,1.15659316023476,171.243748484951,1.32386285667043,178.60251338645,1463.60537886522,71.3093561496281,0.588146450211793,DRIVE
0.200939180720593,0.112880556566432,-1.1429072788113,147.15922523857,5.52877130231081,-33.2831838376808,39.7521887797276,33.7395575419961,0.511959885926374,1.16591407160187,150.97739967062,1.55489200011436,152.06819748675,1341.22126075391,65.9026079325291,0.695935549356419,DRIVE
-0.0503648212052914,0.1731496690874,-0.913342502295584,124.702256015945,23.4657967853007,24.0022055635448,39.8473012376576,29.4630400080205,0.526292091039415,0.930973656780726,129.141016513538,1.00473800022117,131.634498410331,1174.02263057675,55.9821903605685,0.456143644294188,DRIVE
0.194766057561085,0.0826604371714057,-0.987667111886162,129.765966302509,24.3481897679001,-19.9110826233417,39.8701134898778,35.0100436990209,0.467251749668365,1.01007568476467,133.523374607711,1.13398071548895,136.471364372158,1395.85441556554,74.9274214520288,0.476714947467404,DRIVE
0.221977554910136,0.0131218661653339,-0.824251020315092,148.342063609907,65.1193510096656,-2.21932410532778,41.9416772396035,30.7612273564323,0.523240555413815,0.853718901481052,162.021057617367,1.28422404836839,162.189751462626,1290.17746927755,58.789725391945,0.381356533952787,DRIVE
0.136580011377911,0.174299268562803,-1.14532472680687,122.617938575396,-59.090388529492,-68.8431148860445,39.9613639513286,28.3698890504632,0.373097428990633,1.16653463916197,152.532643536586,1.54979752763968,156.329862425784,1133.69946160437,76.038618353913,0.507712124677062,DRIVE
0.199041808256459,0.104220976865269,-1.03768312506465,133.744903685153,-42.3367672817285,-55.4216591915768,37.9941074919524,27.7543684074982,0.327255326474601,1.061727800096,150.836538786746,1.29847093820771,150.960882871657,1054.50245664573,84.8092646717779,0.368903777163091,DRIVE
0.0270300912114166,0.12129717361302,-0.873332178346244,170.652370913489,21.3762278375971,-32.745687096368,39.9433527946235,27.8050901914921,0.431131844155445,0.882129652541167,175.075568936311,1.3370126774069,180.564801578605,1110.62852700509,64.4930920212309,0.335486418886313,DRIVE
0.144093637850088,0.210287175893674,-1.17083107865232,216.9599859883,-33.5137328027747,-29.6925290475288,41.2412949123929,37.9489216887202,0.520363698856776,1.19826085955954,221.532056568925,1.63350343851635,230.498581213598,1565.06267097181,72.9275482600813,0.747153334924894,DRIVE
0.202035487629266,0.166636600197666,-0.986869006188388,134.070050714749,59.9428585732313,26.064671632725,43.5989085775126,32.0219355744596,0.539019890365608,1.02102719364486,149.155261053398,1.33499442586314,152.931052807218,1396.12144158586,59.4075965269913,0.561926365394603,DRIVE
0.105541215961626,0.210625989704498,-1.21012444912083,175.963567491498,31.0672594784831,1.88472992599731,43.6844211976009,32.1052772501733,0.515368457398644,1.23284363897684,178.695002455951,1.35683232926083,180.308920796894,1402.50045406233,62.2956537087519,0.783310290322331,DRIVE
0.210713545718365,0.0685511535035376,-1.26245787229328,184.673715416839,-20.9052150626378,-86.6620761635026,47.4441641600386,33.9925892660563,0.472964989195887,1.28175634904265,205.065171659265,1.38497403104974,213.927016476533,1612.74998536354,71.8711071040199,0.777033867794259,DRIVE
0.14934350623585,0.0916858702102737,-0.783880866796448,109.317862977225,29.1285704265025,25.7772546047558,44.3585183041039,29.4469862356542,0.391582205932708,0.803230349887617,116.031614812332,1.27557660686298,123.907436764231,1306.22467793496,75.1998190665881,0.252640614075945,DRIVE
0.285449808226457,0.0254534343873149,-1.05818255155789,178.956271714415,45.1574878480389,5.00044344712011,41.439958048886,29.9817266670205,0.479323973261914,1.09630277877975,184.633556888603,1.49140357283458,189.481350793902,1242.4414953145,62.5498948301987,0.576089792855785,DRIVE
0.220898053261122,0.248007789751591,-0.867717311163806,110.435034603024,-43.1061222343553,-9.16289013940633,37.3502617566075,35.2485960850427,0.362912243342957,0.929105562250796,118.9032934681,0.96297392496696,122.704387527911,1316.54429032927,97.1267836917497,0.313279329121197,DRIVE
0.0930520667145183,0.229978571225644,-1.35786820798113,160.03338557917,-10.0767215618094,5.54985328048896,47.2747599513827,33.6820632220908,0.492677529266289,1.38034593511508,160.446332737151,1.40849098645242,164.876439553375,1592.31145349164,68.3651939780105,0.93872554479747,DRIVE
0.251299873576038,0.23340736918748,-1.16320221576985,165.305434451083,67.2869816223523,-55.2290187373184,47.215431434326,31.3803379880148,0.330202104494051,1.21271184591487,186.825236693535,1.47508201590207,187.472006995852,1481.63619665909,95.0334432382062,0.485618336023898,DRIVE
0.139187886530326,0.0479568043958124,-0.881403312181974,130.532313571369,21.1964172241568,-38.9081938055067,46.5009128526199,30.8543889102174,0.508623622021973,0.893613407223723,137.847091135945,1.22032550222439,138.719973827121,1434.75724983486,60.6623973246903,0.406158810356181,DRIVE
0.134543628878906,0.0734962347910807,-1.13600964425796,184.124908311577,-19.707555092454,-3.63821589139488,40.8994495858448,33.9738084102617,0.476082800703547,1.1463078105149,185.212327352532,1.50224360209002,189.81005233936,1389.51006431465,71.3609838437181,0.625583081821659,DRIVE
